-- Cleanup existing tables
DROP TABLE IF EXISTS PROTEIN_GO_ANNOTATIONS;
DROP TABLE IF EXISTS GO_TERMS;
DROP TABLE IF EXISTS PROTEINS;
DROP TABLE IF EXISTS ORGANISMS;

-- Create Schema
CREATE TABLE ORGANISMS (
    taxon_id VARCHAR(20) PRIMARY KEY,
    organism_name VARCHAR(100) NOT NULL
);

CREATE TABLE PROTEINS (
    protein_id VARCHAR(15) PRIMARY KEY,
    taxon_id VARCHAR(20) NOT NULL,
    symbol VARCHAR(20),
    name VARCHAR(150),
    type VARCHAR(20),
    FOREIGN KEY (taxon_id) REFERENCES ORGANISMS(taxon_id)
);

CREATE TABLE GO_TERMS (
    go_id CHAR(10) PRIMARY KEY,
    aspect CHAR(1) NOT NULL
);

CREATE TABLE PROTEIN_GO_ANNOTATIONS (
    annotation_id INT AUTO_INCREMENT PRIMARY KEY,
    protein_id VARCHAR(15) NOT NULL,
    go_id CHAR(10) NOT NULL,
    evidence_code CHAR(3),
    reference VARCHAR(30),
    assigned_by VARCHAR(30),
    date DATE,
    FOREIGN KEY (protein_id) REFERENCES PROTEINS(protein_id),
    FOREIGN KEY (go_id) REFERENCES GO_TERMS(go_id)
);

-- Insert Organism Data
INSERT INTO organisms (taxon_id, organism_name) VALUES ('taxon:420246', 'Geobacillus thermodenitrificans NG80');
INSERT INTO organisms (taxon_id, organism_name) VALUES ('taxon:592022', 'Bacillus megaterium DSM');
INSERT INTO organisms (taxon_id, organism_name) VALUES ('taxon:224308', 'Bacillus subtilis');
INSERT INTO organisms (taxon_id, organism_name) VALUES ('taxon:2243080', 'Unknown Organism');
INSERT INTO organisms (taxon_id, organism_name) VALUES ('taxon:2243081', 'Unknown Organism');
INSERT INTO organisms (taxon_id, organism_name) VALUES ('taxon:2243084', 'Unknown Organism');
INSERT INTO organisms (taxon_id, organism_name) VALUES ('taxon:2243083', 'Unknown Organism');
INSERT INTO organisms (taxon_id, organism_name) VALUES ('taxon:2243085', 'Unknown Organism');
INSERT INTO organisms (taxon_id, organism_name) VALUES ('taxon:2243086', 'Unknown Organism');
INSERT INTO organisms (taxon_id, organism_name) VALUES ('taxon:2243089', 'Unknown Organism');
INSERT INTO organisms (taxon_id, organism_name) VALUES ('taxon:2243087', 'Unknown Organism');
INSERT INTO organisms (taxon_id, organism_name) VALUES ('taxon:2243082', 'Unknown Organism');
INSERT INTO organisms (taxon_id, organism_name) VALUES ('taxon:2243088', 'Unknown Organism');
INSERT INTO organisms (taxon_id, organism_name) VALUES ('taxon:326423', 'Bacillus amyloliquefaciens FZB42');
INSERT INTO organisms (taxon_id, organism_name) VALUES ('taxon:2359098', 'Unknown Organism');
INSERT INTO organisms (taxon_id, organism_name) VALUES ('taxon:2359097', 'Unknown Organism');
INSERT INTO organisms (taxon_id, organism_name) VALUES ('taxon:2359090', 'Unknown Organism');
INSERT INTO organisms (taxon_id, organism_name) VALUES ('taxon:2359092', 'Unknown Organism');
INSERT INTO organisms (taxon_id, organism_name) VALUES ('taxon:2359091', 'Unknown Organism');
INSERT INTO organisms (taxon_id, organism_name) VALUES ('taxon:2359094', 'Unknown Organism');
INSERT INTO organisms (taxon_id, organism_name) VALUES ('taxon:2359096', 'Unknown Organism');
INSERT INTO organisms (taxon_id, organism_name) VALUES ('taxon:2359099', 'Unknown Organism');
INSERT INTO organisms (taxon_id, organism_name) VALUES ('taxon:2359093', 'Unknown Organism');
INSERT INTO organisms (taxon_id, organism_name) VALUES ('taxon:2359095', 'Unknown Organism');
INSERT INTO organisms (taxon_id, organism_name) VALUES ('taxon:235909', 'Geobacillus kaustophilus HTA426');
INSERT INTO organisms (taxon_id, organism_name) VALUES ('taxon:83333', 'Escherichia coli K-12');
INSERT INTO organisms (taxon_id, organism_name) VALUES ('taxon:279010', 'Bacillus licheniformis ATCC');

-- Insert Protein Data
INSERT INTO proteins (protein_id, taxon_id, symbol, name, type) VALUES ('A4IJ84', 'taxon:420246', 'dnaA', 'Chromosomal replication initiator protein DnaA', 'protein');
INSERT INTO proteins (protein_id, taxon_id, symbol, name, type) VALUES ('A4IJ85', 'taxon:420246', 'GTNG_0002', 'Beta sliding clamp', 'protein');
INSERT INTO proteins (protein_id, taxon_id, symbol, name, type) VALUES ('A4IJ86', 'taxon:420246', 'GTNG_0003', 'S4 RNA-binding domain-containing protein', 'protein');
INSERT INTO proteins (protein_id, taxon_id, symbol, name, type) VALUES ('A4IJ87', 'taxon:420246', 'recF', 'DNA replication and repair protein RecF', 'protein');
INSERT INTO proteins (protein_id, taxon_id, symbol, name, type) VALUES ('A4IJ88', 'taxon:420246', 'gyrB', 'DNA gyrase subunit B', 'protein');
INSERT INTO proteins (protein_id, taxon_id, symbol, name, type) VALUES ('A4IJ89', 'taxon:420246', 'gyrA', 'DNA gyrase subunit A', 'protein');
INSERT INTO proteins (protein_id, taxon_id, symbol, name, type) VALUES ('A4IJ92', 'taxon:420246', 'guaB', 'Inosine-5''-monophosphate dehydrogenase', 'protein');
INSERT INTO proteins (protein_id, taxon_id, symbol, name, type) VALUES ('A4IJ93', 'taxon:420246', 'GTNG_0010', 'PBP5_C domain-containing protein', 'protein');
INSERT INTO proteins (protein_id, taxon_id, symbol, name, type) VALUES ('A4IJ94', 'taxon:420246', 'pdxS', 'Pyridoxal 5''-phosphate synthase subunit PdxS', 'protein');
INSERT INTO proteins (protein_id, taxon_id, symbol, name, type) VALUES ('A4IJ95', 'taxon:420246', 'pdxT', 'Pyridoxal 5''-phosphate synthase subunit PdxT', 'protein');
INSERT INTO proteins (protein_id, taxon_id, symbol, name, type) VALUES ('A4IJ96', 'taxon:420246', 'serS', 'Serine--tRNA ligase', 'protein');
INSERT INTO proteins (protein_id, taxon_id, symbol, name, type) VALUES ('A4IJ97', 'taxon:420246', 'GTNG_0014', 'Spore peptidoglycan hydrolase, N-acetylglucosaminidase', 'protein');
INSERT INTO proteins (protein_id, taxon_id, symbol, name, type) VALUES ('A4IJ98', 'taxon:420246', 'tadA', 'tRNA-specific adenosine deaminase', 'protein');
INSERT INTO proteins (protein_id, taxon_id, symbol, name, type) VALUES ('A4IJ99', 'taxon:420246', 'dnaZX', 'DNA polymerase III subunit gamma/tau', 'protein');
INSERT INTO proteins (protein_id, taxon_id, symbol, name, type) VALUES ('A4IJA0', 'taxon:420246', 'GTNG_0017', 'Nucleoid-associated protein GTNG_0017', 'protein');
INSERT INTO proteins (protein_id, taxon_id, symbol, name, type) VALUES ('A4IJA1', 'taxon:420246', 'recR', 'Recombination protein RecR', 'protein');
INSERT INTO proteins (protein_id, taxon_id, symbol, name, type) VALUES ('A4IJA3', 'taxon:420246', 'GTNG_0020', 'Inhibitor of the pro-sigma K processing machinery', 'protein');
INSERT INTO proteins (protein_id, taxon_id, symbol, name, type) VALUES ('A4IKW3', 'taxon:420246', 'GTNG_0585', 'Competence transcription factor CTF', 'protein');
INSERT INTO proteins (protein_id, taxon_id, symbol, name, type) VALUES ('A4IL75', 'taxon:420246', 'mecA', 'Adapter protein MecA', 'protein');
INSERT INTO proteins (protein_id, taxon_id, symbol, name, type) VALUES ('A4IQB7', 'taxon:420246', 'mecA', 'Adapter protein MecA', 'protein');
INSERT INTO proteins (protein_id, taxon_id, symbol, name, type) VALUES ('A4IQW2', 'taxon:420246', 'GTNG_2371', 'ComG operon protein 4', 'protein');
INSERT INTO proteins (protein_id, taxon_id, symbol, name, type) VALUES ('A4IQW3', 'taxon:420246', 'GTNG_2372', 'ComG operon protein 3', 'protein');
INSERT INTO proteins (protein_id, taxon_id, symbol, name, type) VALUES ('A4IR42', 'taxon:420246', 'comEC', 'Lactamase_B domain-containing protein', 'protein');
INSERT INTO proteins (protein_id, taxon_id, symbol, name, type) VALUES ('D5D917', 'taxon:592022', 'dnaA', 'Chromosomal replication initiator protein DnaA', 'protein');
INSERT INTO proteins (protein_id, taxon_id, symbol, name, type) VALUES ('D5D918', 'taxon:592022', 'dnaN', 'Beta sliding clamp', 'protein');
INSERT INTO proteins (protein_id, taxon_id, symbol, name, type) VALUES ('D5D919', 'taxon:592022', 'BMD_0003', 'S4 RNA-binding domain-containing protein', 'protein');
INSERT INTO proteins (protein_id, taxon_id, symbol, name, type) VALUES ('D5D920', 'taxon:592022', 'recF', 'DNA replication and repair protein RecF', 'protein');
INSERT INTO proteins (protein_id, taxon_id, symbol, name, type) VALUES ('D5D921', 'taxon:592022', 'gyrB', 'DNA gyrase subunit B', 'protein');
INSERT INTO proteins (protein_id, taxon_id, symbol, name, type) VALUES ('D5D922', 'taxon:592022', 'gyrA', 'DNA gyrase subunit A', 'protein');
INSERT INTO proteins (protein_id, taxon_id, symbol, name, type) VALUES ('D5D924', 'taxon:592022', 'guaB', 'Inosine-5''-monophosphate dehydrogenase', 'protein');
INSERT INTO proteins (protein_id, taxon_id, symbol, name, type) VALUES ('D5D925', 'taxon:592022', 'dacA', 'PBP5_C domain-containing protein', 'protein');
INSERT INTO proteins (protein_id, taxon_id, symbol, name, type) VALUES ('D5D926', 'taxon:592022', 'pdxS', 'Pyridoxal 5''-phosphate synthase subunit PdxS', 'protein');
INSERT INTO proteins (protein_id, taxon_id, symbol, name, type) VALUES ('D5D927', 'taxon:592022', 'pdxT', 'Pyridoxal 5''-phosphate synthase subunit PdxT', 'protein');
INSERT INTO proteins (protein_id, taxon_id, symbol, name, type) VALUES ('D5D928', 'taxon:592022', 'serS', 'Serine--tRNA ligase', 'protein');
INSERT INTO proteins (protein_id, taxon_id, symbol, name, type) VALUES ('D5D929', 'taxon:592022', 'dck', 'dNK domain-containing protein', 'protein');
INSERT INTO proteins (protein_id, taxon_id, symbol, name, type) VALUES ('D5D930', 'taxon:592022', 'dgk', 'dNK domain-containing protein', 'protein');
INSERT INTO proteins (protein_id, taxon_id, symbol, name, type) VALUES ('D5D931', 'taxon:592022', 'yaaH', 'Spore germination protein YaaH', 'protein');
INSERT INTO proteins (protein_id, taxon_id, symbol, name, type) VALUES ('D5D932', 'taxon:592022', 'BMD_0022', 'Isochorismatase domain-containing protein', 'protein');
INSERT INTO proteins (protein_id, taxon_id, symbol, name, type) VALUES ('D5D933', 'taxon:592022', 'tadA', 'tRNA-specific adenosine deaminase', 'protein');
INSERT INTO proteins (protein_id, taxon_id, symbol, name, type) VALUES ('D5D934', 'taxon:592022', 'dnaX', 'DNA polymerase III subunit gamma/tau', 'protein');
INSERT INTO proteins (protein_id, taxon_id, symbol, name, type) VALUES ('D5DAK3', 'taxon:592022', 'mecA', 'Adapter protein MecA', 'protein');
INSERT INTO proteins (protein_id, taxon_id, symbol, name, type) VALUES ('D5DCP9', 'taxon:592022', 'comK', 'Competence transcription factor K', 'protein');
INSERT INTO proteins (protein_id, taxon_id, symbol, name, type) VALUES ('D5DL43', 'taxon:592022', 'mecB', 'Adapter protein MecA', 'protein');
INSERT INTO proteins (protein_id, taxon_id, symbol, name, type) VALUES ('D5DMH5', 'taxon:592022', 'comGD', 'ComG operon protein', 'protein');
INSERT INTO proteins (protein_id, taxon_id, symbol, name, type) VALUES ('D5DMH6', 'taxon:592022', 'comGC', 'ComG operon protein 3', 'protein');
INSERT INTO proteins (protein_id, taxon_id, symbol, name, type) VALUES ('D5DMQ3', 'taxon:592022', 'comEC', 'Lactamase_B domain-containing protein', 'protein');
INSERT INTO proteins (protein_id, taxon_id, symbol, name, type) VALUES ('A0A2K4Z9G8', 'taxon:224308', 'cmpA', 'Cortex morphogenetic protein A', 'protein');
INSERT INTO proteins (protein_id, taxon_id, symbol, name, type) VALUES ('A0A2K4Z9H7', 'taxon:224308', 'BSU_02585', 'Uncharacterized protein', 'protein');
INSERT INTO proteins (protein_id, taxon_id, symbol, name, type) VALUES ('A0A2K4Z9H8', 'taxon:224308', 'BSU_17689', 'Uncharacterized protein', 'protein');
INSERT INTO proteins (protein_id, taxon_id, symbol, name, type) VALUES ('A0A2K4Z9H9', 'taxon:224308', 'BSU_17099', 'Uncharacterized protein', 'protein');
INSERT INTO proteins (protein_id, taxon_id, symbol, name, type) VALUES ('A0A2K4Z9I1', 'taxon:224308', 'BSU_12875', 'Uncharacterized protein', 'protein');
INSERT INTO proteins (protein_id, taxon_id, symbol, name, type) VALUES ('A0A2K4Z9I3', 'taxon:224308', 'BSU_11525', 'Uncharacterized protein', 'protein');
INSERT INTO proteins (protein_id, taxon_id, symbol, name, type) VALUES ('A0A2K4Z9J4', 'taxon:224308', 'BSU_18689', 'Uncharacterized protein', 'protein');
INSERT INTO proteins (protein_id, taxon_id, symbol, name, type) VALUES ('A0A2K4Z9J5', 'taxon:224308', 'bsrE', 'Type I toxin (BsrE/AsrE)', 'protein');
INSERT INTO proteins (protein_id, taxon_id, symbol, name, type) VALUES ('A0A2K4Z9J8', 'taxon:224308', 'BSU_22205', 'Uncharacterized protein', 'protein');
INSERT INTO proteins (protein_id, taxon_id, symbol, name, type) VALUES ('A0A2K4Z9K4', 'taxon:224308', 'bsrH', 'Skin region type I toxin', 'protein');
INSERT INTO proteins (protein_id, taxon_id, symbol, name, type) VALUES ('A0A2K4Z9M4', 'taxon:224308', 'lysCB', 'Aspartokinase II beta subunit (Aa 246->408)', 'protein');
INSERT INTO proteins (protein_id, taxon_id, symbol, name, type) VALUES ('A0A2K4Z9N5', 'taxon:224308', 'BSU_34399', 'Uncharacterized protein', 'protein');
INSERT INTO proteins (protein_id, taxon_id, symbol, name, type) VALUES ('A0A2Z4M358', 'taxon:2243080', 'COI', 'Cytochrome c oxidase subunit 1', 'protein');
INSERT INTO proteins (protein_id, taxon_id, symbol, name, type) VALUES ('A0A2Z4M394', 'taxon:2243081', 'COI', 'Cytochrome c oxidase subunit 1', 'protein');
INSERT INTO proteins (protein_id, taxon_id, symbol, name, type) VALUES ('A0A2Z4M3E5', 'taxon:2243084', 'COI', 'Cytochrome c oxidase subunit 1', 'protein');
INSERT INTO proteins (protein_id, taxon_id, symbol, name, type) VALUES ('A0A2Z4M3J7', 'taxon:2243083', 'COI', 'Cytochrome c oxidase subunit 1', 'protein');
INSERT INTO proteins (protein_id, taxon_id, symbol, name, type) VALUES ('A0A2Z4M3L8', 'taxon:2243085', 'COI', 'Cytochrome c oxidase subunit 1', 'protein');
INSERT INTO proteins (protein_id, taxon_id, symbol, name, type) VALUES ('A0A2Z4M3R3', 'taxon:2243086', 'COI', 'Cytochrome c oxidase subunit 1', 'protein');
INSERT INTO proteins (protein_id, taxon_id, symbol, name, type) VALUES ('A0A2Z4M3Z8', 'taxon:2243089', 'COI', 'Cytochrome c oxidase subunit 1', 'protein');
INSERT INTO proteins (protein_id, taxon_id, symbol, name, type) VALUES ('A0A2Z4M403', 'taxon:2243087', 'COI', 'Cytochrome c oxidase subunit 1', 'protein');
INSERT INTO proteins (protein_id, taxon_id, symbol, name, type) VALUES ('A0A2Z4M4F9', 'taxon:2243082', 'COI', 'Cytochrome c oxidase subunit 1', 'protein');
INSERT INTO proteins (protein_id, taxon_id, symbol, name, type) VALUES ('A0A2Z4M4W1', 'taxon:2243088', 'COI', 'Cytochrome c oxidase subunit 1', 'protein');
INSERT INTO proteins (protein_id, taxon_id, symbol, name, type) VALUES ('C0SPB6', 'taxon:224308', 'ssbB', 'Single-stranded DNA-binding protein B', 'protein');
INSERT INTO proteins (protein_id, taxon_id, symbol, name, type) VALUES ('O31604', 'taxon:224308', 'coiA', 'Competence protein CoiA', 'protein');
INSERT INTO proteins (protein_id, taxon_id, symbol, name, type) VALUES ('O31982', 'taxon:224308', 'blyA', 'N-acetylmuramoyl-L-alanine amidase BlyA', 'protein');
INSERT INTO proteins (protein_id, taxon_id, symbol, name, type) VALUES ('O32049', 'taxon:224308', 'comN', 'Post-transcriptional regulator ComN', 'protein');
INSERT INTO proteins (protein_id, taxon_id, symbol, name, type) VALUES ('O32217', 'taxon:224308', 'bdbC', 'Disulfide bond formation protein C', 'protein');
INSERT INTO proteins (protein_id, taxon_id, symbol, name, type) VALUES ('O32218', 'taxon:224308', 'bdbD', 'Disulfide bond formation protein D', 'protein');
INSERT INTO proteins (protein_id, taxon_id, symbol, name, type) VALUES ('O32437', 'taxon:224308', 'comZ', 'ComG operon repressor', 'protein');
INSERT INTO proteins (protein_id, taxon_id, symbol, name, type) VALUES ('O34391', 'taxon:224308', 'xlyB', 'N-acetylmuramoyl-L-alanine amidase XlyB', 'protein');
INSERT INTO proteins (protein_id, taxon_id, symbol, name, type) VALUES ('O34412', 'taxon:224308', 'ylbF', 'Regulatory protein YlbF', 'protein');
INSERT INTO proteins (protein_id, taxon_id, symbol, name, type) VALUES ('P12667', 'taxon:224308', 'nucA', 'DNA-entry nuclease', 'protein');
INSERT INTO proteins (protein_id, taxon_id, symbol, name, type) VALUES ('P12669', 'taxon:224308', 'nin', 'DNA-entry nuclease inhibitor', 'protein');
INSERT INTO proteins (protein_id, taxon_id, symbol, name, type) VALUES ('P14204', 'taxon:224308', 'comA', 'Transcriptional regulatory protein ComA', 'protein');
INSERT INTO proteins (protein_id, taxon_id, symbol, name, type) VALUES ('P15378', 'taxon:224308', 'comC', 'Type 4 prepilin-like proteins leader peptide-processing enzyme', 'protein');
INSERT INTO proteins (protein_id, taxon_id, symbol, name, type) VALUES ('P16971', 'taxon:224308', 'recA', 'Protein RecA', 'protein');
INSERT INTO proteins (protein_id, taxon_id, symbol, name, type) VALUES ('P24136', 'taxon:224308', 'oppD', 'Oligopeptide transport ATP-binding protein OppD', 'protein');
INSERT INTO proteins (protein_id, taxon_id, symbol, name, type) VALUES ('P24137', 'taxon:224308', 'oppF', 'Oligopeptide transport ATP-binding protein OppF', 'protein');
INSERT INTO proteins (protein_id, taxon_id, symbol, name, type) VALUES ('P24138', 'taxon:224308', 'oppB', 'Oligopeptide transport system permease protein OppB', 'protein');
INSERT INTO proteins (protein_id, taxon_id, symbol, name, type) VALUES ('P24139', 'taxon:224308', 'oppC', 'Oligopeptide transport system permease protein OppC', 'protein');
INSERT INTO proteins (protein_id, taxon_id, symbol, name, type) VALUES ('P24141', 'taxon:224308', 'oppA', 'Oligopeptide-binding protein OppA', 'protein');
INSERT INTO proteins (protein_id, taxon_id, symbol, name, type) VALUES ('P24808', 'taxon:224308', 'cwlA', 'N-acetylmuramoyl-L-alanine amidase CwlA', 'protein');
INSERT INTO proteins (protein_id, taxon_id, symbol, name, type) VALUES ('P25953', 'taxon:224308', 'comGA', 'ComG operon protein 1', 'protein');
INSERT INTO proteins (protein_id, taxon_id, symbol, name, type) VALUES ('P25954', 'taxon:224308', 'comGB', 'ComG operon protein 2', 'protein');
INSERT INTO proteins (protein_id, taxon_id, symbol, name, type) VALUES ('P25955', 'taxon:224308', 'comGC', 'ComG operon protein 3', 'protein');
INSERT INTO proteins (protein_id, taxon_id, symbol, name, type) VALUES ('P25956', 'taxon:224308', 'comGD', 'ComG operon protein 4', 'protein');
INSERT INTO proteins (protein_id, taxon_id, symbol, name, type) VALUES ('P25957', 'taxon:224308', 'comGE', 'ComG operon protein 5', 'protein');
INSERT INTO proteins (protein_id, taxon_id, symbol, name, type) VALUES ('P25958', 'taxon:224308', 'comGF', 'ComG operon protein 6', 'protein');
INSERT INTO proteins (protein_id, taxon_id, symbol, name, type) VALUES ('P25959', 'taxon:224308', 'comGG', 'ComG operon protein 7', 'protein');
INSERT INTO proteins (protein_id, taxon_id, symbol, name, type) VALUES ('P33690', 'taxon:224308', 'comQ', 'Competence regulatory protein ComQ', 'protein');
INSERT INTO proteins (protein_id, taxon_id, symbol, name, type) VALUES ('P37571', 'taxon:224308', 'clpC', 'Negative regulator of genetic competence ClpC/MecB', 'protein');
INSERT INTO proteins (protein_id, taxon_id, symbol, name, type) VALUES ('P37958', 'taxon:224308', 'mecA', 'Adapter protein MecA 1', 'protein');
INSERT INTO proteins (protein_id, taxon_id, symbol, name, type) VALUES ('P39145', 'taxon:224308', 'comFA', 'ComF operon protein 1', 'protein');
INSERT INTO proteins (protein_id, taxon_id, symbol, name, type) VALUES ('P39146', 'taxon:224308', 'comFB', 'ComF operon protein 2', 'protein');
INSERT INTO proteins (protein_id, taxon_id, symbol, name, type) VALUES ('P39147', 'taxon:224308', 'comFC', 'ComF operon protein 3', 'protein');
INSERT INTO proteins (protein_id, taxon_id, symbol, name, type) VALUES ('P39694', 'taxon:224308', 'comEA', 'ComE operon protein 1', 'protein');
INSERT INTO proteins (protein_id, taxon_id, symbol, name, type) VALUES ('P39695', 'taxon:224308', 'comEC', 'ComE operon protein 3', 'protein');
INSERT INTO proteins (protein_id, taxon_id, symbol, name, type) VALUES ('P39800', 'taxon:224308', 'xlyA', 'N-acetylmuramoyl-L-alanine amidase XlyA', 'protein');
INSERT INTO proteins (protein_id, taxon_id, symbol, name, type) VALUES ('P39813', 'taxon:224308', 'dprA', 'DNA processing protein DprA', 'protein');
INSERT INTO proteins (protein_id, taxon_id, symbol, name, type) VALUES ('P40396', 'taxon:224308', 'comK', 'Competence transcription factor', 'protein');
INSERT INTO proteins (protein_id, taxon_id, symbol, name, type) VALUES ('P42061', 'taxon:224308', 'appA', 'Oligopeptide-binding protein AppA', 'protein');
INSERT INTO proteins (protein_id, taxon_id, symbol, name, type) VALUES ('P42062', 'taxon:224308', 'appB', 'Oligopeptide transport system permease protein AppB', 'protein');
INSERT INTO proteins (protein_id, taxon_id, symbol, name, type) VALUES ('P42063', 'taxon:224308', 'appC', 'Oligopeptide transport system permease protein AppC', 'protein');
INSERT INTO proteins (protein_id, taxon_id, symbol, name, type) VALUES ('P42064', 'taxon:224308', 'appD', 'Oligopeptide transport ATP-binding protein AppD', 'protein');
INSERT INTO proteins (protein_id, taxon_id, symbol, name, type) VALUES ('P42065', 'taxon:224308', 'appF', 'Oligopeptide transport ATP-binding protein AppF', 'protein');
INSERT INTO proteins (protein_id, taxon_id, symbol, name, type) VALUES ('P45453', 'taxon:224308', 'comX', 'Competence pheromone', 'protein');
INSERT INTO proteins (protein_id, taxon_id, symbol, name, type) VALUES ('P50734', 'taxon:224308', 'mecB', 'Adapter protein MecA 2', 'protein');
INSERT INTO proteins (protein_id, taxon_id, symbol, name, type) VALUES ('P50849', 'taxon:224308', 'pnp', 'Polyribonucleotide nucleotidyltransferase', 'protein');
INSERT INTO proteins (protein_id, taxon_id, symbol, name, type) VALUES ('P54450', 'taxon:224308', 'cwlH', 'N-acetylmuramoyl-L-alanine amidase CwlH', 'protein');
INSERT INTO proteins (protein_id, taxon_id, symbol, name, type) VALUES ('P55339', 'taxon:224308', 'ecsA', 'ABC-type transporter ATP-binding protein EcsA', 'protein');
INSERT INTO proteins (protein_id, taxon_id, symbol, name, type) VALUES ('P55340', 'taxon:224308', 'ecsB', 'Protein EcsB', 'protein');
INSERT INTO proteins (protein_id, taxon_id, symbol, name, type) VALUES ('P80355', 'taxon:224308', 'comS', 'Competence protein S', 'protein');
INSERT INTO proteins (protein_id, taxon_id, symbol, name, type) VALUES ('Q06320', 'taxon:224308', 'cwlC', 'Sporulation-specific N-acetylmuramoyl-L-alanine amidase', 'protein');
INSERT INTO proteins (protein_id, taxon_id, symbol, name, type) VALUES ('Q99027', 'taxon:224308', 'comP', 'Sensor histidine kinase ComP', 'protein');
INSERT INTO proteins (protein_id, taxon_id, symbol, name, type) VALUES ('A0A0B4ZZ86', 'taxon:326423', 'A0A0B4ZZ86', 'Endo-1,4-beta-xylanase', 'protein');
INSERT INTO proteins (protein_id, taxon_id, symbol, name, type) VALUES ('A0A4Y6A7V5', 'taxon:326423', 'RBAM_38255', 'Uncharacterized protein', 'protein');
INSERT INTO proteins (protein_id, taxon_id, symbol, name, type) VALUES ('A0A4Y6A7Y4', 'taxon:326423', 'RBAM_38400', 'Uncharacterized protein', 'protein');
INSERT INTO proteins (protein_id, taxon_id, symbol, name, type) VALUES ('A0A4Y6A802', 'taxon:326423', 'RBAM_38470', 'Uncharacterized protein', 'protein');
INSERT INTO proteins (protein_id, taxon_id, symbol, name, type) VALUES ('A0A4Y6A804', 'taxon:326423', 'RBAM_38550', 'Uncharacterized protein', 'protein');
INSERT INTO proteins (protein_id, taxon_id, symbol, name, type) VALUES ('A0A4Y6A817', 'taxon:326423', 'RBAM_38585', 'YjcZ family sporulation protein', 'protein');
INSERT INTO proteins (protein_id, taxon_id, symbol, name, type) VALUES ('A0A4Y6A818', 'taxon:326423', 'RBAM_38650', 'Uncharacterized protein', 'protein');
INSERT INTO proteins (protein_id, taxon_id, symbol, name, type) VALUES ('A0A4Y6A828', 'taxon:326423', 'RBAM_38695', 'Uncharacterized protein', 'protein');
INSERT INTO proteins (protein_id, taxon_id, symbol, name, type) VALUES ('A0A4Y6A831', 'taxon:326423', 'RBAM_38750', 'YqzM family protein', 'protein');
INSERT INTO proteins (protein_id, taxon_id, symbol, name, type) VALUES ('A0A4Y6A859', 'taxon:326423', 'RBAM_38910', 'Uncharacterized protein', 'protein');
INSERT INTO proteins (protein_id, taxon_id, symbol, name, type) VALUES ('A0A4Y6A897', 'taxon:326423', 'RBAM_38660', 'Putative holin-like toxin', 'protein');
INSERT INTO proteins (protein_id, taxon_id, symbol, name, type) VALUES ('A0A4Y6A8A0', 'taxon:326423', 'RBAM_38355', 'HTH cro/C1-type domain-containing protein', 'protein');
INSERT INTO proteins (protein_id, taxon_id, symbol, name, type) VALUES ('A0A4Y6A8A2', 'taxon:326423', 'RBAM_38835', 'SWIM-type domain-containing protein', 'protein');
INSERT INTO proteins (protein_id, taxon_id, symbol, name, type) VALUES ('A0A4Y6A8A6', 'taxon:326423', 'RBAM_38560', 'Uncharacterized protein', 'protein');
INSERT INTO proteins (protein_id, taxon_id, symbol, name, type) VALUES ('A0A4Y6A8D6', 'taxon:326423', 'RBAM_38855', 'Uncharacterized protein', 'protein');
INSERT INTO proteins (protein_id, taxon_id, symbol, name, type) VALUES ('A0A4Y6A8F1', 'taxon:326423', 'RBAM_38210', 'CidA/LrgA family holin-like protein', 'protein');
INSERT INTO proteins (protein_id, taxon_id, symbol, name, type) VALUES ('A0A4Y6A8J1', 'taxon:326423', 'RBAM_38515', 'YjcZ family sporulation protein', 'protein');
INSERT INTO proteins (protein_id, taxon_id, symbol, name, type) VALUES ('A0A4Y6A8R3', 'taxon:326423', 'RBAM_39080', 'Uncharacterized protein', 'protein');
INSERT INTO proteins (protein_id, taxon_id, symbol, name, type) VALUES ('A0A4Y6A8S7', 'taxon:326423', 'yhzE2', 'Sporulation protein YhzE2', 'protein');
INSERT INTO proteins (protein_id, taxon_id, symbol, name, type) VALUES ('A0A4Y6A967', 'taxon:326423', 'RBAM_38200', 'Thioesterase domain-containing protein', 'protein');
INSERT INTO proteins (protein_id, taxon_id, symbol, name, type) VALUES ('A0A4Y6A9B1', 'taxon:326423', 'RBAM_38610', 'DUF3311 domain-containing protein', 'protein');
INSERT INTO proteins (protein_id, taxon_id, symbol, name, type) VALUES ('A0A4Y6A9B6', 'taxon:326423', 'RBAM_38705', 'YjcZ family sporulation protein', 'protein');
INSERT INTO proteins (protein_id, taxon_id, symbol, name, type) VALUES ('A0A4Y6A9C8', 'taxon:326423', 'RBAM_38800', 'Aspartate kinase', 'protein');
INSERT INTO proteins (protein_id, taxon_id, symbol, name, type) VALUES ('A0A4Y6A9I2', 'taxon:326423', 'yhzE1', 'Sporulation protein YhzE1', 'protein');
INSERT INTO proteins (protein_id, taxon_id, symbol, name, type) VALUES ('A0A4Y6AB17', 'taxon:326423', 'RBAM_39090', 'Uncharacterized protein', 'protein');
INSERT INTO proteins (protein_id, taxon_id, symbol, name, type) VALUES ('A0A4Y6AB28', 'taxon:326423', 'RBAM_38625', 'YjcZ family sporulation protein', 'protein');
INSERT INTO proteins (protein_id, taxon_id, symbol, name, type) VALUES ('A0A4Y6AC71', 'taxon:326423', 'RBAM_38165', 'HTH cro/C1-type domain-containing protein', 'protein');
INSERT INTO proteins (protein_id, taxon_id, symbol, name, type) VALUES ('A0A4Y6AC83', 'taxon:326423', 'RBAM_38305', 'Uncharacterized protein', 'protein');
INSERT INTO proteins (protein_id, taxon_id, symbol, name, type) VALUES ('A0A4Y6ACB8', 'taxon:326423', 'RBAM_38590', 'YjcZ family sporulation protein', 'protein');
INSERT INTO proteins (protein_id, taxon_id, symbol, name, type) VALUES ('A0A4Y6ACE0', 'taxon:326423', 'RBAM_38790', 'DUF2905 domain-containing protein', 'protein');
INSERT INTO proteins (protein_id, taxon_id, symbol, name, type) VALUES ('A0A4Y6ACF0', 'taxon:326423', 'RBAM_38875', 'Uncharacterized protein', 'protein');
INSERT INTO proteins (protein_id, taxon_id, symbol, name, type) VALUES ('A0A4Y6AD54', 'taxon:326423', 'RBAM_38215', 'DUF2651 domain-containing protein', 'protein');
INSERT INTO proteins (protein_id, taxon_id, symbol, name, type) VALUES ('A0A4Y6AD97', 'taxon:326423', 'RBAM_38635', 'Uncharacterized protein', 'protein');
INSERT INTO proteins (protein_id, taxon_id, symbol, name, type) VALUES ('A0A4Y6ADB7', 'taxon:326423', 'RBAM_38290', 'Uncharacterized protein', 'protein');
INSERT INTO proteins (protein_id, taxon_id, symbol, name, type) VALUES ('A0A4Y6ADF8', 'taxon:326423', 'RBAM_38570', 'Uncharacterized protein', 'protein');
INSERT INTO proteins (protein_id, taxon_id, symbol, name, type) VALUES ('A0A4Y6ADJ3', 'taxon:326423', 'RBAM_38865', 'Uncharacterized protein', 'protein');
INSERT INTO proteins (protein_id, taxon_id, symbol, name, type) VALUES ('A0A4Y6ADK5', 'taxon:326423', 'RBAM_38940', 'Uncharacterized protein', 'protein');
INSERT INTO proteins (protein_id, taxon_id, symbol, name, type) VALUES ('A0A4Y6ADL5', 'taxon:326423', 'RBAM_39020', 'HTH luxR-type domain-containing protein', 'protein');
INSERT INTO proteins (protein_id, taxon_id, symbol, name, type) VALUES ('A0A4Y6ADM6', 'taxon:326423', 'RBAM_38315', 'DUF2892 domain-containing protein', 'protein');
INSERT INTO proteins (protein_id, taxon_id, symbol, name, type) VALUES ('A0A4Y6ADN6', 'taxon:326423', 'RBAM_39040', 'Uncharacterized protein', 'protein');
INSERT INTO proteins (protein_id, taxon_id, symbol, name, type) VALUES ('A7Z0C3', 'taxon:326423', 'dnaA', 'Chromosomal replication initiator protein DnaA', 'protein');
INSERT INTO proteins (protein_id, taxon_id, symbol, name, type) VALUES ('A7Z0C4', 'taxon:326423', 'dnaN', 'Beta sliding clamp', 'protein');
INSERT INTO proteins (protein_id, taxon_id, symbol, name, type) VALUES ('A7Z0C5', 'taxon:326423', 'yaaA', 'S4 RNA-binding domain-containing protein', 'protein');
INSERT INTO proteins (protein_id, taxon_id, symbol, name, type) VALUES ('A7Z0C6', 'taxon:326423', 'recF', 'DNA replication and repair protein RecF', 'protein');
INSERT INTO proteins (protein_id, taxon_id, symbol, name, type) VALUES ('A7Z0C8', 'taxon:326423', 'gyrB', 'DNA gyrase subunit B', 'protein');
INSERT INTO proteins (protein_id, taxon_id, symbol, name, type) VALUES ('A7Z0C9', 'taxon:326423', 'gyrA', 'DNA gyrase subunit A', 'protein');
INSERT INTO proteins (protein_id, taxon_id, symbol, name, type) VALUES ('A7Z0D1', 'taxon:326423', 'guaB', 'Inosine-5''-monophosphate dehydrogenase', 'protein');
INSERT INTO proteins (protein_id, taxon_id, symbol, name, type) VALUES ('A7Z348', 'taxon:326423', 'RBAM_010600', 'Competence protein', 'protein');
INSERT INTO proteins (protein_id, taxon_id, symbol, name, type) VALUES ('A7Z3E0', 'taxon:326423', 'mecA', 'Adapter protein MecA', 'protein');
INSERT INTO proteins (protein_id, taxon_id, symbol, name, type) VALUES ('A7Z647', 'taxon:326423', 'mecA', 'Adapter protein MecA', 'protein');
INSERT INTO proteins (protein_id, taxon_id, symbol, name, type) VALUES ('A7Z6N7', 'taxon:326423', 'RBAM_023020', 'Type II secretion system protein', 'protein');
INSERT INTO proteins (protein_id, taxon_id, symbol, name, type) VALUES ('A7Z6N8', 'taxon:326423', 'RBAM_023030', 'ComG operon protein 3', 'protein');
INSERT INTO proteins (protein_id, taxon_id, symbol, name, type) VALUES ('A7Z6X1', 'taxon:326423', 'RBAM_023870', 'Lactamase_B domain-containing protein', 'protein');
INSERT INTO proteins (protein_id, taxon_id, symbol, name, type) VALUES ('A0A386HYH7', 'taxon:2359098', 'COI', 'Cytochrome c oxidase subunit 1', 'protein');
INSERT INTO proteins (protein_id, taxon_id, symbol, name, type) VALUES ('A0A386I0Y7', 'taxon:2359097', 'COI', 'Cytochrome c oxidase subunit 1', 'protein');
INSERT INTO proteins (protein_id, taxon_id, symbol, name, type) VALUES ('A0A386I1L4', 'taxon:2359090', 'COI', 'Cytochrome c oxidase subunit 1', 'protein');
INSERT INTO proteins (protein_id, taxon_id, symbol, name, type) VALUES ('A0A386I8G1', 'taxon:2359092', 'COI', 'Cytochrome c oxidase subunit 1', 'protein');
INSERT INTO proteins (protein_id, taxon_id, symbol, name, type) VALUES ('A0A386IAV7', 'taxon:2359091', 'COI', 'Cytochrome c oxidase subunit 1', 'protein');
INSERT INTO proteins (protein_id, taxon_id, symbol, name, type) VALUES ('A0A386IEJ5', 'taxon:2359094', 'COI', 'Cytochrome c oxidase subunit 1', 'protein');
INSERT INTO proteins (protein_id, taxon_id, symbol, name, type) VALUES ('A0A386IFX5', 'taxon:2359096', 'COI', 'Cytochrome c oxidase subunit 1', 'protein');
INSERT INTO proteins (protein_id, taxon_id, symbol, name, type) VALUES ('A0A386IHH5', 'taxon:2359099', 'COI', 'Cytochrome c oxidase subunit 1', 'protein');
INSERT INTO proteins (protein_id, taxon_id, symbol, name, type) VALUES ('A0A386IJ38', 'taxon:2359093', 'COI', 'Cytochrome c oxidase subunit 1', 'protein');
INSERT INTO proteins (protein_id, taxon_id, symbol, name, type) VALUES ('A0A386IL04', 'taxon:2359095', 'COI', 'Cytochrome c oxidase subunit 1', 'protein');
INSERT INTO proteins (protein_id, taxon_id, symbol, name, type) VALUES ('G5EB97', 'taxon:235909', 'GK1919', 'Aldedh domain-containing protein', 'protein');
INSERT INTO proteins (protein_id, taxon_id, symbol, name, type) VALUES ('G5EB98', 'taxon:235909', 'ureH', 'Urease accessory protein', 'protein');
INSERT INTO proteins (protein_id, taxon_id, symbol, name, type) VALUES ('G5EB99', 'taxon:235909', 'GK1832', 'Histidine kinase domain-containing protein', 'protein');
INSERT INTO proteins (protein_id, taxon_id, symbol, name, type) VALUES ('Q5KWY6', 'taxon:235909', 'comEC', 'Lactamase_B domain-containing protein', 'protein');
INSERT INTO proteins (protein_id, taxon_id, symbol, name, type) VALUES ('Q5KX68', 'taxon:235909', 'comGC', 'ComG operon protein 3', 'protein');
INSERT INTO proteins (protein_id, taxon_id, symbol, name, type) VALUES ('Q5KX69', 'taxon:235909', 'GK2432', 'Hypothetical conserved protein', 'protein');
INSERT INTO proteins (protein_id, taxon_id, symbol, name, type) VALUES ('Q5KXR5', 'taxon:235909', 'mecA', 'Adapter protein MecA', 'protein');
INSERT INTO proteins (protein_id, taxon_id, symbol, name, type) VALUES ('Q5L1S6', 'taxon:235909', 'mecA', 'Adapter protein MecA', 'protein');
INSERT INTO proteins (protein_id, taxon_id, symbol, name, type) VALUES ('Q5L267', 'taxon:235909', 'comK', 'Competence transcription factor', 'protein');
INSERT INTO proteins (protein_id, taxon_id, symbol, name, type) VALUES ('Q5QL29', 'taxon:235909', 'GKP38', 'Uncharacterized protein', 'protein');
INSERT INTO proteins (protein_id, taxon_id, symbol, name, type) VALUES ('P0A776', 'taxon:83333', 'rppH', '', 'gene');
INSERT INTO proteins (protein_id, taxon_id, symbol, name, type) VALUES ('P37351', 'taxon:83333', 'rpiB', '', 'gene');
INSERT INTO proteins (protein_id, taxon_id, symbol, name, type) VALUES ('P0A6Y8', 'taxon:83333', 'dnaK', '', 'gene');
INSERT INTO proteins (protein_id, taxon_id, symbol, name, type) VALUES ('P08622', 'taxon:83333', 'dnaJ', '', 'gene');
INSERT INTO proteins (protein_id, taxon_id, symbol, name, type) VALUES ('P0A7U7', 'taxon:83333', 'rpsT', '', 'gene');
INSERT INTO proteins (protein_id, taxon_id, symbol, name, type) VALUES ('P22564', 'taxon:83333', 'rihC', '', 'gene');
INSERT INTO proteins (protein_id, taxon_id, symbol, name, type) VALUES ('P04036', 'taxon:83333', 'dapB', '', 'gene');
INSERT INTO proteins (protein_id, taxon_id, symbol, name, type) VALUES ('P0A6F1', 'taxon:83333', 'carA', '', 'gene');
INSERT INTO proteins (protein_id, taxon_id, symbol, name, type) VALUES ('P00968', 'taxon:83333', 'carB', '', 'gene');
INSERT INTO proteins (protein_id, taxon_id, symbol, name, type) VALUES ('P0AE58', 'taxon:83333', 'caiF', '', 'gene');
INSERT INTO proteins (protein_id, taxon_id, symbol, name, type) VALUES ('P39206', 'taxon:83333', 'caiE', '', 'gene');
INSERT INTO proteins (protein_id, taxon_id, symbol, name, type) VALUES ('P31551', 'taxon:83333', 'caiD', '', 'gene');
INSERT INTO proteins (protein_id, taxon_id, symbol, name, type) VALUES ('P31572', 'taxon:83333', 'caiB', '', 'gene');
INSERT INTO proteins (protein_id, taxon_id, symbol, name, type) VALUES ('P60566', 'taxon:83333', 'fixA', '', 'gene');
INSERT INTO proteins (protein_id, taxon_id, symbol, name, type) VALUES ('P31574', 'taxon:83333', 'fixB', '', 'gene');
INSERT INTO proteins (protein_id, taxon_id, symbol, name, type) VALUES ('P68644', 'taxon:83333', 'fixC', '', 'gene');
INSERT INTO proteins (protein_id, taxon_id, symbol, name, type) VALUES ('P0A754', 'taxon:83333', 'kefF', '', 'gene');
INSERT INTO proteins (protein_id, taxon_id, symbol, name, type) VALUES ('P03819', 'taxon:83333', 'kefC', '', 'gene');
INSERT INTO proteins (protein_id, taxon_id, symbol, name, type) VALUES ('P0ABQ4', 'taxon:83333', 'folA', '', 'gene');
INSERT INTO proteins (protein_id, taxon_id, symbol, name, type) VALUES ('P05637', 'taxon:83333', 'apaH', '', 'gene');
INSERT INTO proteins (protein_id, taxon_id, symbol, name, type) VALUES ('P0ABZ6', 'taxon:83333', 'surA', '', 'gene');
INSERT INTO proteins (protein_id, taxon_id, symbol, name, type) VALUES ('P31554', 'taxon:83333', 'lptD', '', 'gene');
INSERT INTO proteins (protein_id, taxon_id, symbol, name, type) VALUES ('P0AA37', 'taxon:83333', 'rluA', '', 'gene');
INSERT INTO proteins (protein_id, taxon_id, symbol, name, type) VALUES ('P08202', 'taxon:83333', 'araA', '', 'gene');
INSERT INTO proteins (protein_id, taxon_id, symbol, name, type) VALUES ('P08204', 'taxon:83333', 'araB', '', 'gene');
INSERT INTO proteins (protein_id, taxon_id, symbol, name, type) VALUES ('P0A9E0', 'taxon:83333', 'araC', '', 'gene');
INSERT INTO proteins (protein_id, taxon_id, symbol, name, type) VALUES ('P31675', 'taxon:83333', 'setA', '', 'gene');
INSERT INTO proteins (protein_id, taxon_id, symbol, name, type) VALUES ('P30126', 'taxon:83333', 'leuD', '', 'gene');
INSERT INTO proteins (protein_id, taxon_id, symbol, name, type) VALUES ('P0A6A6', 'taxon:83333', 'leuC', '', 'gene');
INSERT INTO proteins (protein_id, taxon_id, symbol, name, type) VALUES ('P30125', 'taxon:83333', 'leuB', '', 'gene');
INSERT INTO proteins (protein_id, taxon_id, symbol, name, type) VALUES ('P09151', 'taxon:83333', 'leuA', '', 'gene');
INSERT INTO proteins (protein_id, taxon_id, symbol, name, type) VALUES ('P0AD68', 'taxon:83333', 'ftsI', '', 'gene');
INSERT INTO proteins (protein_id, taxon_id, symbol, name, type) VALUES ('P22188', 'taxon:83333', 'murE', '', 'gene');
INSERT INTO proteins (protein_id, taxon_id, symbol, name, type) VALUES ('P11880', 'taxon:83333', 'murF', '', 'gene');
INSERT INTO proteins (protein_id, taxon_id, symbol, name, type) VALUES ('P0A6W3', 'taxon:83333', 'mraY', '', 'gene');
INSERT INTO proteins (protein_id, taxon_id, symbol, name, type) VALUES ('P14900', 'taxon:83333', 'murD', '', 'gene');
INSERT INTO proteins (protein_id, taxon_id, symbol, name, type) VALUES ('P0ABG4', 'taxon:83333', 'ftsW', '', 'gene');
INSERT INTO proteins (protein_id, taxon_id, symbol, name, type) VALUES ('P17443', 'taxon:83333', 'murG', '', 'gene');
INSERT INTO proteins (protein_id, taxon_id, symbol, name, type) VALUES ('P17952', 'taxon:83333', 'murC', '', 'gene');
INSERT INTO proteins (protein_id, taxon_id, symbol, name, type) VALUES ('P07862', 'taxon:83333', 'ddlB', '', 'gene');
INSERT INTO proteins (protein_id, taxon_id, symbol, name, type) VALUES ('P06136', 'taxon:83333', 'ftsQ', '', 'gene');
INSERT INTO proteins (protein_id, taxon_id, symbol, name, type) VALUES ('P0ABH0', 'taxon:83333', 'ftsA', '', 'gene');
INSERT INTO proteins (protein_id, taxon_id, symbol, name, type) VALUES ('P0A9A6', 'taxon:83333', 'ftsZ', '', 'gene');
INSERT INTO proteins (protein_id, taxon_id, symbol, name, type) VALUES ('P0A725', 'taxon:83333', 'lpxC', '', 'gene');
INSERT INTO proteins (protein_id, taxon_id, symbol, name, type) VALUES ('P10408', 'taxon:83333', 'secA', '', 'gene');
INSERT INTO proteins (protein_id, taxon_id, symbol, name, type) VALUES ('P30011', 'taxon:83333', 'nadC', '', 'gene');
INSERT INTO proteins (protein_id, taxon_id, symbol, name, type) VALUES ('P0AFG8', 'taxon:83333', 'aceE', '', 'gene');
INSERT INTO proteins (protein_id, taxon_id, symbol, name, type) VALUES ('P06959', 'taxon:83333', 'aceF', '', 'gene');
INSERT INTO proteins (protein_id, taxon_id, symbol, name, type) VALUES ('P0A9P0', 'taxon:83333', 'lpd', '', 'gene');
INSERT INTO proteins (protein_id, taxon_id, symbol, name, type) VALUES ('P36683', 'taxon:83333', 'acnB', '', 'gene');
INSERT INTO proteins (protein_id, taxon_id, symbol, name, type) VALUES ('P37443', 'taxon:83333', 'ycaI', 'metallo-beta-lactamase superfamily inner membrane protein YcaI', 'protein');
INSERT INTO proteins (protein_id, taxon_id, symbol, name, type) VALUES ('P75869', 'taxon:83333', 'sxy', 'transcriptional coactivator for CRP', 'protein');
INSERT INTO proteins (protein_id, taxon_id, symbol, name, type) VALUES ('A4VF87', 'taxon:279010', 'BL07011', 'Uncharacterized protein', 'protein');
INSERT INTO proteins (protein_id, taxon_id, symbol, name, type) VALUES ('A4VFE7', 'taxon:279010', 'BL07067', 'Uncharacterized protein', 'protein');
INSERT INTO proteins (protein_id, taxon_id, symbol, name, type) VALUES ('A5A636', 'taxon:279010', 'BL02379', 'Uncharacterized protein', 'protein');
INSERT INTO proteins (protein_id, taxon_id, symbol, name, type) VALUES ('A5A638', 'taxon:279010', 'ykcC', 'Glyco_trans_2-like domain-containing protein', 'protein');
INSERT INTO proteins (protein_id, taxon_id, symbol, name, type) VALUES ('A5A639', 'taxon:279010', 'lanG', 'Lantibiotic immunity protein, MFS type transporter', 'protein');
INSERT INTO proteins (protein_id, taxon_id, symbol, name, type) VALUES ('A5A640', 'taxon:279010', 'yxlD', 'YxlD', 'protein');
INSERT INTO proteins (protein_id, taxon_id, symbol, name, type) VALUES ('A5A643', 'taxon:279010', 'yfiK', 'Two-component response regulator', 'protein');
INSERT INTO proteins (protein_id, taxon_id, symbol, name, type) VALUES ('A5A644', 'taxon:279010', 'BL03963', 'Uncharacterized protein', 'protein');
INSERT INTO proteins (protein_id, taxon_id, symbol, name, type) VALUES ('A5A645', 'taxon:279010', 'yqhB', '2-oxo acid dehydrogenase, lipoyl-binding site protein', 'protein');
INSERT INTO proteins (protein_id, taxon_id, symbol, name, type) VALUES ('A5A647', 'taxon:279010', 'ywtG', 'MFS domain-containing protein', 'protein');
INSERT INTO proteins (protein_id, taxon_id, symbol, name, type) VALUES ('A5A648', 'taxon:279010', 'tuaD', 'UDP-glucose 6-dehydrogenase', 'protein');
INSERT INTO proteins (protein_id, taxon_id, symbol, name, type) VALUES ('A5A649', 'taxon:279010', 'tuaF', 'TuaF', 'protein');
INSERT INTO proteins (protein_id, taxon_id, symbol, name, type) VALUES ('A5A650', 'taxon:279010', 'BL03503', 'ATP-dependent Clp protease proteolytic subunit', 'protein');
INSERT INTO proteins (protein_id, taxon_id, symbol, name, type) VALUES ('A5A651', 'taxon:279010', 'BL05340', 'Uncharacterized protein', 'protein');
INSERT INTO proteins (protein_id, taxon_id, symbol, name, type) VALUES ('A5A653', 'taxon:279010', 'BL02126', 'Glycos_transf_3 domain-containing protein', 'protein');
INSERT INTO proteins (protein_id, taxon_id, symbol, name, type) VALUES ('A5A654', 'taxon:279010', 'yuiB', 'Conserved membrane protein YuiB', 'protein');
INSERT INTO proteins (protein_id, taxon_id, symbol, name, type) VALUES ('A5A657', 'taxon:279010', 'malS', 'Malate dehydrogenase (Decarboxylating)', 'protein');
INSERT INTO proteins (protein_id, taxon_id, symbol, name, type) VALUES ('A5A658', 'taxon:279010', 'icd', 'Isocitrate dehydrogenase [NADP]', 'protein');
INSERT INTO proteins (protein_id, taxon_id, symbol, name, type) VALUES ('A5A659', 'taxon:279010', 'spoIIIC', 'RNA_pol_sigma70 domain-containing protein', 'protein');
INSERT INTO proteins (protein_id, taxon_id, symbol, name, type) VALUES ('A5A660', 'taxon:279010', 'holA', 'DNA_pol3_delta domain-containing protein', 'protein');
INSERT INTO proteins (protein_id, taxon_id, symbol, name, type) VALUES ('A5A661', 'taxon:279010', 'comGD', 'Probably part of the DNA transport machinery ComGD', 'protein');
INSERT INTO proteins (protein_id, taxon_id, symbol, name, type) VALUES ('A5A662', 'taxon:279010', 'comGF', 'Probably part of the DNA transport machinery ComGF', 'protein');
INSERT INTO proteins (protein_id, taxon_id, symbol, name, type) VALUES ('A5A663', 'taxon:279010', 'yqxK', 'Conserved protein YqxK', 'protein');
INSERT INTO proteins (protein_id, taxon_id, symbol, name, type) VALUES ('A5A665', 'taxon:279010', 'mtrB', 'Transcription attenuation protein MtrB', 'protein');
INSERT INTO proteins (protein_id, taxon_id, symbol, name, type) VALUES ('A5A666', 'taxon:279010', 'dhaS', 'Aldehyde dehydrogenase', 'protein');
INSERT INTO proteins (protein_id, taxon_id, symbol, name, type) VALUES ('A5A667', 'taxon:279010', 'BL01391', 'Spore germination B3 GerAC like protein', 'protein');
INSERT INTO proteins (protein_id, taxon_id, symbol, name, type) VALUES ('A5A669', 'taxon:279010', 'ykoR', 'Uncharacterized protein', 'protein');
INSERT INTO proteins (protein_id, taxon_id, symbol, name, type) VALUES ('A5A671', 'taxon:279010', 'bglC', 'Endoglucanase', 'protein');
INSERT INTO proteins (protein_id, taxon_id, symbol, name, type) VALUES ('A5A672', 'taxon:279010', 'BL00462', 'Hydantoin utilization protein A', 'protein');
INSERT INTO proteins (protein_id, taxon_id, symbol, name, type) VALUES ('A5A678', 'taxon:279010', 'ctaG', 'CtaG', 'protein');
INSERT INTO proteins (protein_id, taxon_id, symbol, name, type) VALUES ('A5A679', 'taxon:279010', 'moeB', 'ThiF domain-containing protein', 'protein');
INSERT INTO proteins (protein_id, taxon_id, symbol, name, type) VALUES ('A5A682', 'taxon:279010', 'BL03643', 'Lipase_3 domain-containing protein', 'protein');
INSERT INTO proteins (protein_id, taxon_id, symbol, name, type) VALUES ('A5A684', 'taxon:279010', 'htrA', 'PDZ domain-containing protein', 'protein');
INSERT INTO proteins (protein_id, taxon_id, symbol, name, type) VALUES ('A5A686', 'taxon:279010', 'BL01324', 'Uncharacterized protein', 'protein');
INSERT INTO proteins (protein_id, taxon_id, symbol, name, type) VALUES ('A5A687', 'taxon:279010', 'yhjN', 'Uncharacterized protein', 'protein');
INSERT INTO proteins (protein_id, taxon_id, symbol, name, type) VALUES ('A5A692', 'taxon:279010', 'BL02335', 'Glycoside Hydrolase Family 1', 'protein');
INSERT INTO proteins (protein_id, taxon_id, symbol, name, type) VALUES ('A5A693', 'taxon:279010', 'BL00596', 'Aminotran_5 domain-containing protein', 'protein');
INSERT INTO proteins (protein_id, taxon_id, symbol, name, type) VALUES ('A5A694', 'taxon:279010', 'yebA', 'TGc domain-containing protein', 'protein');
INSERT INTO proteins (protein_id, taxon_id, symbol, name, type) VALUES ('A5A695', 'taxon:279010', 'BL00478', 'HTH araC/xylS-type domain-containing protein', 'protein');
INSERT INTO proteins (protein_id, taxon_id, symbol, name, type) VALUES ('A5A696', 'taxon:279010', 'BL02011', 'MFS domain-containing protein', 'protein');
INSERT INTO proteins (protein_id, taxon_id, symbol, name, type) VALUES ('A5A697', 'taxon:279010', 'ycnJ', 'Putative copper export protein YcnJ', 'protein');
INSERT INTO proteins (protein_id, taxon_id, symbol, name, type) VALUES ('A5A698', 'taxon:279010', 'ycnC', 'HTH tetR-type domain-containing protein', 'protein');
INSERT INTO proteins (protein_id, taxon_id, symbol, name, type) VALUES ('A5A699', 'taxon:279010', 'chi', 'Fibronectin type-III domain-containing protein', 'protein');
INSERT INTO proteins (protein_id, taxon_id, symbol, name, type) VALUES ('A5A6A1', 'taxon:279010', 'glnK', 'Histidine kinase domain-containing protein', 'protein');
INSERT INTO proteins (protein_id, taxon_id, symbol, name, type) VALUES ('A5A6A3', 'taxon:279010', 'citS', 'Histidine kinase domain-containing protein', 'protein');
INSERT INTO proteins (protein_id, taxon_id, symbol, name, type) VALUES ('M1E1G8', 'taxon:279010', 'purK', 'N5-carboxyaminoimidazole ribonucleotide synthase', 'protein');
INSERT INTO proteins (protein_id, taxon_id, symbol, name, type) VALUES ('M1E1H1', 'taxon:279010', 'lanR', 'HTH cro/C1-type domain-containing protein', 'protein');
INSERT INTO proteins (protein_id, taxon_id, symbol, name, type) VALUES ('M1E1H2', 'taxon:279010', 'maeA', 'Malate dehyrogenase isozyme', 'protein');
INSERT INTO proteins (protein_id, taxon_id, symbol, name, type) VALUES ('Q65H43', 'taxon:279010', 'comEC', 'Lactamase_B domain-containing protein', 'protein');
INSERT INTO proteins (protein_id, taxon_id, symbol, name, type) VALUES ('Q65I00', 'taxon:279010', 'mecB', 'Adapter protein MecA', 'protein');
INSERT INTO proteins (protein_id, taxon_id, symbol, name, type) VALUES ('Q65LB7', 'taxon:279010', 'mecA', 'Adapter protein MecA', 'protein');
INSERT INTO proteins (protein_id, taxon_id, symbol, name, type) VALUES ('Q65LN7', 'taxon:279010', 'comK', 'Competence transcription factor ComK', 'protein');
INSERT INTO proteins (protein_id, taxon_id, symbol, name, type) VALUES ('Q8VQ71', 'taxon:279010', 'comGC', 'ComG operon protein 3 homolog', 'protein');

-- Insert GO Term Data
INSERT INTO go_terms (go_id, aspect) VALUES ('GO:0000166', 'F');
INSERT INTO go_terms (go_id, aspect) VALUES ('GO:0003677', 'F');
INSERT INTO go_terms (go_id, aspect) VALUES ('GO:0003688', 'F');
INSERT INTO go_terms (go_id, aspect) VALUES ('GO:0005524', 'F');
INSERT INTO go_terms (go_id, aspect) VALUES ('GO:0005737', 'C');
INSERT INTO go_terms (go_id, aspect) VALUES ('GO:0006260', 'P');
INSERT INTO go_terms (go_id, aspect) VALUES ('GO:0006270', 'P');
INSERT INTO go_terms (go_id, aspect) VALUES ('GO:0006275', 'P');
INSERT INTO go_terms (go_id, aspect) VALUES ('GO:0043565', 'F');
INSERT INTO go_terms (go_id, aspect) VALUES ('GO:0003887', 'F');
INSERT INTO go_terms (go_id, aspect) VALUES ('GO:0008408', 'F');
INSERT INTO go_terms (go_id, aspect) VALUES ('GO:0009360', 'C');
INSERT INTO go_terms (go_id, aspect) VALUES ('GO:0016740', 'F');
INSERT INTO go_terms (go_id, aspect) VALUES ('GO:0016779', 'F');
INSERT INTO go_terms (go_id, aspect) VALUES ('GO:0071897', 'P');
INSERT INTO go_terms (go_id, aspect) VALUES ('GO:0090305', 'P');
INSERT INTO go_terms (go_id, aspect) VALUES ('GO:0003723', 'F');
INSERT INTO go_terms (go_id, aspect) VALUES ('GO:0003697', 'F');
INSERT INTO go_terms (go_id, aspect) VALUES ('GO:0006281', 'P');
INSERT INTO go_terms (go_id, aspect) VALUES ('GO:0006974', 'P');
INSERT INTO go_terms (go_id, aspect) VALUES ('GO:0009432', 'P');
INSERT INTO go_terms (go_id, aspect) VALUES ('GO:0003916', 'F');
INSERT INTO go_terms (go_id, aspect) VALUES ('GO:0003918', 'F');
INSERT INTO go_terms (go_id, aspect) VALUES ('GO:0005694', 'C');
INSERT INTO go_terms (go_id, aspect) VALUES ('GO:0006261', 'P');
INSERT INTO go_terms (go_id, aspect) VALUES ('GO:0006265', 'P');
INSERT INTO go_terms (go_id, aspect) VALUES ('GO:0016853', 'F');
INSERT INTO go_terms (go_id, aspect) VALUES ('GO:0046872', 'F');
INSERT INTO go_terms (go_id, aspect) VALUES ('GO:0006259', 'P');
INSERT INTO go_terms (go_id, aspect) VALUES ('GO:0003824', 'F');
INSERT INTO go_terms (go_id, aspect) VALUES ('GO:0003938', 'F');
INSERT INTO go_terms (go_id, aspect) VALUES ('GO:0006164', 'P');
INSERT INTO go_terms (go_id, aspect) VALUES ('GO:0006177', 'P');
INSERT INTO go_terms (go_id, aspect) VALUES ('GO:0016491', 'F');
INSERT INTO go_terms (go_id, aspect) VALUES ('GO:0055114', 'P');
INSERT INTO go_terms (go_id, aspect) VALUES ('GO:0004180', 'F');
INSERT INTO go_terms (go_id, aspect) VALUES ('GO:0006508', 'P');
INSERT INTO go_terms (go_id, aspect) VALUES ('GO:0009002', 'F');
INSERT INTO go_terms (go_id, aspect) VALUES ('GO:0016829', 'F');
INSERT INTO go_terms (go_id, aspect) VALUES ('GO:0036381', 'F');
INSERT INTO go_terms (go_id, aspect) VALUES ('GO:0042819', 'P');
INSERT INTO go_terms (go_id, aspect) VALUES ('GO:0042823', 'P');
INSERT INTO go_terms (go_id, aspect) VALUES ('GO:0004359', 'F');
INSERT INTO go_terms (go_id, aspect) VALUES ('GO:0006541', 'P');
INSERT INTO go_terms (go_id, aspect) VALUES ('GO:0006543', 'P');
INSERT INTO go_terms (go_id, aspect) VALUES ('GO:0016787', 'F');
INSERT INTO go_terms (go_id, aspect) VALUES ('GO:0004812', 'F');
INSERT INTO go_terms (go_id, aspect) VALUES ('GO:0004828', 'F');
INSERT INTO go_terms (go_id, aspect) VALUES ('GO:0006412', 'P');
INSERT INTO go_terms (go_id, aspect) VALUES ('GO:0006418', 'P');
INSERT INTO go_terms (go_id, aspect) VALUES ('GO:0006434', 'P');
INSERT INTO go_terms (go_id, aspect) VALUES ('GO:0016260', 'P');
INSERT INTO go_terms (go_id, aspect) VALUES ('GO:0016874', 'F');
INSERT INTO go_terms (go_id, aspect) VALUES ('GO:0097056', 'P');
INSERT INTO go_terms (go_id, aspect) VALUES ('GO:0005975', 'P');
INSERT INTO go_terms (go_id, aspect) VALUES ('GO:0008061', 'F');
INSERT INTO go_terms (go_id, aspect) VALUES ('GO:0002100', 'P');
INSERT INTO go_terms (go_id, aspect) VALUES ('GO:0008033', 'P');
INSERT INTO go_terms (go_id, aspect) VALUES ('GO:0008251', 'F');
INSERT INTO go_terms (go_id, aspect) VALUES ('GO:0008270', 'F');
INSERT INTO go_terms (go_id, aspect) VALUES ('GO:0052717', 'F');
INSERT INTO go_terms (go_id, aspect) VALUES ('GO:0009295', 'C');
INSERT INTO go_terms (go_id, aspect) VALUES ('GO:0043590', 'C');
INSERT INTO go_terms (go_id, aspect) VALUES ('GO:0006310', 'P');
INSERT INTO go_terms (go_id, aspect) VALUES ('GO:0016020', 'C');
INSERT INTO go_terms (go_id, aspect) VALUES ('GO:0030420', 'P');
INSERT INTO go_terms (go_id, aspect) VALUES ('GO:0045808', 'P');
INSERT INTO go_terms (go_id, aspect) VALUES ('GO:0004137', 'F');
INSERT INTO go_terms (go_id, aspect) VALUES ('GO:0006139', 'P');
INSERT INTO go_terms (go_id, aspect) VALUES ('GO:0009157', 'P');
INSERT INTO go_terms (go_id, aspect) VALUES ('GO:0009165', 'P');
INSERT INTO go_terms (go_id, aspect) VALUES ('GO:0016301', 'F');
INSERT INTO go_terms (go_id, aspect) VALUES ('GO:0016310', 'P');
INSERT INTO go_terms (go_id, aspect) VALUES ('GO:0019206', 'F');
INSERT INTO go_terms (go_id, aspect) VALUES ('GO:0004138', 'F');
INSERT INTO go_terms (go_id, aspect) VALUES ('GO:0008152', 'P');
INSERT INTO go_terms (go_id, aspect) VALUES ('GO:0016798', 'F');
INSERT INTO go_terms (go_id, aspect) VALUES ('GO:0030435', 'P');
INSERT INTO go_terms (go_id, aspect) VALUES ('GO:0042763', 'C');
INSERT INTO go_terms (go_id, aspect) VALUES ('GO:0016021', 'C');
INSERT INTO go_terms (go_id, aspect) VALUES ('GO:0004072', 'F');
INSERT INTO go_terms (go_id, aspect) VALUES ('GO:0004129', 'F');
INSERT INTO go_terms (go_id, aspect) VALUES ('GO:0005739', 'C');
INSERT INTO go_terms (go_id, aspect) VALUES ('GO:0005743', 'C');
INSERT INTO go_terms (go_id, aspect) VALUES ('GO:0006119', 'P');
INSERT INTO go_terms (go_id, aspect) VALUES ('GO:0009060', 'P');
INSERT INTO go_terms (go_id, aspect) VALUES ('GO:0020037', 'F');
INSERT INTO go_terms (go_id, aspect) VALUES ('GO:0022900', 'P');
INSERT INTO go_terms (go_id, aspect) VALUES ('GO:0070469', 'C');
INSERT INTO go_terms (go_id, aspect) VALUES ('GO:1902600', 'P');
INSERT INTO go_terms (go_id, aspect) VALUES ('GO:0000272', 'P');
INSERT INTO go_terms (go_id, aspect) VALUES ('GO:0004553', 'F');
INSERT INTO go_terms (go_id, aspect) VALUES ('GO:0031176', 'F');
INSERT INTO go_terms (go_id, aspect) VALUES ('GO:0045493', 'P');
INSERT INTO go_terms (go_id, aspect) VALUES ('GO:0005886', 'C');
INSERT INTO go_terms (go_id, aspect) VALUES ('GO:0019835', 'P');
INSERT INTO go_terms (go_id, aspect) VALUES ('GO:0009058', 'P');
INSERT INTO go_terms (go_id, aspect) VALUES ('GO:0016788', 'F');
INSERT INTO go_terms (go_id, aspect) VALUES ('GO:0006355', 'P');
INSERT INTO go_terms (go_id, aspect) VALUES ('GO:0016620', 'F');
INSERT INTO go_terms (go_id, aspect) VALUES ('GO:0000155', 'F');
INSERT INTO go_terms (go_id, aspect) VALUES ('GO:0000160', 'P');
INSERT INTO go_terms (go_id, aspect) VALUES ('GO:0004673', 'F');
INSERT INTO go_terms (go_id, aspect) VALUES ('GO:0050779', 'P');
INSERT INTO go_terms (go_id, aspect) VALUES ('GO:0034353', 'F');
INSERT INTO go_terms (go_id, aspect) VALUES ('GO:0016818', 'F');
INSERT INTO go_terms (go_id, aspect) VALUES ('GO:0004751', 'F');
INSERT INTO go_terms (go_id, aspect) VALUES ('GO:0019316', 'P');
INSERT INTO go_terms (go_id, aspect) VALUES ('GO:0009408', 'P');
INSERT INTO go_terms (go_id, aspect) VALUES ('GO:0003756', 'F');
INSERT INTO go_terms (go_id, aspect) VALUES ('GO:0006457', 'P');
INSERT INTO go_terms (go_id, aspect) VALUES ('GO:0042026', 'P');
INSERT INTO go_terms (go_id, aspect) VALUES ('GO:0051082', 'F');
INSERT INTO go_terms (go_id, aspect) VALUES ('GO:0022627', 'C');
INSERT INTO go_terms (go_id, aspect) VALUES ('GO:0008652', 'P');
INSERT INTO go_terms (go_id, aspect) VALUES ('GO:0019877', 'P');
INSERT INTO go_terms (go_id, aspect) VALUES ('GO:0004088', 'F');
INSERT INTO go_terms (go_id, aspect) VALUES ('GO:0006526', 'P');
INSERT INTO go_terms (go_id, aspect) VALUES ('GO:0006207', 'P');
INSERT INTO go_terms (go_id, aspect) VALUES ('GO:0004087', 'F');
INSERT INTO go_terms (go_id, aspect) VALUES ('GO:0019856', 'P');
INSERT INTO go_terms (go_id, aspect) VALUES ('GO:0016597', 'F');
INSERT INTO go_terms (go_id, aspect) VALUES ('GO:0009437', 'P');
INSERT INTO go_terms (go_id, aspect) VALUES ('GO:0008809', 'F');
INSERT INTO go_terms (go_id, aspect) VALUES ('GO:0042413', 'P');
INSERT INTO go_terms (go_id, aspect) VALUES ('GO:0008735', 'F');
INSERT INTO go_terms (go_id, aspect) VALUES ('GO:0050660', 'F');
INSERT INTO go_terms (go_id, aspect) VALUES ('GO:0051536', 'F');
INSERT INTO go_terms (go_id, aspect) VALUES ('GO:0004174', 'F');
INSERT INTO go_terms (go_id, aspect) VALUES ('GO:0009055', 'F');
INSERT INTO go_terms (go_id, aspect) VALUES ('GO:0006813', 'P');
INSERT INTO go_terms (go_id, aspect) VALUES ('GO:0006885', 'P');
INSERT INTO go_terms (go_id, aspect) VALUES ('GO:0005887', 'C');
INSERT INTO go_terms (go_id, aspect) VALUES ('GO:0042493', 'P');
INSERT INTO go_terms (go_id, aspect) VALUES ('GO:0008796', 'F');
INSERT INTO go_terms (go_id, aspect) VALUES ('GO:0015949', 'P');
INSERT INTO go_terms (go_id, aspect) VALUES ('GO:0008803', 'F');
INSERT INTO go_terms (go_id, aspect) VALUES ('GO:0060274', 'P');
INSERT INTO go_terms (go_id, aspect) VALUES ('GO:0050821', 'P');
INSERT INTO go_terms (go_id, aspect) VALUES ('GO:0003755', 'F');
INSERT INTO go_terms (go_id, aspect) VALUES ('GO:0043165', 'P');
INSERT INTO go_terms (go_id, aspect) VALUES ('GO:0030288', 'C');
INSERT INTO go_terms (go_id, aspect) VALUES ('GO:0005515', 'F');
INSERT INTO go_terms (go_id, aspect) VALUES ('GO:0015920', 'P');
INSERT INTO go_terms (go_id, aspect) VALUES ('GO:0009279', 'C');
INSERT INTO go_terms (go_id, aspect) VALUES ('GO:0031118', 'P');
INSERT INTO go_terms (go_id, aspect) VALUES ('GO:0031119', 'P');
INSERT INTO go_terms (go_id, aspect) VALUES ('GO:0009451', 'P');
INSERT INTO go_terms (go_id, aspect) VALUES ('GO:0009982', 'F');
INSERT INTO go_terms (go_id, aspect) VALUES ('GO:0001522', 'P');
INSERT INTO go_terms (go_id, aspect) VALUES ('GO:0006364', 'P');
INSERT INTO go_terms (go_id, aspect) VALUES ('GO:0019568', 'P');
INSERT INTO go_terms (go_id, aspect) VALUES ('GO:0008733', 'F');
INSERT INTO go_terms (go_id, aspect) VALUES ('GO:0008741', 'F');
INSERT INTO go_terms (go_id, aspect) VALUES ('GO:0016773', 'F');
INSERT INTO go_terms (go_id, aspect) VALUES ('GO:0019572', 'P');
INSERT INTO go_terms (go_id, aspect) VALUES ('GO:0016052', 'P');
INSERT INTO go_terms (go_id, aspect) VALUES ('GO:0015767', 'P');
INSERT INTO go_terms (go_id, aspect) VALUES ('GO:0005351', 'F');
INSERT INTO go_terms (go_id, aspect) VALUES ('GO:1904659', 'P');
INSERT INTO go_terms (go_id, aspect) VALUES ('GO:0009316', 'C');
INSERT INTO go_terms (go_id, aspect) VALUES ('GO:0009098', 'P');
INSERT INTO go_terms (go_id, aspect) VALUES ('GO:0003862', 'F');
INSERT INTO go_terms (go_id, aspect) VALUES ('GO:0034198', 'P');
INSERT INTO go_terms (go_id, aspect) VALUES ('GO:0008955', 'F');
INSERT INTO go_terms (go_id, aspect) VALUES ('GO:0031226', 'C');
INSERT INTO go_terms (go_id, aspect) VALUES ('GO:0032153', 'C');
INSERT INTO go_terms (go_id, aspect) VALUES ('GO:0051301', 'P');
INSERT INTO go_terms (go_id, aspect) VALUES ('GO:0008658', 'F');
INSERT INTO go_terms (go_id, aspect) VALUES ('GO:0008765', 'F');
INSERT INTO go_terms (go_id, aspect) VALUES ('GO:0047480', 'F');
INSERT INTO go_terms (go_id, aspect) VALUES ('GO:0008963', 'F');
INSERT INTO go_terms (go_id, aspect) VALUES ('GO:0008360', 'P');
INSERT INTO go_terms (go_id, aspect) VALUES ('GO:0050511', 'F');
INSERT INTO go_terms (go_id, aspect) VALUES ('GO:0008763', 'F');
INSERT INTO go_terms (go_id, aspect) VALUES ('GO:0000287', 'F');
INSERT INTO go_terms (go_id, aspect) VALUES ('GO:0008716', 'F');
INSERT INTO go_terms (go_id, aspect) VALUES ('GO:0000917', 'P');
INSERT INTO go_terms (go_id, aspect) VALUES ('GO:0003924', 'F');
INSERT INTO go_terms (go_id, aspect) VALUES ('GO:0051258', 'P');
INSERT INTO go_terms (go_id, aspect) VALUES ('GO:0005525', 'F');
INSERT INTO go_terms (go_id, aspect) VALUES ('GO:0009245', 'P');
INSERT INTO go_terms (go_id, aspect) VALUES ('GO:0019213', 'F');
INSERT INTO go_terms (go_id, aspect) VALUES ('GO:0065002', 'P');
INSERT INTO go_terms (go_id, aspect) VALUES ('GO:0015031', 'P');
INSERT INTO go_terms (go_id, aspect) VALUES ('GO:0006605', 'P');
INSERT INTO go_terms (go_id, aspect) VALUES ('GO:0043952', 'P');
INSERT INTO go_terms (go_id, aspect) VALUES ('GO:0004514', 'F');
INSERT INTO go_terms (go_id, aspect) VALUES ('GO:0009435', 'P');
INSERT INTO go_terms (go_id, aspect) VALUES ('GO:0004738', 'F');
INSERT INTO go_terms (go_id, aspect) VALUES ('GO:0045254', 'C');
INSERT INTO go_terms (go_id, aspect) VALUES ('GO:0004742', 'F');
INSERT INTO go_terms (go_id, aspect) VALUES ('GO:0031405', 'F');
INSERT INTO go_terms (go_id, aspect) VALUES ('GO:0006090', 'P');
INSERT INTO go_terms (go_id, aspect) VALUES ('GO:0006086', 'P');
INSERT INTO go_terms (go_id, aspect) VALUES ('GO:0004148', 'F');
INSERT INTO go_terms (go_id, aspect) VALUES ('GO:0006103', 'P');
INSERT INTO go_terms (go_id, aspect) VALUES ('GO:0015036', 'F');
INSERT INTO go_terms (go_id, aspect) VALUES ('GO:0003994', 'F');
INSERT INTO go_terms (go_id, aspect) VALUES ('GO:0006097', 'P');
INSERT INTO go_terms (go_id, aspect) VALUES ('GO:0008643', 'P');
INSERT INTO go_terms (go_id, aspect) VALUES ('GO:0022857', 'F');
INSERT INTO go_terms (go_id, aspect) VALUES ('GO:0055085', 'P');
INSERT INTO go_terms (go_id, aspect) VALUES ('GO:0000271', 'P');
INSERT INTO go_terms (go_id, aspect) VALUES ('GO:0003979', 'F');
INSERT INTO go_terms (go_id, aspect) VALUES ('GO:0016616', 'F');
INSERT INTO go_terms (go_id, aspect) VALUES ('GO:0051287', 'F');
INSERT INTO go_terms (go_id, aspect) VALUES ('GO:0004252', 'F');
INSERT INTO go_terms (go_id, aspect) VALUES ('GO:0008233', 'F');
INSERT INTO go_terms (go_id, aspect) VALUES ('GO:0016757', 'F');
INSERT INTO go_terms (go_id, aspect) VALUES ('GO:0004470', 'F');
INSERT INTO go_terms (go_id, aspect) VALUES ('GO:0004471', 'F');
INSERT INTO go_terms (go_id, aspect) VALUES ('GO:0004450', 'F');
INSERT INTO go_terms (go_id, aspect) VALUES ('GO:0006099', 'P');
INSERT INTO go_terms (go_id, aspect) VALUES ('GO:0003700', 'F');
INSERT INTO go_terms (go_id, aspect) VALUES ('GO:0006352', 'P');
INSERT INTO go_terms (go_id, aspect) VALUES ('GO:0006353', 'P');
INSERT INTO go_terms (go_id, aspect) VALUES ('GO:0006081', 'P');
INSERT INTO go_terms (go_id, aspect) VALUES ('GO:0009847', 'P');
INSERT INTO go_terms (go_id, aspect) VALUES ('GO:0008810', 'F');
INSERT INTO go_terms (go_id, aspect) VALUES ('GO:0030245', 'P');
INSERT INTO go_terms (go_id, aspect) VALUES ('GO:0030246', 'F');
INSERT INTO go_terms (go_id, aspect) VALUES ('GO:0030248', 'F');
INSERT INTO go_terms (go_id, aspect) VALUES ('GO:0008641', 'F');
INSERT INTO go_terms (go_id, aspect) VALUES ('GO:0006629', 'P');
INSERT INTO go_terms (go_id, aspect) VALUES ('GO:0010468', 'P');
INSERT INTO go_terms (go_id, aspect) VALUES ('GO:0005507', 'F');
INSERT INTO go_terms (go_id, aspect) VALUES ('GO:0006825', 'P');
INSERT INTO go_terms (go_id, aspect) VALUES ('GO:0042597', 'C');
INSERT INTO go_terms (go_id, aspect) VALUES ('GO:0046688', 'P');
INSERT INTO go_terms (go_id, aspect) VALUES ('GO:0005576', 'C');
INSERT INTO go_terms (go_id, aspect) VALUES ('GO:0016772', 'F');
INSERT INTO go_terms (go_id, aspect) VALUES ('GO:0018106', 'P');
INSERT INTO go_terms (go_id, aspect) VALUES ('GO:0023014', 'P');
INSERT INTO go_terms (go_id, aspect) VALUES ('GO:0004638', 'F');
INSERT INTO go_terms (go_id, aspect) VALUES ('GO:0006189', 'P');
INSERT INTO go_terms (go_id, aspect) VALUES ('GO:0034028', 'F');

-- Insert PROTEIN_GO_ANNOTATIONS
INSERT INTO protein_go_annotations (protein_id, go_id, evidence_code, reference, assigned_by, date) VALUES ('A4IJ84', 'GO:0000166', 'IEA', 'GO_REF:0000037', 'UniProt', '2019-12-14');
INSERT INTO protein_go_annotations (protein_id, go_id, evidence_code, reference, assigned_by, date) VALUES ('A4IJ84', 'GO:0003677', 'IEA', 'GO_REF:0000002', 'InterPro', '2019-12-14');
INSERT INTO protein_go_annotations (protein_id, go_id, evidence_code, reference, assigned_by, date) VALUES ('A4IJ84', 'GO:0003677', 'IEA', 'GO_REF:0000037', 'UniProt', '2019-12-14');
INSERT INTO protein_go_annotations (protein_id, go_id, evidence_code, reference, assigned_by, date) VALUES ('A4IJ84', 'GO:0003688', 'IEA', 'GO_REF:0000002', 'InterPro', '2019-12-14');
INSERT INTO protein_go_annotations (protein_id, go_id, evidence_code, reference, assigned_by, date) VALUES ('A4IJ84', 'GO:0003688', 'IEA', 'GO_REF:0000104', 'UniProt', '2019-12-14');
INSERT INTO protein_go_annotations (protein_id, go_id, evidence_code, reference, assigned_by, date) VALUES ('A4IJ84', 'GO:0005524', 'IEA', 'GO_REF:0000002', 'InterPro', '2019-12-14');
INSERT INTO protein_go_annotations (protein_id, go_id, evidence_code, reference, assigned_by, date) VALUES ('A4IJ84', 'GO:0005524', 'IEA', 'GO_REF:0000037', 'UniProt', '2019-12-14');
INSERT INTO protein_go_annotations (protein_id, go_id, evidence_code, reference, assigned_by, date) VALUES ('A4IJ84', 'GO:0005524', 'IEA', 'GO_REF:0000104', 'UniProt', '2019-12-14');
INSERT INTO protein_go_annotations (protein_id, go_id, evidence_code, reference, assigned_by, date) VALUES ('A4IJ84', 'GO:0005737', 'IEA', 'GO_REF:0000037', 'UniProt', '2019-12-14');
INSERT INTO protein_go_annotations (protein_id, go_id, evidence_code, reference, assigned_by, date) VALUES ('A4IJ84', 'GO:0005737', 'IEA', 'GO_REF:0000039', 'UniProt', '2019-12-14');
INSERT INTO protein_go_annotations (protein_id, go_id, evidence_code, reference, assigned_by, date) VALUES ('A4IJ84', 'GO:0005737', 'IEA', 'GO_REF:0000104', 'UniProt', '2019-12-14');
INSERT INTO protein_go_annotations (protein_id, go_id, evidence_code, reference, assigned_by, date) VALUES ('A4IJ84', 'GO:0006260', 'IEA', 'GO_REF:0000037', 'UniProt', '2019-12-14');
INSERT INTO protein_go_annotations (protein_id, go_id, evidence_code, reference, assigned_by, date) VALUES ('A4IJ84', 'GO:0006270', 'IEA', 'GO_REF:0000002', 'InterPro', '2019-12-14');
INSERT INTO protein_go_annotations (protein_id, go_id, evidence_code, reference, assigned_by, date) VALUES ('A4IJ84', 'GO:0006270', 'IEA', 'GO_REF:0000104', 'UniProt', '2019-12-14');
INSERT INTO protein_go_annotations (protein_id, go_id, evidence_code, reference, assigned_by, date) VALUES ('A4IJ84', 'GO:0006275', 'IEA', 'GO_REF:0000002', 'InterPro', '2019-12-14');
INSERT INTO protein_go_annotations (protein_id, go_id, evidence_code, reference, assigned_by, date) VALUES ('A4IJ84', 'GO:0006275', 'IEA', 'GO_REF:0000104', 'UniProt', '2019-12-14');
INSERT INTO protein_go_annotations (protein_id, go_id, evidence_code, reference, assigned_by, date) VALUES ('A4IJ84', 'GO:0043565', 'IEA', 'GO_REF:0000002', 'InterPro', '2019-12-14');
INSERT INTO protein_go_annotations (protein_id, go_id, evidence_code, reference, assigned_by, date) VALUES ('A4IJ85', 'GO:0003677', 'IEA', 'GO_REF:0000002', 'InterPro', '2019-12-14');
INSERT INTO protein_go_annotations (protein_id, go_id, evidence_code, reference, assigned_by, date) VALUES ('A4IJ85', 'GO:0003677', 'IEA', 'GO_REF:0000038', 'UniProt', '2019-12-14');
INSERT INTO protein_go_annotations (protein_id, go_id, evidence_code, reference, assigned_by, date) VALUES ('A4IJ85', 'GO:0003677', 'IEA', 'GO_REF:0000104', 'UniProt', '2019-12-14');
INSERT INTO protein_go_annotations (protein_id, go_id, evidence_code, reference, assigned_by, date) VALUES ('A4IJ85', 'GO:0003887', 'IEA', 'GO_REF:0000002', 'InterPro', '2019-12-14');
INSERT INTO protein_go_annotations (protein_id, go_id, evidence_code, reference, assigned_by, date) VALUES ('A4IJ85', 'GO:0003887', 'IEA', 'GO_REF:0000038', 'UniProt', '2019-12-14');
INSERT INTO protein_go_annotations (protein_id, go_id, evidence_code, reference, assigned_by, date) VALUES ('A4IJ85', 'GO:0003887', 'IEA', 'GO_REF:0000104', 'UniProt', '2019-12-14');
INSERT INTO protein_go_annotations (protein_id, go_id, evidence_code, reference, assigned_by, date) VALUES ('A4IJ85', 'GO:0005737', 'IEA', 'GO_REF:0000038', 'UniProt', '2019-12-14');
INSERT INTO protein_go_annotations (protein_id, go_id, evidence_code, reference, assigned_by, date) VALUES ('A4IJ85', 'GO:0005737', 'IEA', 'GO_REF:0000040', 'UniProt', '2019-12-14');
INSERT INTO protein_go_annotations (protein_id, go_id, evidence_code, reference, assigned_by, date) VALUES ('A4IJ85', 'GO:0005737', 'IEA', 'GO_REF:0000104', 'UniProt', '2019-12-14');
INSERT INTO protein_go_annotations (protein_id, go_id, evidence_code, reference, assigned_by, date) VALUES ('A4IJ85', 'GO:0006260', 'IEA', 'GO_REF:0000002', 'InterPro', '2019-12-14');
INSERT INTO protein_go_annotations (protein_id, go_id, evidence_code, reference, assigned_by, date) VALUES ('A4IJ85', 'GO:0006260', 'IEA', 'GO_REF:0000038', 'UniProt', '2019-12-14');
INSERT INTO protein_go_annotations (protein_id, go_id, evidence_code, reference, assigned_by, date) VALUES ('A4IJ85', 'GO:0006260', 'IEA', 'GO_REF:0000104', 'UniProt', '2019-12-14');
INSERT INTO protein_go_annotations (protein_id, go_id, evidence_code, reference, assigned_by, date) VALUES ('A4IJ85', 'GO:0008408', 'IEA', 'GO_REF:0000002', 'InterPro', '2019-12-14');
INSERT INTO protein_go_annotations (protein_id, go_id, evidence_code, reference, assigned_by, date) VALUES ('A4IJ85', 'GO:0009360', 'IEA', 'GO_REF:0000002', 'InterPro', '2019-12-14');
INSERT INTO protein_go_annotations (protein_id, go_id, evidence_code, reference, assigned_by, date) VALUES ('A4IJ85', 'GO:0016740', 'IEA', 'GO_REF:0000038', 'UniProt', '2019-12-14');
INSERT INTO protein_go_annotations (protein_id, go_id, evidence_code, reference, assigned_by, date) VALUES ('A4IJ85', 'GO:0016779', 'IEA', 'GO_REF:0000038', 'UniProt', '2019-12-14');
INSERT INTO protein_go_annotations (protein_id, go_id, evidence_code, reference, assigned_by, date) VALUES ('A4IJ85', 'GO:0071897', 'IEA', 'GO_REF:0000108', 'GOC', '2019-12-15');
INSERT INTO protein_go_annotations (protein_id, go_id, evidence_code, reference, assigned_by, date) VALUES ('A4IJ85', 'GO:0090305', 'IEA', 'GO_REF:0000108', 'GOC', '2019-12-15');
INSERT INTO protein_go_annotations (protein_id, go_id, evidence_code, reference, assigned_by, date) VALUES ('A4IJ86', 'GO:0003723', 'IEA', 'GO_REF:0000002', 'InterPro', '2019-12-14');
INSERT INTO protein_go_annotations (protein_id, go_id, evidence_code, reference, assigned_by, date) VALUES ('A4IJ86', 'GO:0003723', 'IEA', 'GO_REF:0000038', 'UniProt', '2019-12-14');
INSERT INTO protein_go_annotations (protein_id, go_id, evidence_code, reference, assigned_by, date) VALUES ('A4IJ87', 'GO:0000166', 'IEA', 'GO_REF:0000037', 'UniProt', '2019-12-14');
INSERT INTO protein_go_annotations (protein_id, go_id, evidence_code, reference, assigned_by, date) VALUES ('A4IJ87', 'GO:0003677', 'IEA', 'GO_REF:0000037', 'UniProt', '2019-12-14');
INSERT INTO protein_go_annotations (protein_id, go_id, evidence_code, reference, assigned_by, date) VALUES ('A4IJ87', 'GO:0003697', 'IEA', 'GO_REF:0000002', 'InterPro', '2019-12-14');
INSERT INTO protein_go_annotations (protein_id, go_id, evidence_code, reference, assigned_by, date) VALUES ('A4IJ87', 'GO:0003697', 'IEA', 'GO_REF:0000104', 'UniProt', '2019-12-14');
INSERT INTO protein_go_annotations (protein_id, go_id, evidence_code, reference, assigned_by, date) VALUES ('A4IJ87', 'GO:0005524', 'IEA', 'GO_REF:0000002', 'InterPro', '2019-12-14');
INSERT INTO protein_go_annotations (protein_id, go_id, evidence_code, reference, assigned_by, date) VALUES ('A4IJ87', 'GO:0005524', 'IEA', 'GO_REF:0000037', 'UniProt', '2019-12-14');
INSERT INTO protein_go_annotations (protein_id, go_id, evidence_code, reference, assigned_by, date) VALUES ('A4IJ87', 'GO:0005524', 'IEA', 'GO_REF:0000104', 'UniProt', '2019-12-14');
INSERT INTO protein_go_annotations (protein_id, go_id, evidence_code, reference, assigned_by, date) VALUES ('A4IJ87', 'GO:0005737', 'IEA', 'GO_REF:0000037', 'UniProt', '2019-12-14');
INSERT INTO protein_go_annotations (protein_id, go_id, evidence_code, reference, assigned_by, date) VALUES ('A4IJ87', 'GO:0005737', 'IEA', 'GO_REF:0000039', 'UniProt', '2019-12-14');
INSERT INTO protein_go_annotations (protein_id, go_id, evidence_code, reference, assigned_by, date) VALUES ('A4IJ87', 'GO:0005737', 'IEA', 'GO_REF:0000104', 'UniProt', '2019-12-14');
INSERT INTO protein_go_annotations (protein_id, go_id, evidence_code, reference, assigned_by, date) VALUES ('A4IJ87', 'GO:0006260', 'IEA', 'GO_REF:0000037', 'UniProt', '2019-12-14');
INSERT INTO protein_go_annotations (protein_id, go_id, evidence_code, reference, assigned_by, date) VALUES ('A4IJ87', 'GO:0006260', 'IEA', 'GO_REF:0000104', 'UniProt', '2019-12-14');
INSERT INTO protein_go_annotations (protein_id, go_id, evidence_code, reference, assigned_by, date) VALUES ('A4IJ87', 'GO:0006281', 'IEA', 'GO_REF:0000002', 'InterPro', '2019-12-14');
INSERT INTO protein_go_annotations (protein_id, go_id, evidence_code, reference, assigned_by, date) VALUES ('A4IJ87', 'GO:0006281', 'IEA', 'GO_REF:0000037', 'UniProt', '2019-12-14');
INSERT INTO protein_go_annotations (protein_id, go_id, evidence_code, reference, assigned_by, date) VALUES ('A4IJ87', 'GO:0006281', 'IEA', 'GO_REF:0000104', 'UniProt', '2019-12-14');
INSERT INTO protein_go_annotations (protein_id, go_id, evidence_code, reference, assigned_by, date) VALUES ('A4IJ87', 'GO:0006974', 'IEA', 'GO_REF:0000037', 'UniProt', '2019-12-14');
INSERT INTO protein_go_annotations (protein_id, go_id, evidence_code, reference, assigned_by, date) VALUES ('A4IJ87', 'GO:0006974', 'IEA', 'GO_REF:0000104', 'UniProt', '2019-12-14');
INSERT INTO protein_go_annotations (protein_id, go_id, evidence_code, reference, assigned_by, date) VALUES ('A4IJ87', 'GO:0009432', 'IEA', 'GO_REF:0000037', 'UniProt', '2019-12-14');
INSERT INTO protein_go_annotations (protein_id, go_id, evidence_code, reference, assigned_by, date) VALUES ('A4IJ87', 'GO:0009432', 'IEA', 'GO_REF:0000104', 'UniProt', '2019-12-14');
INSERT INTO protein_go_annotations (protein_id, go_id, evidence_code, reference, assigned_by, date) VALUES ('A4IJ88', 'GO:0000166', 'IEA', 'GO_REF:0000038', 'UniProt', '2019-12-14');
INSERT INTO protein_go_annotations (protein_id, go_id, evidence_code, reference, assigned_by, date) VALUES ('A4IJ88', 'GO:0003677', 'IEA', 'GO_REF:0000002', 'InterPro', '2019-12-14');
INSERT INTO protein_go_annotations (protein_id, go_id, evidence_code, reference, assigned_by, date) VALUES ('A4IJ88', 'GO:0003677', 'IEA', 'GO_REF:0000038', 'UniProt', '2019-12-14');
INSERT INTO protein_go_annotations (protein_id, go_id, evidence_code, reference, assigned_by, date) VALUES ('A4IJ88', 'GO:0003916', 'IEA', 'GO_REF:0000038', 'UniProt', '2019-12-14');
INSERT INTO protein_go_annotations (protein_id, go_id, evidence_code, reference, assigned_by, date) VALUES ('A4IJ88', 'GO:0003918', 'IEA', 'GO_REF:0000002', 'InterPro', '2019-12-14');
INSERT INTO protein_go_annotations (protein_id, go_id, evidence_code, reference, assigned_by, date) VALUES ('A4IJ88', 'GO:0003918', 'IEA', 'GO_REF:0000003', 'UniProt', '2019-12-14');
INSERT INTO protein_go_annotations (protein_id, go_id, evidence_code, reference, assigned_by, date) VALUES ('A4IJ88', 'GO:0003918', 'IEA', 'GO_REF:0000104', 'UniProt', '2019-12-14');
INSERT INTO protein_go_annotations (protein_id, go_id, evidence_code, reference, assigned_by, date) VALUES ('A4IJ88', 'GO:0005524', 'IEA', 'GO_REF:0000002', 'InterPro', '2019-12-14');
INSERT INTO protein_go_annotations (protein_id, go_id, evidence_code, reference, assigned_by, date) VALUES ('A4IJ88', 'GO:0005524', 'IEA', 'GO_REF:0000038', 'UniProt', '2019-12-14');
INSERT INTO protein_go_annotations (protein_id, go_id, evidence_code, reference, assigned_by, date) VALUES ('A4IJ88', 'GO:0005524', 'IEA', 'GO_REF:0000104', 'UniProt', '2019-12-14');
INSERT INTO protein_go_annotations (protein_id, go_id, evidence_code, reference, assigned_by, date) VALUES ('A4IJ88', 'GO:0005694', 'IEA', 'GO_REF:0000002', 'InterPro', '2019-12-14');
INSERT INTO protein_go_annotations (protein_id, go_id, evidence_code, reference, assigned_by, date) VALUES ('A4IJ88', 'GO:0005737', 'IEA', 'GO_REF:0000038', 'UniProt', '2019-12-14');
INSERT INTO protein_go_annotations (protein_id, go_id, evidence_code, reference, assigned_by, date) VALUES ('A4IJ88', 'GO:0005737', 'IEA', 'GO_REF:0000040', 'UniProt', '2019-12-14');
INSERT INTO protein_go_annotations (protein_id, go_id, evidence_code, reference, assigned_by, date) VALUES ('A4IJ88', 'GO:0005737', 'IEA', 'GO_REF:0000104', 'UniProt', '2019-12-14');
INSERT INTO protein_go_annotations (protein_id, go_id, evidence_code, reference, assigned_by, date) VALUES ('A4IJ88', 'GO:0006261', 'IEA', 'GO_REF:0000104', 'UniProt', '2019-12-14');
INSERT INTO protein_go_annotations (protein_id, go_id, evidence_code, reference, assigned_by, date) VALUES ('A4IJ88', 'GO:0006265', 'IEA', 'GO_REF:0000002', 'InterPro', '2019-12-14');
INSERT INTO protein_go_annotations (protein_id, go_id, evidence_code, reference, assigned_by, date) VALUES ('A4IJ88', 'GO:0006265', 'IEA', 'GO_REF:0000104', 'UniProt', '2019-12-14');
INSERT INTO protein_go_annotations (protein_id, go_id, evidence_code, reference, assigned_by, date) VALUES ('A4IJ88', 'GO:0016853', 'IEA', 'GO_REF:0000038', 'UniProt', '2019-12-14');
INSERT INTO protein_go_annotations (protein_id, go_id, evidence_code, reference, assigned_by, date) VALUES ('A4IJ88', 'GO:0046872', 'IEA', 'GO_REF:0000038', 'UniProt', '2019-12-14');
INSERT INTO protein_go_annotations (protein_id, go_id, evidence_code, reference, assigned_by, date) VALUES ('A4IJ89', 'GO:0000166', 'IEA', 'GO_REF:0000038', 'UniProt', '2019-12-14');
INSERT INTO protein_go_annotations (protein_id, go_id, evidence_code, reference, assigned_by, date) VALUES ('A4IJ89', 'GO:0003677', 'IEA', 'GO_REF:0000002', 'InterPro', '2019-12-14');
INSERT INTO protein_go_annotations (protein_id, go_id, evidence_code, reference, assigned_by, date) VALUES ('A4IJ89', 'GO:0003677', 'IEA', 'GO_REF:0000038', 'UniProt', '2019-12-14');
INSERT INTO protein_go_annotations (protein_id, go_id, evidence_code, reference, assigned_by, date) VALUES ('A4IJ89', 'GO:0003677', 'IEA', 'GO_REF:0000104', 'UniProt', '2019-12-14');
INSERT INTO protein_go_annotations (protein_id, go_id, evidence_code, reference, assigned_by, date) VALUES ('A4IJ89', 'GO:0003916', 'IEA', 'GO_REF:0000002', 'InterPro', '2019-12-14');
INSERT INTO protein_go_annotations (protein_id, go_id, evidence_code, reference, assigned_by, date) VALUES ('A4IJ89', 'GO:0003916', 'IEA', 'GO_REF:0000038', 'UniProt', '2019-12-14');
INSERT INTO protein_go_annotations (protein_id, go_id, evidence_code, reference, assigned_by, date) VALUES ('A4IJ89', 'GO:0003918', 'IEA', 'GO_REF:0000002', 'InterPro', '2019-12-14');
INSERT INTO protein_go_annotations (protein_id, go_id, evidence_code, reference, assigned_by, date) VALUES ('A4IJ89', 'GO:0003918', 'IEA', 'GO_REF:0000003', 'UniProt', '2019-12-14');
INSERT INTO protein_go_annotations (protein_id, go_id, evidence_code, reference, assigned_by, date) VALUES ('A4IJ89', 'GO:0003918', 'IEA', 'GO_REF:0000104', 'UniProt', '2019-12-14');
INSERT INTO protein_go_annotations (protein_id, go_id, evidence_code, reference, assigned_by, date) VALUES ('A4IJ89', 'GO:0005524', 'IEA', 'GO_REF:0000002', 'InterPro', '2019-12-14');
INSERT INTO protein_go_annotations (protein_id, go_id, evidence_code, reference, assigned_by, date) VALUES ('A4IJ89', 'GO:0005524', 'IEA', 'GO_REF:0000038', 'UniProt', '2019-12-14');
INSERT INTO protein_go_annotations (protein_id, go_id, evidence_code, reference, assigned_by, date) VALUES ('A4IJ89', 'GO:0005524', 'IEA', 'GO_REF:0000104', 'UniProt', '2019-12-14');
INSERT INTO protein_go_annotations (protein_id, go_id, evidence_code, reference, assigned_by, date) VALUES ('A4IJ89', 'GO:0005694', 'IEA', 'GO_REF:0000002', 'InterPro', '2019-12-14');
INSERT INTO protein_go_annotations (protein_id, go_id, evidence_code, reference, assigned_by, date) VALUES ('A4IJ89', 'GO:0005737', 'IEA', 'GO_REF:0000038', 'UniProt', '2019-12-14');
INSERT INTO protein_go_annotations (protein_id, go_id, evidence_code, reference, assigned_by, date) VALUES ('A4IJ89', 'GO:0005737', 'IEA', 'GO_REF:0000040', 'UniProt', '2019-12-14');
INSERT INTO protein_go_annotations (protein_id, go_id, evidence_code, reference, assigned_by, date) VALUES ('A4IJ89', 'GO:0005737', 'IEA', 'GO_REF:0000104', 'UniProt', '2019-12-14');
INSERT INTO protein_go_annotations (protein_id, go_id, evidence_code, reference, assigned_by, date) VALUES ('A4IJ89', 'GO:0006259', 'IEA', 'GO_REF:0000002', 'InterPro', '2019-12-14');
INSERT INTO protein_go_annotations (protein_id, go_id, evidence_code, reference, assigned_by, date) VALUES ('A4IJ89', 'GO:0006261', 'IEA', 'GO_REF:0000104', 'UniProt', '2019-12-14');
INSERT INTO protein_go_annotations (protein_id, go_id, evidence_code, reference, assigned_by, date) VALUES ('A4IJ89', 'GO:0006265', 'IEA', 'GO_REF:0000002', 'InterPro', '2019-12-14');
INSERT INTO protein_go_annotations (protein_id, go_id, evidence_code, reference, assigned_by, date) VALUES ('A4IJ89', 'GO:0006265', 'IEA', 'GO_REF:0000104', 'UniProt', '2019-12-14');
INSERT INTO protein_go_annotations (protein_id, go_id, evidence_code, reference, assigned_by, date) VALUES ('A4IJ89', 'GO:0016853', 'IEA', 'GO_REF:0000038', 'UniProt', '2019-12-14');
INSERT INTO protein_go_annotations (protein_id, go_id, evidence_code, reference, assigned_by, date) VALUES ('A4IJ92', 'GO:0000166', 'IEA', 'GO_REF:0000104', 'UniProt', '2019-12-14');
INSERT INTO protein_go_annotations (protein_id, go_id, evidence_code, reference, assigned_by, date) VALUES ('A4IJ92', 'GO:0003824', 'IEA', 'GO_REF:0000002', 'InterPro', '2019-12-14');
INSERT INTO protein_go_annotations (protein_id, go_id, evidence_code, reference, assigned_by, date) VALUES ('A4IJ92', 'GO:0003938', 'IEA', 'GO_REF:0000002', 'InterPro', '2019-12-14');
INSERT INTO protein_go_annotations (protein_id, go_id, evidence_code, reference, assigned_by, date) VALUES ('A4IJ92', 'GO:0003938', 'IEA', 'GO_REF:0000003', 'UniProt', '2019-12-14');
INSERT INTO protein_go_annotations (protein_id, go_id, evidence_code, reference, assigned_by, date) VALUES ('A4IJ92', 'GO:0003938', 'IEA', 'GO_REF:0000104', 'UniProt', '2019-12-14');
INSERT INTO protein_go_annotations (protein_id, go_id, evidence_code, reference, assigned_by, date) VALUES ('A4IJ92', 'GO:0006164', 'IEA', 'GO_REF:0000002', 'InterPro', '2019-12-14');
INSERT INTO protein_go_annotations (protein_id, go_id, evidence_code, reference, assigned_by, date) VALUES ('A4IJ92', 'GO:0006164', 'IEA', 'GO_REF:0000038', 'UniProt', '2019-12-14');
INSERT INTO protein_go_annotations (protein_id, go_id, evidence_code, reference, assigned_by, date) VALUES ('A4IJ92', 'GO:0006177', 'IEA', 'GO_REF:0000038', 'UniProt', '2019-12-14');
INSERT INTO protein_go_annotations (protein_id, go_id, evidence_code, reference, assigned_by, date) VALUES ('A4IJ92', 'GO:0006177', 'IEA', 'GO_REF:0000104', 'UniProt', '2019-12-14');
INSERT INTO protein_go_annotations (protein_id, go_id, evidence_code, reference, assigned_by, date) VALUES ('A4IJ92', 'GO:0016491', 'IEA', 'GO_REF:0000002', 'InterPro', '2019-12-14');
INSERT INTO protein_go_annotations (protein_id, go_id, evidence_code, reference, assigned_by, date) VALUES ('A4IJ92', 'GO:0016491', 'IEA', 'GO_REF:0000038', 'UniProt', '2019-12-14');
INSERT INTO protein_go_annotations (protein_id, go_id, evidence_code, reference, assigned_by, date) VALUES ('A4IJ92', 'GO:0046872', 'IEA', 'GO_REF:0000038', 'UniProt', '2019-12-14');
INSERT INTO protein_go_annotations (protein_id, go_id, evidence_code, reference, assigned_by, date) VALUES ('A4IJ92', 'GO:0046872', 'IEA', 'GO_REF:0000104', 'UniProt', '2019-12-14');
INSERT INTO protein_go_annotations (protein_id, go_id, evidence_code, reference, assigned_by, date) VALUES ('A4IJ92', 'GO:0055114', 'IEA', 'GO_REF:0000002', 'InterPro', '2019-12-14');
INSERT INTO protein_go_annotations (protein_id, go_id, evidence_code, reference, assigned_by, date) VALUES ('A4IJ92', 'GO:0055114', 'IEA', 'GO_REF:0000038', 'UniProt', '2019-12-14');
INSERT INTO protein_go_annotations (protein_id, go_id, evidence_code, reference, assigned_by, date) VALUES ('A4IJ93', 'GO:0004180', 'IEA', 'GO_REF:0000002', 'InterPro', '2019-12-14');
INSERT INTO protein_go_annotations (protein_id, go_id, evidence_code, reference, assigned_by, date) VALUES ('A4IJ93', 'GO:0004180', 'IEA', 'GO_REF:0000038', 'UniProt', '2019-12-14');
INSERT INTO protein_go_annotations (protein_id, go_id, evidence_code, reference, assigned_by, date) VALUES ('A4IJ93', 'GO:0006508', 'IEA', 'GO_REF:0000002', 'InterPro', '2019-12-14');
INSERT INTO protein_go_annotations (protein_id, go_id, evidence_code, reference, assigned_by, date) VALUES ('A4IJ93', 'GO:0009002', 'IEA', 'GO_REF:0000002', 'InterPro', '2019-12-14');
INSERT INTO protein_go_annotations (protein_id, go_id, evidence_code, reference, assigned_by, date) VALUES ('A4IJ94', 'GO:0003824', 'IEA', 'GO_REF:0000002', 'InterPro', '2019-12-14');
INSERT INTO protein_go_annotations (protein_id, go_id, evidence_code, reference, assigned_by, date) VALUES ('A4IJ94', 'GO:0016829', 'IEA', 'GO_REF:0000037', 'UniProt', '2019-12-14');
INSERT INTO protein_go_annotations (protein_id, go_id, evidence_code, reference, assigned_by, date) VALUES ('A4IJ94', 'GO:0036381', 'IEA', 'GO_REF:0000003', 'UniProt', '2019-12-14');
INSERT INTO protein_go_annotations (protein_id, go_id, evidence_code, reference, assigned_by, date) VALUES ('A4IJ94', 'GO:0036381', 'IEA', 'GO_REF:0000104', 'UniProt', '2019-12-14');
INSERT INTO protein_go_annotations (protein_id, go_id, evidence_code, reference, assigned_by, date) VALUES ('A4IJ94', 'GO:0042819', 'IEA', 'GO_REF:0000002', 'InterPro', '2019-12-14');
INSERT INTO protein_go_annotations (protein_id, go_id, evidence_code, reference, assigned_by, date) VALUES ('A4IJ94', 'GO:0042823', 'IEA', 'GO_REF:0000002', 'InterPro', '2019-12-14');
INSERT INTO protein_go_annotations (protein_id, go_id, evidence_code, reference, assigned_by, date) VALUES ('A4IJ94', 'GO:0042823', 'IEA', 'GO_REF:0000041', 'UniProt', '2019-12-14');
INSERT INTO protein_go_annotations (protein_id, go_id, evidence_code, reference, assigned_by, date) VALUES ('A4IJ94', 'GO:0042823', 'IEA', 'GO_REF:0000104', 'UniProt', '2019-12-14');
INSERT INTO protein_go_annotations (protein_id, go_id, evidence_code, reference, assigned_by, date) VALUES ('A4IJ95', 'GO:0004359', 'IEA', 'GO_REF:0000002', 'InterPro', '2019-12-14');
INSERT INTO protein_go_annotations (protein_id, go_id, evidence_code, reference, assigned_by, date) VALUES ('A4IJ95', 'GO:0004359', 'IEA', 'GO_REF:0000003', 'UniProt', '2019-12-14');
INSERT INTO protein_go_annotations (protein_id, go_id, evidence_code, reference, assigned_by, date) VALUES ('A4IJ95', 'GO:0004359', 'IEA', 'GO_REF:0000104', 'UniProt', '2019-12-14');
INSERT INTO protein_go_annotations (protein_id, go_id, evidence_code, reference, assigned_by, date) VALUES ('A4IJ95', 'GO:0006541', 'IEA', 'GO_REF:0000037', 'UniProt', '2019-12-14');
INSERT INTO protein_go_annotations (protein_id, go_id, evidence_code, reference, assigned_by, date) VALUES ('A4IJ95', 'GO:0006543', 'IEA', 'GO_REF:0000104', 'UniProt', '2019-12-14');
INSERT INTO protein_go_annotations (protein_id, go_id, evidence_code, reference, assigned_by, date) VALUES ('A4IJ95', 'GO:0016787', 'IEA', 'GO_REF:0000037', 'UniProt', '2019-12-14');
INSERT INTO protein_go_annotations (protein_id, go_id, evidence_code, reference, assigned_by, date) VALUES ('A4IJ95', 'GO:0016829', 'IEA', 'GO_REF:0000037', 'UniProt', '2019-12-14');
INSERT INTO protein_go_annotations (protein_id, go_id, evidence_code, reference, assigned_by, date) VALUES ('A4IJ95', 'GO:0036381', 'IEA', 'GO_REF:0000003', 'UniProt', '2019-12-14');
INSERT INTO protein_go_annotations (protein_id, go_id, evidence_code, reference, assigned_by, date) VALUES ('A4IJ95', 'GO:0036381', 'IEA', 'GO_REF:0000104', 'UniProt', '2019-12-14');
INSERT INTO protein_go_annotations (protein_id, go_id, evidence_code, reference, assigned_by, date) VALUES ('A4IJ95', 'GO:0042819', 'IEA', 'GO_REF:0000002', 'InterPro', '2019-12-14');
INSERT INTO protein_go_annotations (protein_id, go_id, evidence_code, reference, assigned_by, date) VALUES ('A4IJ95', 'GO:0042823', 'IEA', 'GO_REF:0000002', 'InterPro', '2019-12-14');
INSERT INTO protein_go_annotations (protein_id, go_id, evidence_code, reference, assigned_by, date) VALUES ('A4IJ95', 'GO:0042823', 'IEA', 'GO_REF:0000041', 'UniProt', '2019-12-14');
INSERT INTO protein_go_annotations (protein_id, go_id, evidence_code, reference, assigned_by, date) VALUES ('A4IJ95', 'GO:0042823', 'IEA', 'GO_REF:0000104', 'UniProt', '2019-12-14');
INSERT INTO protein_go_annotations (protein_id, go_id, evidence_code, reference, assigned_by, date) VALUES ('A4IJ96', 'GO:0000166', 'IEA', 'GO_REF:0000002', 'InterPro', '2019-12-14');
INSERT INTO protein_go_annotations (protein_id, go_id, evidence_code, reference, assigned_by, date) VALUES ('A4IJ96', 'GO:0000166', 'IEA', 'GO_REF:0000037', 'UniProt', '2019-12-14');
INSERT INTO protein_go_annotations (protein_id, go_id, evidence_code, reference, assigned_by, date) VALUES ('A4IJ96', 'GO:0004812', 'IEA', 'GO_REF:0000002', 'InterPro', '2019-12-14');
INSERT INTO protein_go_annotations (protein_id, go_id, evidence_code, reference, assigned_by, date) VALUES ('A4IJ96', 'GO:0004812', 'IEA', 'GO_REF:0000037', 'UniProt', '2019-12-14');
INSERT INTO protein_go_annotations (protein_id, go_id, evidence_code, reference, assigned_by, date) VALUES ('A4IJ96', 'GO:0004828', 'IEA', 'GO_REF:0000002', 'InterPro', '2019-12-14');
INSERT INTO protein_go_annotations (protein_id, go_id, evidence_code, reference, assigned_by, date) VALUES ('A4IJ96', 'GO:0004828', 'IEA', 'GO_REF:0000003', 'UniProt', '2019-12-14');
INSERT INTO protein_go_annotations (protein_id, go_id, evidence_code, reference, assigned_by, date) VALUES ('A4IJ96', 'GO:0004828', 'IEA', 'GO_REF:0000104', 'UniProt', '2019-12-14');
INSERT INTO protein_go_annotations (protein_id, go_id, evidence_code, reference, assigned_by, date) VALUES ('A4IJ96', 'GO:0005524', 'IEA', 'GO_REF:0000002', 'InterPro', '2019-12-14');
INSERT INTO protein_go_annotations (protein_id, go_id, evidence_code, reference, assigned_by, date) VALUES ('A4IJ96', 'GO:0005524', 'IEA', 'GO_REF:0000037', 'UniProt', '2019-12-14');
INSERT INTO protein_go_annotations (protein_id, go_id, evidence_code, reference, assigned_by, date) VALUES ('A4IJ96', 'GO:0005524', 'IEA', 'GO_REF:0000104', 'UniProt', '2019-12-14');
INSERT INTO protein_go_annotations (protein_id, go_id, evidence_code, reference, assigned_by, date) VALUES ('A4IJ96', 'GO:0005737', 'IEA', 'GO_REF:0000037', 'UniProt', '2019-12-14');
INSERT INTO protein_go_annotations (protein_id, go_id, evidence_code, reference, assigned_by, date) VALUES ('A4IJ96', 'GO:0005737', 'IEA', 'GO_REF:0000039', 'UniProt', '2019-12-14');
INSERT INTO protein_go_annotations (protein_id, go_id, evidence_code, reference, assigned_by, date) VALUES ('A4IJ96', 'GO:0005737', 'IEA', 'GO_REF:0000104', 'UniProt', '2019-12-14');
INSERT INTO protein_go_annotations (protein_id, go_id, evidence_code, reference, assigned_by, date) VALUES ('A4IJ96', 'GO:0006412', 'IEA', 'GO_REF:0000037', 'UniProt', '2019-12-14');
INSERT INTO protein_go_annotations (protein_id, go_id, evidence_code, reference, assigned_by, date) VALUES ('A4IJ96', 'GO:0006418', 'IEA', 'GO_REF:0000002', 'InterPro', '2019-12-14');
INSERT INTO protein_go_annotations (protein_id, go_id, evidence_code, reference, assigned_by, date) VALUES ('A4IJ96', 'GO:0006434', 'IEA', 'GO_REF:0000002', 'InterPro', '2019-12-14');
INSERT INTO protein_go_annotations (protein_id, go_id, evidence_code, reference, assigned_by, date) VALUES ('A4IJ96', 'GO:0006434', 'IEA', 'GO_REF:0000104', 'UniProt', '2019-12-14');
INSERT INTO protein_go_annotations (protein_id, go_id, evidence_code, reference, assigned_by, date) VALUES ('A4IJ96', 'GO:0016260', 'IEA', 'GO_REF:0000104', 'UniProt', '2019-12-14');
INSERT INTO protein_go_annotations (protein_id, go_id, evidence_code, reference, assigned_by, date) VALUES ('A4IJ96', 'GO:0016874', 'IEA', 'GO_REF:0000037', 'UniProt', '2019-12-14');
INSERT INTO protein_go_annotations (protein_id, go_id, evidence_code, reference, assigned_by, date) VALUES ('A4IJ96', 'GO:0097056', 'IEA', 'GO_REF:0000041', 'UniProt', '2019-12-14');
INSERT INTO protein_go_annotations (protein_id, go_id, evidence_code, reference, assigned_by, date) VALUES ('A4IJ97', 'GO:0005975', 'IEA', 'GO_REF:0000002', 'InterPro', '2019-12-14');
INSERT INTO protein_go_annotations (protein_id, go_id, evidence_code, reference, assigned_by, date) VALUES ('A4IJ97', 'GO:0008061', 'IEA', 'GO_REF:0000002', 'InterPro', '2019-12-14');
INSERT INTO protein_go_annotations (protein_id, go_id, evidence_code, reference, assigned_by, date) VALUES ('A4IJ97', 'GO:0016787', 'IEA', 'GO_REF:0000038', 'UniProt', '2019-12-14');
INSERT INTO protein_go_annotations (protein_id, go_id, evidence_code, reference, assigned_by, date) VALUES ('A4IJ98', 'GO:0002100', 'IEA', 'GO_REF:0000002', 'InterPro', '2019-12-14');
INSERT INTO protein_go_annotations (protein_id, go_id, evidence_code, reference, assigned_by, date) VALUES ('A4IJ98', 'GO:0002100', 'IEA', 'GO_REF:0000104', 'UniProt', '2019-12-14');
INSERT INTO protein_go_annotations (protein_id, go_id, evidence_code, reference, assigned_by, date) VALUES ('A4IJ98', 'GO:0003824', 'IEA', 'GO_REF:0000002', 'InterPro', '2019-12-14');
INSERT INTO protein_go_annotations (protein_id, go_id, evidence_code, reference, assigned_by, date) VALUES ('A4IJ98', 'GO:0008033', 'IEA', 'GO_REF:0000038', 'UniProt', '2019-12-14');
INSERT INTO protein_go_annotations (protein_id, go_id, evidence_code, reference, assigned_by, date) VALUES ('A4IJ98', 'GO:0008251', 'IEA', 'GO_REF:0000002', 'InterPro', '2019-12-14');
INSERT INTO protein_go_annotations (protein_id, go_id, evidence_code, reference, assigned_by, date) VALUES ('A4IJ98', 'GO:0008270', 'IEA', 'GO_REF:0000002', 'InterPro', '2019-12-14');
INSERT INTO protein_go_annotations (protein_id, go_id, evidence_code, reference, assigned_by, date) VALUES ('A4IJ98', 'GO:0008270', 'IEA', 'GO_REF:0000104', 'UniProt', '2019-12-14');
INSERT INTO protein_go_annotations (protein_id, go_id, evidence_code, reference, assigned_by, date) VALUES ('A4IJ98', 'GO:0016787', 'IEA', 'GO_REF:0000002', 'InterPro', '2019-12-14');
INSERT INTO protein_go_annotations (protein_id, go_id, evidence_code, reference, assigned_by, date) VALUES ('A4IJ98', 'GO:0016787', 'IEA', 'GO_REF:0000038', 'UniProt', '2019-12-14');
INSERT INTO protein_go_annotations (protein_id, go_id, evidence_code, reference, assigned_by, date) VALUES ('A4IJ98', 'GO:0046872', 'IEA', 'GO_REF:0000038', 'UniProt', '2019-12-14');
INSERT INTO protein_go_annotations (protein_id, go_id, evidence_code, reference, assigned_by, date) VALUES ('A4IJ98', 'GO:0052717', 'IEA', 'GO_REF:0000104', 'UniProt', '2019-12-14');
INSERT INTO protein_go_annotations (protein_id, go_id, evidence_code, reference, assigned_by, date) VALUES ('A4IJ99', 'GO:0000166', 'IEA', 'GO_REF:0000038', 'UniProt', '2019-12-14');
INSERT INTO protein_go_annotations (protein_id, go_id, evidence_code, reference, assigned_by, date) VALUES ('A4IJ99', 'GO:0003677', 'IEA', 'GO_REF:0000002', 'InterPro', '2019-12-14');
INSERT INTO protein_go_annotations (protein_id, go_id, evidence_code, reference, assigned_by, date) VALUES ('A4IJ99', 'GO:0003887', 'IEA', 'GO_REF:0000002', 'InterPro', '2019-12-14');
INSERT INTO protein_go_annotations (protein_id, go_id, evidence_code, reference, assigned_by, date) VALUES ('A4IJ99', 'GO:0003887', 'IEA', 'GO_REF:0000003', 'UniProt', '2019-12-14');
INSERT INTO protein_go_annotations (protein_id, go_id, evidence_code, reference, assigned_by, date) VALUES ('A4IJ99', 'GO:0003887', 'IEA', 'GO_REF:0000038', 'UniProt', '2019-12-14');
INSERT INTO protein_go_annotations (protein_id, go_id, evidence_code, reference, assigned_by, date) VALUES ('A4IJ99', 'GO:0005524', 'IEA', 'GO_REF:0000002', 'InterPro', '2019-12-14');
INSERT INTO protein_go_annotations (protein_id, go_id, evidence_code, reference, assigned_by, date) VALUES ('A4IJ99', 'GO:0005524', 'IEA', 'GO_REF:0000038', 'UniProt', '2019-12-14');
INSERT INTO protein_go_annotations (protein_id, go_id, evidence_code, reference, assigned_by, date) VALUES ('A4IJ99', 'GO:0006260', 'IEA', 'GO_REF:0000002', 'InterPro', '2019-12-14');
INSERT INTO protein_go_annotations (protein_id, go_id, evidence_code, reference, assigned_by, date) VALUES ('A4IJ99', 'GO:0006260', 'IEA', 'GO_REF:0000038', 'UniProt', '2019-12-14');
INSERT INTO protein_go_annotations (protein_id, go_id, evidence_code, reference, assigned_by, date) VALUES ('A4IJ99', 'GO:0009360', 'IEA', 'GO_REF:0000002', 'InterPro', '2019-12-14');
INSERT INTO protein_go_annotations (protein_id, go_id, evidence_code, reference, assigned_by, date) VALUES ('A4IJ99', 'GO:0016740', 'IEA', 'GO_REF:0000038', 'UniProt', '2019-12-14');
INSERT INTO protein_go_annotations (protein_id, go_id, evidence_code, reference, assigned_by, date) VALUES ('A4IJ99', 'GO:0016779', 'IEA', 'GO_REF:0000038', 'UniProt', '2019-12-14');
INSERT INTO protein_go_annotations (protein_id, go_id, evidence_code, reference, assigned_by, date) VALUES ('A4IJ99', 'GO:0071897', 'IEA', 'GO_REF:0000108', 'GOC', '2019-12-15');
INSERT INTO protein_go_annotations (protein_id, go_id, evidence_code, reference, assigned_by, date) VALUES ('A4IJA0', 'GO:0003677', 'IEA', 'GO_REF:0000037', 'UniProt', '2019-12-14');
INSERT INTO protein_go_annotations (protein_id, go_id, evidence_code, reference, assigned_by, date) VALUES ('A4IJA0', 'GO:0003677', 'IEA', 'GO_REF:0000104', 'UniProt', '2019-12-14');
INSERT INTO protein_go_annotations (protein_id, go_id, evidence_code, reference, assigned_by, date) VALUES ('A4IJA0', 'GO:0005737', 'IEA', 'GO_REF:0000037', 'UniProt', '2019-12-14');
INSERT INTO protein_go_annotations (protein_id, go_id, evidence_code, reference, assigned_by, date) VALUES ('A4IJA0', 'GO:0005737', 'IEA', 'GO_REF:0000104', 'UniProt', '2019-12-14');
INSERT INTO protein_go_annotations (protein_id, go_id, evidence_code, reference, assigned_by, date) VALUES ('A4IJA0', 'GO:0009295', 'IEA', 'GO_REF:0000039', 'UniProt', '2019-12-14');
INSERT INTO protein_go_annotations (protein_id, go_id, evidence_code, reference, assigned_by, date) VALUES ('A4IJA0', 'GO:0043590', 'IEA', 'GO_REF:0000104', 'UniProt', '2019-12-14');
INSERT INTO protein_go_annotations (protein_id, go_id, evidence_code, reference, assigned_by, date) VALUES ('A4IJA1', 'GO:0003677', 'IEA', 'GO_REF:0000002', 'InterPro', '2019-12-14');
INSERT INTO protein_go_annotations (protein_id, go_id, evidence_code, reference, assigned_by, date) VALUES ('A4IJA1', 'GO:0003677', 'IEA', 'GO_REF:0000104', 'UniProt', '2019-12-14');
INSERT INTO protein_go_annotations (protein_id, go_id, evidence_code, reference, assigned_by, date) VALUES ('A4IJA1', 'GO:0006281', 'IEA', 'GO_REF:0000002', 'InterPro', '2019-12-14');
INSERT INTO protein_go_annotations (protein_id, go_id, evidence_code, reference, assigned_by, date) VALUES ('A4IJA1', 'GO:0006281', 'IEA', 'GO_REF:0000037', 'UniProt', '2019-12-14');
INSERT INTO protein_go_annotations (protein_id, go_id, evidence_code, reference, assigned_by, date) VALUES ('A4IJA1', 'GO:0006281', 'IEA', 'GO_REF:0000104', 'UniProt', '2019-12-14');
INSERT INTO protein_go_annotations (protein_id, go_id, evidence_code, reference, assigned_by, date) VALUES ('A4IJA1', 'GO:0006310', 'IEA', 'GO_REF:0000002', 'InterPro', '2019-12-14');
INSERT INTO protein_go_annotations (protein_id, go_id, evidence_code, reference, assigned_by, date) VALUES ('A4IJA1', 'GO:0006310', 'IEA', 'GO_REF:0000037', 'UniProt', '2019-12-14');
INSERT INTO protein_go_annotations (protein_id, go_id, evidence_code, reference, assigned_by, date) VALUES ('A4IJA1', 'GO:0006310', 'IEA', 'GO_REF:0000104', 'UniProt', '2019-12-14');
INSERT INTO protein_go_annotations (protein_id, go_id, evidence_code, reference, assigned_by, date) VALUES ('A4IJA1', 'GO:0006974', 'IEA', 'GO_REF:0000037', 'UniProt', '2019-12-14');
INSERT INTO protein_go_annotations (protein_id, go_id, evidence_code, reference, assigned_by, date) VALUES ('A4IJA1', 'GO:0046872', 'IEA', 'GO_REF:0000037', 'UniProt', '2019-12-14');
INSERT INTO protein_go_annotations (protein_id, go_id, evidence_code, reference, assigned_by, date) VALUES ('A4IJA3', 'GO:0016020', 'IEA', 'GO_REF:0000038', 'UniProt', '2019-12-14');
INSERT INTO protein_go_annotations (protein_id, go_id, evidence_code, reference, assigned_by, date) VALUES ('A4IKW3', 'GO:0030420', 'IEA', 'GO_REF:0000002', 'InterPro', '2019-12-14');
INSERT INTO protein_go_annotations (protein_id, go_id, evidence_code, reference, assigned_by, date) VALUES ('A4IL75', 'GO:0030420', 'IEA', 'GO_REF:0000038', 'UniProt', '2019-12-14');
INSERT INTO protein_go_annotations (protein_id, go_id, evidence_code, reference, assigned_by, date) VALUES ('A4IL75', 'GO:0045808', 'IEA', 'GO_REF:0000104', 'UniProt', '2019-12-14');
INSERT INTO protein_go_annotations (protein_id, go_id, evidence_code, reference, assigned_by, date) VALUES ('A4IQB7', 'GO:0030420', 'IEA', 'GO_REF:0000038', 'UniProt', '2019-12-14');
INSERT INTO protein_go_annotations (protein_id, go_id, evidence_code, reference, assigned_by, date) VALUES ('A4IQB7', 'GO:0045808', 'IEA', 'GO_REF:0000104', 'UniProt', '2019-12-14');
INSERT INTO protein_go_annotations (protein_id, go_id, evidence_code, reference, assigned_by, date) VALUES ('A4IQW2', 'GO:0030420', 'IEA', 'GO_REF:0000002', 'InterPro', '2019-12-14');
INSERT INTO protein_go_annotations (protein_id, go_id, evidence_code, reference, assigned_by, date) VALUES ('A4IQW3', 'GO:0030420', 'IEA', 'GO_REF:0000002', 'InterPro', '2019-12-14');
INSERT INTO protein_go_annotations (protein_id, go_id, evidence_code, reference, assigned_by, date) VALUES ('A4IQW3', 'GO:0030420', 'IEA', 'GO_REF:0000038', 'UniProt', '2019-12-14');
INSERT INTO protein_go_annotations (protein_id, go_id, evidence_code, reference, assigned_by, date) VALUES ('A4IQW3', 'GO:0030420', 'IEA', 'GO_REF:0000104', 'UniProt', '2019-12-14');
INSERT INTO protein_go_annotations (protein_id, go_id, evidence_code, reference, assigned_by, date) VALUES ('A4IR42', 'GO:0030420', 'IEA', 'GO_REF:0000002', 'InterPro', '2019-12-14');
INSERT INTO protein_go_annotations (protein_id, go_id, evidence_code, reference, assigned_by, date) VALUES ('D5D917', 'GO:0000166', 'IEA', 'GO_REF:0000038', 'UniProt', '2019-12-14');
INSERT INTO protein_go_annotations (protein_id, go_id, evidence_code, reference, assigned_by, date) VALUES ('D5D917', 'GO:0003677', 'IEA', 'GO_REF:0000002', 'InterPro', '2019-12-14');
INSERT INTO protein_go_annotations (protein_id, go_id, evidence_code, reference, assigned_by, date) VALUES ('D5D917', 'GO:0003677', 'IEA', 'GO_REF:0000038', 'UniProt', '2019-12-14');
INSERT INTO protein_go_annotations (protein_id, go_id, evidence_code, reference, assigned_by, date) VALUES ('D5D917', 'GO:0003688', 'IEA', 'GO_REF:0000002', 'InterPro', '2019-12-14');
INSERT INTO protein_go_annotations (protein_id, go_id, evidence_code, reference, assigned_by, date) VALUES ('D5D917', 'GO:0003688', 'IEA', 'GO_REF:0000104', 'UniProt', '2019-12-14');
INSERT INTO protein_go_annotations (protein_id, go_id, evidence_code, reference, assigned_by, date) VALUES ('D5D917', 'GO:0005524', 'IEA', 'GO_REF:0000002', 'InterPro', '2019-12-14');
INSERT INTO protein_go_annotations (protein_id, go_id, evidence_code, reference, assigned_by, date) VALUES ('D5D917', 'GO:0005524', 'IEA', 'GO_REF:0000038', 'UniProt', '2019-12-14');
INSERT INTO protein_go_annotations (protein_id, go_id, evidence_code, reference, assigned_by, date) VALUES ('D5D917', 'GO:0005524', 'IEA', 'GO_REF:0000104', 'UniProt', '2019-12-14');
INSERT INTO protein_go_annotations (protein_id, go_id, evidence_code, reference, assigned_by, date) VALUES ('D5D917', 'GO:0005737', 'IEA', 'GO_REF:0000038', 'UniProt', '2019-12-14');
INSERT INTO protein_go_annotations (protein_id, go_id, evidence_code, reference, assigned_by, date) VALUES ('D5D917', 'GO:0005737', 'IEA', 'GO_REF:0000040', 'UniProt', '2019-12-14');
INSERT INTO protein_go_annotations (protein_id, go_id, evidence_code, reference, assigned_by, date) VALUES ('D5D917', 'GO:0005737', 'IEA', 'GO_REF:0000104', 'UniProt', '2019-12-14');
INSERT INTO protein_go_annotations (protein_id, go_id, evidence_code, reference, assigned_by, date) VALUES ('D5D917', 'GO:0006260', 'IEA', 'GO_REF:0000038', 'UniProt', '2019-12-14');
INSERT INTO protein_go_annotations (protein_id, go_id, evidence_code, reference, assigned_by, date) VALUES ('D5D917', 'GO:0006270', 'IEA', 'GO_REF:0000002', 'InterPro', '2019-12-14');
INSERT INTO protein_go_annotations (protein_id, go_id, evidence_code, reference, assigned_by, date) VALUES ('D5D917', 'GO:0006270', 'IEA', 'GO_REF:0000104', 'UniProt', '2019-12-14');
INSERT INTO protein_go_annotations (protein_id, go_id, evidence_code, reference, assigned_by, date) VALUES ('D5D917', 'GO:0006275', 'IEA', 'GO_REF:0000002', 'InterPro', '2019-12-14');
INSERT INTO protein_go_annotations (protein_id, go_id, evidence_code, reference, assigned_by, date) VALUES ('D5D917', 'GO:0006275', 'IEA', 'GO_REF:0000104', 'UniProt', '2019-12-14');
INSERT INTO protein_go_annotations (protein_id, go_id, evidence_code, reference, assigned_by, date) VALUES ('D5D917', 'GO:0043565', 'IEA', 'GO_REF:0000002', 'InterPro', '2019-12-14');
INSERT INTO protein_go_annotations (protein_id, go_id, evidence_code, reference, assigned_by, date) VALUES ('D5D918', 'GO:0003677', 'IEA', 'GO_REF:0000002', 'InterPro', '2019-12-14');
INSERT INTO protein_go_annotations (protein_id, go_id, evidence_code, reference, assigned_by, date) VALUES ('D5D918', 'GO:0003677', 'IEA', 'GO_REF:0000038', 'UniProt', '2019-12-14');
INSERT INTO protein_go_annotations (protein_id, go_id, evidence_code, reference, assigned_by, date) VALUES ('D5D918', 'GO:0003677', 'IEA', 'GO_REF:0000104', 'UniProt', '2019-12-14');
INSERT INTO protein_go_annotations (protein_id, go_id, evidence_code, reference, assigned_by, date) VALUES ('D5D918', 'GO:0003887', 'IEA', 'GO_REF:0000002', 'InterPro', '2019-12-14');
INSERT INTO protein_go_annotations (protein_id, go_id, evidence_code, reference, assigned_by, date) VALUES ('D5D918', 'GO:0003887', 'IEA', 'GO_REF:0000038', 'UniProt', '2019-12-14');
INSERT INTO protein_go_annotations (protein_id, go_id, evidence_code, reference, assigned_by, date) VALUES ('D5D918', 'GO:0003887', 'IEA', 'GO_REF:0000104', 'UniProt', '2019-12-14');
INSERT INTO protein_go_annotations (protein_id, go_id, evidence_code, reference, assigned_by, date) VALUES ('D5D918', 'GO:0005737', 'IEA', 'GO_REF:0000038', 'UniProt', '2019-12-14');
INSERT INTO protein_go_annotations (protein_id, go_id, evidence_code, reference, assigned_by, date) VALUES ('D5D918', 'GO:0005737', 'IEA', 'GO_REF:0000040', 'UniProt', '2019-12-14');
INSERT INTO protein_go_annotations (protein_id, go_id, evidence_code, reference, assigned_by, date) VALUES ('D5D918', 'GO:0005737', 'IEA', 'GO_REF:0000104', 'UniProt', '2019-12-14');
INSERT INTO protein_go_annotations (protein_id, go_id, evidence_code, reference, assigned_by, date) VALUES ('D5D918', 'GO:0006260', 'IEA', 'GO_REF:0000002', 'InterPro', '2019-12-14');
INSERT INTO protein_go_annotations (protein_id, go_id, evidence_code, reference, assigned_by, date) VALUES ('D5D918', 'GO:0006260', 'IEA', 'GO_REF:0000038', 'UniProt', '2019-12-14');
INSERT INTO protein_go_annotations (protein_id, go_id, evidence_code, reference, assigned_by, date) VALUES ('D5D918', 'GO:0006260', 'IEA', 'GO_REF:0000104', 'UniProt', '2019-12-14');
INSERT INTO protein_go_annotations (protein_id, go_id, evidence_code, reference, assigned_by, date) VALUES ('D5D918', 'GO:0008408', 'IEA', 'GO_REF:0000002', 'InterPro', '2019-12-14');
INSERT INTO protein_go_annotations (protein_id, go_id, evidence_code, reference, assigned_by, date) VALUES ('D5D918', 'GO:0009360', 'IEA', 'GO_REF:0000002', 'InterPro', '2019-12-14');
INSERT INTO protein_go_annotations (protein_id, go_id, evidence_code, reference, assigned_by, date) VALUES ('D5D918', 'GO:0016740', 'IEA', 'GO_REF:0000038', 'UniProt', '2019-12-14');
INSERT INTO protein_go_annotations (protein_id, go_id, evidence_code, reference, assigned_by, date) VALUES ('D5D918', 'GO:0016779', 'IEA', 'GO_REF:0000038', 'UniProt', '2019-12-14');
INSERT INTO protein_go_annotations (protein_id, go_id, evidence_code, reference, assigned_by, date) VALUES ('D5D918', 'GO:0071897', 'IEA', 'GO_REF:0000108', 'GOC', '2019-12-15');
INSERT INTO protein_go_annotations (protein_id, go_id, evidence_code, reference, assigned_by, date) VALUES ('D5D918', 'GO:0090305', 'IEA', 'GO_REF:0000108', 'GOC', '2019-12-15');
INSERT INTO protein_go_annotations (protein_id, go_id, evidence_code, reference, assigned_by, date) VALUES ('D5D919', 'GO:0003723', 'IEA', 'GO_REF:0000002', 'InterPro', '2019-12-14');
INSERT INTO protein_go_annotations (protein_id, go_id, evidence_code, reference, assigned_by, date) VALUES ('D5D919', 'GO:0003723', 'IEA', 'GO_REF:0000038', 'UniProt', '2019-12-14');
INSERT INTO protein_go_annotations (protein_id, go_id, evidence_code, reference, assigned_by, date) VALUES ('D5D920', 'GO:0000166', 'IEA', 'GO_REF:0000038', 'UniProt', '2019-12-14');
INSERT INTO protein_go_annotations (protein_id, go_id, evidence_code, reference, assigned_by, date) VALUES ('D5D920', 'GO:0003677', 'IEA', 'GO_REF:0000038', 'UniProt', '2019-12-14');
INSERT INTO protein_go_annotations (protein_id, go_id, evidence_code, reference, assigned_by, date) VALUES ('D5D920', 'GO:0003697', 'IEA', 'GO_REF:0000002', 'InterPro', '2019-12-14');
INSERT INTO protein_go_annotations (protein_id, go_id, evidence_code, reference, assigned_by, date) VALUES ('D5D920', 'GO:0003697', 'IEA', 'GO_REF:0000104', 'UniProt', '2019-12-14');
INSERT INTO protein_go_annotations (protein_id, go_id, evidence_code, reference, assigned_by, date) VALUES ('D5D920', 'GO:0005524', 'IEA', 'GO_REF:0000002', 'InterPro', '2019-12-14');
INSERT INTO protein_go_annotations (protein_id, go_id, evidence_code, reference, assigned_by, date) VALUES ('D5D920', 'GO:0005524', 'IEA', 'GO_REF:0000038', 'UniProt', '2019-12-14');
INSERT INTO protein_go_annotations (protein_id, go_id, evidence_code, reference, assigned_by, date) VALUES ('D5D920', 'GO:0005524', 'IEA', 'GO_REF:0000104', 'UniProt', '2019-12-14');
INSERT INTO protein_go_annotations (protein_id, go_id, evidence_code, reference, assigned_by, date) VALUES ('D5D920', 'GO:0005737', 'IEA', 'GO_REF:0000038', 'UniProt', '2019-12-14');
INSERT INTO protein_go_annotations (protein_id, go_id, evidence_code, reference, assigned_by, date) VALUES ('D5D920', 'GO:0005737', 'IEA', 'GO_REF:0000040', 'UniProt', '2019-12-14');
INSERT INTO protein_go_annotations (protein_id, go_id, evidence_code, reference, assigned_by, date) VALUES ('D5D920', 'GO:0005737', 'IEA', 'GO_REF:0000104', 'UniProt', '2019-12-14');
INSERT INTO protein_go_annotations (protein_id, go_id, evidence_code, reference, assigned_by, date) VALUES ('D5D920', 'GO:0006260', 'IEA', 'GO_REF:0000038', 'UniProt', '2019-12-14');
INSERT INTO protein_go_annotations (protein_id, go_id, evidence_code, reference, assigned_by, date) VALUES ('D5D920', 'GO:0006260', 'IEA', 'GO_REF:0000104', 'UniProt', '2019-12-14');
INSERT INTO protein_go_annotations (protein_id, go_id, evidence_code, reference, assigned_by, date) VALUES ('D5D920', 'GO:0006281', 'IEA', 'GO_REF:0000002', 'InterPro', '2019-12-14');
INSERT INTO protein_go_annotations (protein_id, go_id, evidence_code, reference, assigned_by, date) VALUES ('D5D920', 'GO:0006281', 'IEA', 'GO_REF:0000038', 'UniProt', '2019-12-14');
INSERT INTO protein_go_annotations (protein_id, go_id, evidence_code, reference, assigned_by, date) VALUES ('D5D920', 'GO:0006281', 'IEA', 'GO_REF:0000104', 'UniProt', '2019-12-14');
INSERT INTO protein_go_annotations (protein_id, go_id, evidence_code, reference, assigned_by, date) VALUES ('D5D920', 'GO:0006974', 'IEA', 'GO_REF:0000038', 'UniProt', '2019-12-14');
INSERT INTO protein_go_annotations (protein_id, go_id, evidence_code, reference, assigned_by, date) VALUES ('D5D920', 'GO:0006974', 'IEA', 'GO_REF:0000104', 'UniProt', '2019-12-14');
INSERT INTO protein_go_annotations (protein_id, go_id, evidence_code, reference, assigned_by, date) VALUES ('D5D920', 'GO:0009432', 'IEA', 'GO_REF:0000038', 'UniProt', '2019-12-14');
INSERT INTO protein_go_annotations (protein_id, go_id, evidence_code, reference, assigned_by, date) VALUES ('D5D920', 'GO:0009432', 'IEA', 'GO_REF:0000104', 'UniProt', '2019-12-14');
INSERT INTO protein_go_annotations (protein_id, go_id, evidence_code, reference, assigned_by, date) VALUES ('D5D921', 'GO:0000166', 'IEA', 'GO_REF:0000038', 'UniProt', '2019-12-14');
INSERT INTO protein_go_annotations (protein_id, go_id, evidence_code, reference, assigned_by, date) VALUES ('D5D921', 'GO:0003677', 'IEA', 'GO_REF:0000002', 'InterPro', '2019-12-14');
INSERT INTO protein_go_annotations (protein_id, go_id, evidence_code, reference, assigned_by, date) VALUES ('D5D921', 'GO:0003677', 'IEA', 'GO_REF:0000038', 'UniProt', '2019-12-14');
INSERT INTO protein_go_annotations (protein_id, go_id, evidence_code, reference, assigned_by, date) VALUES ('D5D921', 'GO:0003916', 'IEA', 'GO_REF:0000038', 'UniProt', '2019-12-14');
INSERT INTO protein_go_annotations (protein_id, go_id, evidence_code, reference, assigned_by, date) VALUES ('D5D921', 'GO:0003918', 'IEA', 'GO_REF:0000002', 'InterPro', '2019-12-14');
INSERT INTO protein_go_annotations (protein_id, go_id, evidence_code, reference, assigned_by, date) VALUES ('D5D921', 'GO:0003918', 'IEA', 'GO_REF:0000003', 'UniProt', '2019-12-14');
INSERT INTO protein_go_annotations (protein_id, go_id, evidence_code, reference, assigned_by, date) VALUES ('D5D921', 'GO:0003918', 'IEA', 'GO_REF:0000104', 'UniProt', '2019-12-14');
INSERT INTO protein_go_annotations (protein_id, go_id, evidence_code, reference, assigned_by, date) VALUES ('D5D921', 'GO:0005524', 'IEA', 'GO_REF:0000002', 'InterPro', '2019-12-14');
INSERT INTO protein_go_annotations (protein_id, go_id, evidence_code, reference, assigned_by, date) VALUES ('D5D921', 'GO:0005524', 'IEA', 'GO_REF:0000038', 'UniProt', '2019-12-14');
INSERT INTO protein_go_annotations (protein_id, go_id, evidence_code, reference, assigned_by, date) VALUES ('D5D921', 'GO:0005524', 'IEA', 'GO_REF:0000104', 'UniProt', '2019-12-14');
INSERT INTO protein_go_annotations (protein_id, go_id, evidence_code, reference, assigned_by, date) VALUES ('D5D921', 'GO:0005694', 'IEA', 'GO_REF:0000002', 'InterPro', '2019-12-14');
INSERT INTO protein_go_annotations (protein_id, go_id, evidence_code, reference, assigned_by, date) VALUES ('D5D921', 'GO:0005737', 'IEA', 'GO_REF:0000038', 'UniProt', '2019-12-14');
INSERT INTO protein_go_annotations (protein_id, go_id, evidence_code, reference, assigned_by, date) VALUES ('D5D921', 'GO:0005737', 'IEA', 'GO_REF:0000040', 'UniProt', '2019-12-14');
INSERT INTO protein_go_annotations (protein_id, go_id, evidence_code, reference, assigned_by, date) VALUES ('D5D921', 'GO:0005737', 'IEA', 'GO_REF:0000104', 'UniProt', '2019-12-14');
INSERT INTO protein_go_annotations (protein_id, go_id, evidence_code, reference, assigned_by, date) VALUES ('D5D921', 'GO:0006261', 'IEA', 'GO_REF:0000104', 'UniProt', '2019-12-14');
INSERT INTO protein_go_annotations (protein_id, go_id, evidence_code, reference, assigned_by, date) VALUES ('D5D921', 'GO:0006265', 'IEA', 'GO_REF:0000002', 'InterPro', '2019-12-14');
INSERT INTO protein_go_annotations (protein_id, go_id, evidence_code, reference, assigned_by, date) VALUES ('D5D921', 'GO:0006265', 'IEA', 'GO_REF:0000104', 'UniProt', '2019-12-14');
INSERT INTO protein_go_annotations (protein_id, go_id, evidence_code, reference, assigned_by, date) VALUES ('D5D921', 'GO:0016853', 'IEA', 'GO_REF:0000038', 'UniProt', '2019-12-14');
INSERT INTO protein_go_annotations (protein_id, go_id, evidence_code, reference, assigned_by, date) VALUES ('D5D921', 'GO:0046872', 'IEA', 'GO_REF:0000038', 'UniProt', '2019-12-14');
INSERT INTO protein_go_annotations (protein_id, go_id, evidence_code, reference, assigned_by, date) VALUES ('D5D922', 'GO:0000166', 'IEA', 'GO_REF:0000038', 'UniProt', '2019-12-14');
INSERT INTO protein_go_annotations (protein_id, go_id, evidence_code, reference, assigned_by, date) VALUES ('D5D922', 'GO:0003677', 'IEA', 'GO_REF:0000002', 'InterPro', '2019-12-14');
INSERT INTO protein_go_annotations (protein_id, go_id, evidence_code, reference, assigned_by, date) VALUES ('D5D922', 'GO:0003677', 'IEA', 'GO_REF:0000038', 'UniProt', '2019-12-14');
INSERT INTO protein_go_annotations (protein_id, go_id, evidence_code, reference, assigned_by, date) VALUES ('D5D922', 'GO:0003677', 'IEA', 'GO_REF:0000104', 'UniProt', '2019-12-14');
INSERT INTO protein_go_annotations (protein_id, go_id, evidence_code, reference, assigned_by, date) VALUES ('D5D922', 'GO:0003916', 'IEA', 'GO_REF:0000002', 'InterPro', '2019-12-14');
INSERT INTO protein_go_annotations (protein_id, go_id, evidence_code, reference, assigned_by, date) VALUES ('D5D922', 'GO:0003916', 'IEA', 'GO_REF:0000038', 'UniProt', '2019-12-14');
INSERT INTO protein_go_annotations (protein_id, go_id, evidence_code, reference, assigned_by, date) VALUES ('D5D922', 'GO:0003918', 'IEA', 'GO_REF:0000002', 'InterPro', '2019-12-14');
INSERT INTO protein_go_annotations (protein_id, go_id, evidence_code, reference, assigned_by, date) VALUES ('D5D922', 'GO:0003918', 'IEA', 'GO_REF:0000003', 'UniProt', '2019-12-14');
INSERT INTO protein_go_annotations (protein_id, go_id, evidence_code, reference, assigned_by, date) VALUES ('D5D922', 'GO:0003918', 'IEA', 'GO_REF:0000104', 'UniProt', '2019-12-14');
INSERT INTO protein_go_annotations (protein_id, go_id, evidence_code, reference, assigned_by, date) VALUES ('D5D922', 'GO:0005524', 'IEA', 'GO_REF:0000002', 'InterPro', '2019-12-14');
INSERT INTO protein_go_annotations (protein_id, go_id, evidence_code, reference, assigned_by, date) VALUES ('D5D922', 'GO:0005524', 'IEA', 'GO_REF:0000038', 'UniProt', '2019-12-14');
INSERT INTO protein_go_annotations (protein_id, go_id, evidence_code, reference, assigned_by, date) VALUES ('D5D922', 'GO:0005524', 'IEA', 'GO_REF:0000104', 'UniProt', '2019-12-14');
INSERT INTO protein_go_annotations (protein_id, go_id, evidence_code, reference, assigned_by, date) VALUES ('D5D922', 'GO:0005694', 'IEA', 'GO_REF:0000002', 'InterPro', '2019-12-14');
INSERT INTO protein_go_annotations (protein_id, go_id, evidence_code, reference, assigned_by, date) VALUES ('D5D922', 'GO:0005737', 'IEA', 'GO_REF:0000038', 'UniProt', '2019-12-14');
INSERT INTO protein_go_annotations (protein_id, go_id, evidence_code, reference, assigned_by, date) VALUES ('D5D922', 'GO:0005737', 'IEA', 'GO_REF:0000040', 'UniProt', '2019-12-14');
INSERT INTO protein_go_annotations (protein_id, go_id, evidence_code, reference, assigned_by, date) VALUES ('D5D922', 'GO:0005737', 'IEA', 'GO_REF:0000104', 'UniProt', '2019-12-14');
INSERT INTO protein_go_annotations (protein_id, go_id, evidence_code, reference, assigned_by, date) VALUES ('D5D922', 'GO:0006259', 'IEA', 'GO_REF:0000002', 'InterPro', '2019-12-14');
INSERT INTO protein_go_annotations (protein_id, go_id, evidence_code, reference, assigned_by, date) VALUES ('D5D922', 'GO:0006261', 'IEA', 'GO_REF:0000104', 'UniProt', '2019-12-14');
INSERT INTO protein_go_annotations (protein_id, go_id, evidence_code, reference, assigned_by, date) VALUES ('D5D922', 'GO:0006265', 'IEA', 'GO_REF:0000002', 'InterPro', '2019-12-14');
INSERT INTO protein_go_annotations (protein_id, go_id, evidence_code, reference, assigned_by, date) VALUES ('D5D922', 'GO:0006265', 'IEA', 'GO_REF:0000104', 'UniProt', '2019-12-14');
INSERT INTO protein_go_annotations (protein_id, go_id, evidence_code, reference, assigned_by, date) VALUES ('D5D922', 'GO:0016853', 'IEA', 'GO_REF:0000038', 'UniProt', '2019-12-14');
INSERT INTO protein_go_annotations (protein_id, go_id, evidence_code, reference, assigned_by, date) VALUES ('D5D924', 'GO:0000166', 'IEA', 'GO_REF:0000104', 'UniProt', '2019-12-14');
INSERT INTO protein_go_annotations (protein_id, go_id, evidence_code, reference, assigned_by, date) VALUES ('D5D924', 'GO:0003824', 'IEA', 'GO_REF:0000002', 'InterPro', '2019-12-14');
INSERT INTO protein_go_annotations (protein_id, go_id, evidence_code, reference, assigned_by, date) VALUES ('D5D924', 'GO:0003938', 'IEA', 'GO_REF:0000002', 'InterPro', '2019-12-14');
INSERT INTO protein_go_annotations (protein_id, go_id, evidence_code, reference, assigned_by, date) VALUES ('D5D924', 'GO:0003938', 'IEA', 'GO_REF:0000003', 'UniProt', '2019-12-14');
INSERT INTO protein_go_annotations (protein_id, go_id, evidence_code, reference, assigned_by, date) VALUES ('D5D924', 'GO:0003938', 'IEA', 'GO_REF:0000104', 'UniProt', '2019-12-14');
INSERT INTO protein_go_annotations (protein_id, go_id, evidence_code, reference, assigned_by, date) VALUES ('D5D924', 'GO:0006164', 'IEA', 'GO_REF:0000002', 'InterPro', '2019-12-14');
INSERT INTO protein_go_annotations (protein_id, go_id, evidence_code, reference, assigned_by, date) VALUES ('D5D924', 'GO:0006164', 'IEA', 'GO_REF:0000038', 'UniProt', '2019-12-14');
INSERT INTO protein_go_annotations (protein_id, go_id, evidence_code, reference, assigned_by, date) VALUES ('D5D924', 'GO:0006177', 'IEA', 'GO_REF:0000038', 'UniProt', '2019-12-14');
INSERT INTO protein_go_annotations (protein_id, go_id, evidence_code, reference, assigned_by, date) VALUES ('D5D924', 'GO:0006177', 'IEA', 'GO_REF:0000104', 'UniProt', '2019-12-14');
INSERT INTO protein_go_annotations (protein_id, go_id, evidence_code, reference, assigned_by, date) VALUES ('D5D924', 'GO:0016491', 'IEA', 'GO_REF:0000002', 'InterPro', '2019-12-14');
INSERT INTO protein_go_annotations (protein_id, go_id, evidence_code, reference, assigned_by, date) VALUES ('D5D924', 'GO:0016491', 'IEA', 'GO_REF:0000038', 'UniProt', '2019-12-14');
INSERT INTO protein_go_annotations (protein_id, go_id, evidence_code, reference, assigned_by, date) VALUES ('D5D924', 'GO:0046872', 'IEA', 'GO_REF:0000038', 'UniProt', '2019-12-14');
INSERT INTO protein_go_annotations (protein_id, go_id, evidence_code, reference, assigned_by, date) VALUES ('D5D924', 'GO:0046872', 'IEA', 'GO_REF:0000104', 'UniProt', '2019-12-14');
INSERT INTO protein_go_annotations (protein_id, go_id, evidence_code, reference, assigned_by, date) VALUES ('D5D924', 'GO:0055114', 'IEA', 'GO_REF:0000002', 'InterPro', '2019-12-14');
INSERT INTO protein_go_annotations (protein_id, go_id, evidence_code, reference, assigned_by, date) VALUES ('D5D924', 'GO:0055114', 'IEA', 'GO_REF:0000038', 'UniProt', '2019-12-14');
INSERT INTO protein_go_annotations (protein_id, go_id, evidence_code, reference, assigned_by, date) VALUES ('D5D925', 'GO:0004180', 'IEA', 'GO_REF:0000002', 'InterPro', '2019-12-14');
INSERT INTO protein_go_annotations (protein_id, go_id, evidence_code, reference, assigned_by, date) VALUES ('D5D925', 'GO:0004180', 'IEA', 'GO_REF:0000038', 'UniProt', '2019-12-14');
INSERT INTO protein_go_annotations (protein_id, go_id, evidence_code, reference, assigned_by, date) VALUES ('D5D925', 'GO:0006508', 'IEA', 'GO_REF:0000002', 'InterPro', '2019-12-14');
INSERT INTO protein_go_annotations (protein_id, go_id, evidence_code, reference, assigned_by, date) VALUES ('D5D925', 'GO:0009002', 'IEA', 'GO_REF:0000002', 'InterPro', '2019-12-14');
INSERT INTO protein_go_annotations (protein_id, go_id, evidence_code, reference, assigned_by, date) VALUES ('D5D925', 'GO:0009002', 'IEA', 'GO_REF:0000003', 'UniProt', '2019-12-14');
INSERT INTO protein_go_annotations (protein_id, go_id, evidence_code, reference, assigned_by, date) VALUES ('D5D925', 'GO:0016787', 'IEA', 'GO_REF:0000038', 'UniProt', '2019-12-14');
INSERT INTO protein_go_annotations (protein_id, go_id, evidence_code, reference, assigned_by, date) VALUES ('D5D926', 'GO:0003824', 'IEA', 'GO_REF:0000002', 'InterPro', '2019-12-14');
INSERT INTO protein_go_annotations (protein_id, go_id, evidence_code, reference, assigned_by, date) VALUES ('D5D926', 'GO:0016829', 'IEA', 'GO_REF:0000038', 'UniProt', '2019-12-14');
INSERT INTO protein_go_annotations (protein_id, go_id, evidence_code, reference, assigned_by, date) VALUES ('D5D926', 'GO:0036381', 'IEA', 'GO_REF:0000003', 'UniProt', '2019-12-14');
INSERT INTO protein_go_annotations (protein_id, go_id, evidence_code, reference, assigned_by, date) VALUES ('D5D926', 'GO:0036381', 'IEA', 'GO_REF:0000104', 'UniProt', '2019-12-14');
INSERT INTO protein_go_annotations (protein_id, go_id, evidence_code, reference, assigned_by, date) VALUES ('D5D926', 'GO:0042819', 'IEA', 'GO_REF:0000002', 'InterPro', '2019-12-14');
INSERT INTO protein_go_annotations (protein_id, go_id, evidence_code, reference, assigned_by, date) VALUES ('D5D926', 'GO:0042823', 'IEA', 'GO_REF:0000002', 'InterPro', '2019-12-14');
INSERT INTO protein_go_annotations (protein_id, go_id, evidence_code, reference, assigned_by, date) VALUES ('D5D926', 'GO:0042823', 'IEA', 'GO_REF:0000041', 'UniProt', '2019-12-14');
INSERT INTO protein_go_annotations (protein_id, go_id, evidence_code, reference, assigned_by, date) VALUES ('D5D926', 'GO:0042823', 'IEA', 'GO_REF:0000104', 'UniProt', '2019-12-14');
INSERT INTO protein_go_annotations (protein_id, go_id, evidence_code, reference, assigned_by, date) VALUES ('D5D927', 'GO:0004359', 'IEA', 'GO_REF:0000002', 'InterPro', '2019-12-14');
INSERT INTO protein_go_annotations (protein_id, go_id, evidence_code, reference, assigned_by, date) VALUES ('D5D927', 'GO:0004359', 'IEA', 'GO_REF:0000003', 'UniProt', '2019-12-14');
INSERT INTO protein_go_annotations (protein_id, go_id, evidence_code, reference, assigned_by, date) VALUES ('D5D927', 'GO:0004359', 'IEA', 'GO_REF:0000104', 'UniProt', '2019-12-14');
INSERT INTO protein_go_annotations (protein_id, go_id, evidence_code, reference, assigned_by, date) VALUES ('D5D927', 'GO:0006541', 'IEA', 'GO_REF:0000038', 'UniProt', '2019-12-14');
INSERT INTO protein_go_annotations (protein_id, go_id, evidence_code, reference, assigned_by, date) VALUES ('D5D927', 'GO:0006543', 'IEA', 'GO_REF:0000104', 'UniProt', '2019-12-14');
INSERT INTO protein_go_annotations (protein_id, go_id, evidence_code, reference, assigned_by, date) VALUES ('D5D927', 'GO:0016740', 'IEA', 'GO_REF:0000038', 'UniProt', '2019-12-14');
INSERT INTO protein_go_annotations (protein_id, go_id, evidence_code, reference, assigned_by, date) VALUES ('D5D927', 'GO:0016787', 'IEA', 'GO_REF:0000038', 'UniProt', '2019-12-14');
INSERT INTO protein_go_annotations (protein_id, go_id, evidence_code, reference, assigned_by, date) VALUES ('D5D927', 'GO:0016829', 'IEA', 'GO_REF:0000038', 'UniProt', '2019-12-14');
INSERT INTO protein_go_annotations (protein_id, go_id, evidence_code, reference, assigned_by, date) VALUES ('D5D927', 'GO:0036381', 'IEA', 'GO_REF:0000003', 'UniProt', '2019-12-14');
INSERT INTO protein_go_annotations (protein_id, go_id, evidence_code, reference, assigned_by, date) VALUES ('D5D927', 'GO:0036381', 'IEA', 'GO_REF:0000104', 'UniProt', '2019-12-14');
INSERT INTO protein_go_annotations (protein_id, go_id, evidence_code, reference, assigned_by, date) VALUES ('D5D927', 'GO:0042819', 'IEA', 'GO_REF:0000002', 'InterPro', '2019-12-14');
INSERT INTO protein_go_annotations (protein_id, go_id, evidence_code, reference, assigned_by, date) VALUES ('D5D927', 'GO:0042823', 'IEA', 'GO_REF:0000002', 'InterPro', '2019-12-14');
INSERT INTO protein_go_annotations (protein_id, go_id, evidence_code, reference, assigned_by, date) VALUES ('D5D927', 'GO:0042823', 'IEA', 'GO_REF:0000041', 'UniProt', '2019-12-14');
INSERT INTO protein_go_annotations (protein_id, go_id, evidence_code, reference, assigned_by, date) VALUES ('D5D927', 'GO:0042823', 'IEA', 'GO_REF:0000104', 'UniProt', '2019-12-14');
INSERT INTO protein_go_annotations (protein_id, go_id, evidence_code, reference, assigned_by, date) VALUES ('D5D928', 'GO:0000166', 'IEA', 'GO_REF:0000002', 'InterPro', '2019-12-14');
INSERT INTO protein_go_annotations (protein_id, go_id, evidence_code, reference, assigned_by, date) VALUES ('D5D928', 'GO:0000166', 'IEA', 'GO_REF:0000038', 'UniProt', '2019-12-14');
INSERT INTO protein_go_annotations (protein_id, go_id, evidence_code, reference, assigned_by, date) VALUES ('D5D928', 'GO:0004812', 'IEA', 'GO_REF:0000002', 'InterPro', '2019-12-14');
INSERT INTO protein_go_annotations (protein_id, go_id, evidence_code, reference, assigned_by, date) VALUES ('D5D928', 'GO:0004812', 'IEA', 'GO_REF:0000038', 'UniProt', '2019-12-14');
INSERT INTO protein_go_annotations (protein_id, go_id, evidence_code, reference, assigned_by, date) VALUES ('D5D928', 'GO:0004828', 'IEA', 'GO_REF:0000002', 'InterPro', '2019-12-14');
INSERT INTO protein_go_annotations (protein_id, go_id, evidence_code, reference, assigned_by, date) VALUES ('D5D928', 'GO:0004828', 'IEA', 'GO_REF:0000003', 'UniProt', '2019-12-14');
INSERT INTO protein_go_annotations (protein_id, go_id, evidence_code, reference, assigned_by, date) VALUES ('D5D928', 'GO:0004828', 'IEA', 'GO_REF:0000104', 'UniProt', '2019-12-14');
INSERT INTO protein_go_annotations (protein_id, go_id, evidence_code, reference, assigned_by, date) VALUES ('D5D928', 'GO:0005524', 'IEA', 'GO_REF:0000002', 'InterPro', '2019-12-14');
INSERT INTO protein_go_annotations (protein_id, go_id, evidence_code, reference, assigned_by, date) VALUES ('D5D928', 'GO:0005524', 'IEA', 'GO_REF:0000038', 'UniProt', '2019-12-14');
INSERT INTO protein_go_annotations (protein_id, go_id, evidence_code, reference, assigned_by, date) VALUES ('D5D928', 'GO:0005524', 'IEA', 'GO_REF:0000104', 'UniProt', '2019-12-14');
INSERT INTO protein_go_annotations (protein_id, go_id, evidence_code, reference, assigned_by, date) VALUES ('D5D928', 'GO:0005737', 'IEA', 'GO_REF:0000038', 'UniProt', '2019-12-14');
INSERT INTO protein_go_annotations (protein_id, go_id, evidence_code, reference, assigned_by, date) VALUES ('D5D928', 'GO:0005737', 'IEA', 'GO_REF:0000040', 'UniProt', '2019-12-14');
INSERT INTO protein_go_annotations (protein_id, go_id, evidence_code, reference, assigned_by, date) VALUES ('D5D928', 'GO:0005737', 'IEA', 'GO_REF:0000104', 'UniProt', '2019-12-14');
INSERT INTO protein_go_annotations (protein_id, go_id, evidence_code, reference, assigned_by, date) VALUES ('D5D928', 'GO:0006412', 'IEA', 'GO_REF:0000038', 'UniProt', '2019-12-14');
INSERT INTO protein_go_annotations (protein_id, go_id, evidence_code, reference, assigned_by, date) VALUES ('D5D928', 'GO:0006418', 'IEA', 'GO_REF:0000002', 'InterPro', '2019-12-14');
INSERT INTO protein_go_annotations (protein_id, go_id, evidence_code, reference, assigned_by, date) VALUES ('D5D928', 'GO:0006434', 'IEA', 'GO_REF:0000002', 'InterPro', '2019-12-14');
INSERT INTO protein_go_annotations (protein_id, go_id, evidence_code, reference, assigned_by, date) VALUES ('D5D928', 'GO:0006434', 'IEA', 'GO_REF:0000104', 'UniProt', '2019-12-14');
INSERT INTO protein_go_annotations (protein_id, go_id, evidence_code, reference, assigned_by, date) VALUES ('D5D928', 'GO:0016260', 'IEA', 'GO_REF:0000104', 'UniProt', '2019-12-14');
INSERT INTO protein_go_annotations (protein_id, go_id, evidence_code, reference, assigned_by, date) VALUES ('D5D928', 'GO:0016874', 'IEA', 'GO_REF:0000038', 'UniProt', '2019-12-14');
INSERT INTO protein_go_annotations (protein_id, go_id, evidence_code, reference, assigned_by, date) VALUES ('D5D928', 'GO:0097056', 'IEA', 'GO_REF:0000041', 'UniProt', '2019-12-14');
INSERT INTO protein_go_annotations (protein_id, go_id, evidence_code, reference, assigned_by, date) VALUES ('D5D929', 'GO:0000166', 'IEA', 'GO_REF:0000038', 'UniProt', '2019-12-14');
INSERT INTO protein_go_annotations (protein_id, go_id, evidence_code, reference, assigned_by, date) VALUES ('D5D929', 'GO:0004137', 'IEA', 'GO_REF:0000003', 'UniProt', '2019-12-14');
INSERT INTO protein_go_annotations (protein_id, go_id, evidence_code, reference, assigned_by, date) VALUES ('D5D929', 'GO:0005524', 'IEA', 'GO_REF:0000002', 'InterPro', '2019-12-14');
INSERT INTO protein_go_annotations (protein_id, go_id, evidence_code, reference, assigned_by, date) VALUES ('D5D929', 'GO:0005524', 'IEA', 'GO_REF:0000038', 'UniProt', '2019-12-14');
INSERT INTO protein_go_annotations (protein_id, go_id, evidence_code, reference, assigned_by, date) VALUES ('D5D929', 'GO:0006139', 'IEA', 'GO_REF:0000002', 'InterPro', '2019-12-14');
INSERT INTO protein_go_annotations (protein_id, go_id, evidence_code, reference, assigned_by, date) VALUES ('D5D929', 'GO:0009157', 'IEA', 'GO_REF:0000108', 'GOC', '2019-12-15');
INSERT INTO protein_go_annotations (protein_id, go_id, evidence_code, reference, assigned_by, date) VALUES ('D5D929', 'GO:0009165', 'IEA', 'GO_REF:0000108', 'GOC', '2019-12-15');
INSERT INTO protein_go_annotations (protein_id, go_id, evidence_code, reference, assigned_by, date) VALUES ('D5D929', 'GO:0016301', 'IEA', 'GO_REF:0000038', 'UniProt', '2019-12-14');
INSERT INTO protein_go_annotations (protein_id, go_id, evidence_code, reference, assigned_by, date) VALUES ('D5D929', 'GO:0016310', 'IEA', 'GO_REF:0000038', 'UniProt', '2019-12-14');
INSERT INTO protein_go_annotations (protein_id, go_id, evidence_code, reference, assigned_by, date) VALUES ('D5D929', 'GO:0016740', 'IEA', 'GO_REF:0000038', 'UniProt', '2019-12-14');
INSERT INTO protein_go_annotations (protein_id, go_id, evidence_code, reference, assigned_by, date) VALUES ('D5D929', 'GO:0019206', 'IEA', 'GO_REF:0000002', 'InterPro', '2019-12-14');
INSERT INTO protein_go_annotations (protein_id, go_id, evidence_code, reference, assigned_by, date) VALUES ('D5D930', 'GO:0000166', 'IEA', 'GO_REF:0000038', 'UniProt', '2019-12-14');
INSERT INTO protein_go_annotations (protein_id, go_id, evidence_code, reference, assigned_by, date) VALUES ('D5D930', 'GO:0004138', 'IEA', 'GO_REF:0000003', 'UniProt', '2019-12-14');
INSERT INTO protein_go_annotations (protein_id, go_id, evidence_code, reference, assigned_by, date) VALUES ('D5D930', 'GO:0005524', 'IEA', 'GO_REF:0000002', 'InterPro', '2019-12-14');
INSERT INTO protein_go_annotations (protein_id, go_id, evidence_code, reference, assigned_by, date) VALUES ('D5D930', 'GO:0005524', 'IEA', 'GO_REF:0000038', 'UniProt', '2019-12-14');
INSERT INTO protein_go_annotations (protein_id, go_id, evidence_code, reference, assigned_by, date) VALUES ('D5D930', 'GO:0006139', 'IEA', 'GO_REF:0000002', 'InterPro', '2019-12-14');
INSERT INTO protein_go_annotations (protein_id, go_id, evidence_code, reference, assigned_by, date) VALUES ('D5D930', 'GO:0009157', 'IEA', 'GO_REF:0000108', 'GOC', '2019-12-15');
INSERT INTO protein_go_annotations (protein_id, go_id, evidence_code, reference, assigned_by, date) VALUES ('D5D930', 'GO:0009165', 'IEA', 'GO_REF:0000108', 'GOC', '2019-12-15');
INSERT INTO protein_go_annotations (protein_id, go_id, evidence_code, reference, assigned_by, date) VALUES ('D5D930', 'GO:0016301', 'IEA', 'GO_REF:0000038', 'UniProt', '2019-12-14');
INSERT INTO protein_go_annotations (protein_id, go_id, evidence_code, reference, assigned_by, date) VALUES ('D5D930', 'GO:0016310', 'IEA', 'GO_REF:0000038', 'UniProt', '2019-12-14');
INSERT INTO protein_go_annotations (protein_id, go_id, evidence_code, reference, assigned_by, date) VALUES ('D5D930', 'GO:0016740', 'IEA', 'GO_REF:0000038', 'UniProt', '2019-12-14');
INSERT INTO protein_go_annotations (protein_id, go_id, evidence_code, reference, assigned_by, date) VALUES ('D5D930', 'GO:0019206', 'IEA', 'GO_REF:0000002', 'InterPro', '2019-12-14');
INSERT INTO protein_go_annotations (protein_id, go_id, evidence_code, reference, assigned_by, date) VALUES ('D5D931', 'GO:0005975', 'IEA', 'GO_REF:0000002', 'InterPro', '2019-12-14');
INSERT INTO protein_go_annotations (protein_id, go_id, evidence_code, reference, assigned_by, date) VALUES ('D5D931', 'GO:0008061', 'IEA', 'GO_REF:0000002', 'InterPro', '2019-12-14');
INSERT INTO protein_go_annotations (protein_id, go_id, evidence_code, reference, assigned_by, date) VALUES ('D5D931', 'GO:0008152', 'IEA', 'GO_REF:0000038', 'UniProt', '2019-12-14');
INSERT INTO protein_go_annotations (protein_id, go_id, evidence_code, reference, assigned_by, date) VALUES ('D5D931', 'GO:0016787', 'IEA', 'GO_REF:0000038', 'UniProt', '2019-12-14');
INSERT INTO protein_go_annotations (protein_id, go_id, evidence_code, reference, assigned_by, date) VALUES ('D5D931', 'GO:0016798', 'IEA', 'GO_REF:0000038', 'UniProt', '2019-12-14');
INSERT INTO protein_go_annotations (protein_id, go_id, evidence_code, reference, assigned_by, date) VALUES ('D5D932', 'GO:0003824', 'IEA', 'GO_REF:0000002', 'InterPro', '2019-12-14');
INSERT INTO protein_go_annotations (protein_id, go_id, evidence_code, reference, assigned_by, date) VALUES ('D5D932', 'GO:0016787', 'IEA', 'GO_REF:0000038', 'UniProt', '2019-12-14');
INSERT INTO protein_go_annotations (protein_id, go_id, evidence_code, reference, assigned_by, date) VALUES ('D5D933', 'GO:0002100', 'IEA', 'GO_REF:0000002', 'InterPro', '2019-12-14');
INSERT INTO protein_go_annotations (protein_id, go_id, evidence_code, reference, assigned_by, date) VALUES ('D5D933', 'GO:0002100', 'IEA', 'GO_REF:0000104', 'UniProt', '2019-12-14');
INSERT INTO protein_go_annotations (protein_id, go_id, evidence_code, reference, assigned_by, date) VALUES ('D5D933', 'GO:0003824', 'IEA', 'GO_REF:0000002', 'InterPro', '2019-12-14');
INSERT INTO protein_go_annotations (protein_id, go_id, evidence_code, reference, assigned_by, date) VALUES ('D5D933', 'GO:0008033', 'IEA', 'GO_REF:0000038', 'UniProt', '2019-12-14');
INSERT INTO protein_go_annotations (protein_id, go_id, evidence_code, reference, assigned_by, date) VALUES ('D5D933', 'GO:0008251', 'IEA', 'GO_REF:0000002', 'InterPro', '2019-12-14');
INSERT INTO protein_go_annotations (protein_id, go_id, evidence_code, reference, assigned_by, date) VALUES ('D5D933', 'GO:0008270', 'IEA', 'GO_REF:0000002', 'InterPro', '2019-12-14');
INSERT INTO protein_go_annotations (protein_id, go_id, evidence_code, reference, assigned_by, date) VALUES ('D5D933', 'GO:0008270', 'IEA', 'GO_REF:0000104', 'UniProt', '2019-12-14');
INSERT INTO protein_go_annotations (protein_id, go_id, evidence_code, reference, assigned_by, date) VALUES ('D5D933', 'GO:0016787', 'IEA', 'GO_REF:0000002', 'InterPro', '2019-12-14');
INSERT INTO protein_go_annotations (protein_id, go_id, evidence_code, reference, assigned_by, date) VALUES ('D5D933', 'GO:0016787', 'IEA', 'GO_REF:0000038', 'UniProt', '2019-12-14');
INSERT INTO protein_go_annotations (protein_id, go_id, evidence_code, reference, assigned_by, date) VALUES ('D5D933', 'GO:0046872', 'IEA', 'GO_REF:0000038', 'UniProt', '2019-12-14');
INSERT INTO protein_go_annotations (protein_id, go_id, evidence_code, reference, assigned_by, date) VALUES ('D5D933', 'GO:0052717', 'IEA', 'GO_REF:0000104', 'UniProt', '2019-12-14');
INSERT INTO protein_go_annotations (protein_id, go_id, evidence_code, reference, assigned_by, date) VALUES ('D5D934', 'GO:0000166', 'IEA', 'GO_REF:0000038', 'UniProt', '2019-12-14');
INSERT INTO protein_go_annotations (protein_id, go_id, evidence_code, reference, assigned_by, date) VALUES ('D5DAK3', 'GO:0030420', 'IEA', 'GO_REF:0000038', 'UniProt', '2019-12-14');
INSERT INTO protein_go_annotations (protein_id, go_id, evidence_code, reference, assigned_by, date) VALUES ('D5DAK3', 'GO:0045808', 'IEA', 'GO_REF:0000104', 'UniProt', '2019-12-14');
INSERT INTO protein_go_annotations (protein_id, go_id, evidence_code, reference, assigned_by, date) VALUES ('D5DCP9', 'GO:0030420', 'IEA', 'GO_REF:0000002', 'InterPro', '2019-12-14');
INSERT INTO protein_go_annotations (protein_id, go_id, evidence_code, reference, assigned_by, date) VALUES ('D5DL43', 'GO:0030420', 'IEA', 'GO_REF:0000038', 'UniProt', '2019-12-14');
INSERT INTO protein_go_annotations (protein_id, go_id, evidence_code, reference, assigned_by, date) VALUES ('D5DL43', 'GO:0045808', 'IEA', 'GO_REF:0000104', 'UniProt', '2019-12-14');
INSERT INTO protein_go_annotations (protein_id, go_id, evidence_code, reference, assigned_by, date) VALUES ('D5DMH5', 'GO:0030420', 'IEA', 'GO_REF:0000002', 'InterPro', '2019-12-14');
INSERT INTO protein_go_annotations (protein_id, go_id, evidence_code, reference, assigned_by, date) VALUES ('D5DMH6', 'GO:0030420', 'IEA', 'GO_REF:0000002', 'InterPro', '2019-12-14');
INSERT INTO protein_go_annotations (protein_id, go_id, evidence_code, reference, assigned_by, date) VALUES ('D5DMH6', 'GO:0030420', 'IEA', 'GO_REF:0000038', 'UniProt', '2019-12-14');
INSERT INTO protein_go_annotations (protein_id, go_id, evidence_code, reference, assigned_by, date) VALUES ('D5DMH6', 'GO:0030420', 'IEA', 'GO_REF:0000104', 'UniProt', '2019-12-14');
INSERT INTO protein_go_annotations (protein_id, go_id, evidence_code, reference, assigned_by, date) VALUES ('D5DMQ3', 'GO:0030420', 'IEA', 'GO_REF:0000002', 'InterPro', '2019-12-14');
INSERT INTO protein_go_annotations (protein_id, go_id, evidence_code, reference, assigned_by, date) VALUES ('A0A2K4Z9G8', 'GO:0030435', 'IEA', 'GO_REF:0000037', 'UniProt', '2019-12-14');
INSERT INTO protein_go_annotations (protein_id, go_id, evidence_code, reference, assigned_by, date) VALUES ('A0A2K4Z9G8', 'GO:0042763', 'IEA', 'GO_REF:0000039', 'UniProt', '2019-12-14');
INSERT INTO protein_go_annotations (protein_id, go_id, evidence_code, reference, assigned_by, date) VALUES ('A0A2K4Z9H7', 'GO:0016020', 'IEA', 'GO_REF:0000038', 'UniProt', '2019-12-14');
INSERT INTO protein_go_annotations (protein_id, go_id, evidence_code, reference, assigned_by, date) VALUES ('A0A2K4Z9H7', 'GO:0016021', 'IEA', 'GO_REF:0000038', 'UniProt', '2019-12-14');
INSERT INTO protein_go_annotations (protein_id, go_id, evidence_code, reference, assigned_by, date) VALUES ('A0A2K4Z9H8', 'GO:0016020', 'IEA', 'GO_REF:0000038', 'UniProt', '2019-12-14');
INSERT INTO protein_go_annotations (protein_id, go_id, evidence_code, reference, assigned_by, date) VALUES ('A0A2K4Z9H8', 'GO:0016021', 'IEA', 'GO_REF:0000038', 'UniProt', '2019-12-14');
INSERT INTO protein_go_annotations (protein_id, go_id, evidence_code, reference, assigned_by, date) VALUES ('A0A2K4Z9H9', 'GO:0016020', 'IEA', 'GO_REF:0000038', 'UniProt', '2019-12-14');
INSERT INTO protein_go_annotations (protein_id, go_id, evidence_code, reference, assigned_by, date) VALUES ('A0A2K4Z9H9', 'GO:0016021', 'IEA', 'GO_REF:0000038', 'UniProt', '2019-12-14');
INSERT INTO protein_go_annotations (protein_id, go_id, evidence_code, reference, assigned_by, date) VALUES ('A0A2K4Z9I1', 'GO:0016020', 'IEA', 'GO_REF:0000038', 'UniProt', '2019-12-14');
INSERT INTO protein_go_annotations (protein_id, go_id, evidence_code, reference, assigned_by, date) VALUES ('A0A2K4Z9I1', 'GO:0016021', 'IEA', 'GO_REF:0000038', 'UniProt', '2019-12-14');
INSERT INTO protein_go_annotations (protein_id, go_id, evidence_code, reference, assigned_by, date) VALUES ('A0A2K4Z9I3', 'GO:0016020', 'IEA', 'GO_REF:0000038', 'UniProt', '2019-12-14');
INSERT INTO protein_go_annotations (protein_id, go_id, evidence_code, reference, assigned_by, date) VALUES ('A0A2K4Z9I3', 'GO:0016021', 'IEA', 'GO_REF:0000038', 'UniProt', '2019-12-14');
INSERT INTO protein_go_annotations (protein_id, go_id, evidence_code, reference, assigned_by, date) VALUES ('A0A2K4Z9J4', 'GO:0016020', 'IEA', 'GO_REF:0000038', 'UniProt', '2019-12-14');
INSERT INTO protein_go_annotations (protein_id, go_id, evidence_code, reference, assigned_by, date) VALUES ('A0A2K4Z9J4', 'GO:0016021', 'IEA', 'GO_REF:0000038', 'UniProt', '2019-12-14');
INSERT INTO protein_go_annotations (protein_id, go_id, evidence_code, reference, assigned_by, date) VALUES ('A0A2K4Z9J5', 'GO:0016020', 'IEA', 'GO_REF:0000038', 'UniProt', '2019-12-14');
INSERT INTO protein_go_annotations (protein_id, go_id, evidence_code, reference, assigned_by, date) VALUES ('A0A2K4Z9J5', 'GO:0016021', 'IEA', 'GO_REF:0000038', 'UniProt', '2019-12-14');
INSERT INTO protein_go_annotations (protein_id, go_id, evidence_code, reference, assigned_by, date) VALUES ('A0A2K4Z9J8', 'GO:0016020', 'IEA', 'GO_REF:0000038', 'UniProt', '2019-12-14');
INSERT INTO protein_go_annotations (protein_id, go_id, evidence_code, reference, assigned_by, date) VALUES ('A0A2K4Z9J8', 'GO:0016021', 'IEA', 'GO_REF:0000038', 'UniProt', '2019-12-14');
INSERT INTO protein_go_annotations (protein_id, go_id, evidence_code, reference, assigned_by, date) VALUES ('A0A2K4Z9K4', 'GO:0016020', 'IEA', 'GO_REF:0000038', 'UniProt', '2019-12-14');
INSERT INTO protein_go_annotations (protein_id, go_id, evidence_code, reference, assigned_by, date) VALUES ('A0A2K4Z9K4', 'GO:0016021', 'IEA', 'GO_REF:0000038', 'UniProt', '2019-12-14');
INSERT INTO protein_go_annotations (protein_id, go_id, evidence_code, reference, assigned_by, date) VALUES ('A0A2K4Z9M4', 'GO:0004072', 'IEA', 'GO_REF:0000003', 'UniProt', '2019-12-14');
INSERT INTO protein_go_annotations (protein_id, go_id, evidence_code, reference, assigned_by, date) VALUES ('A0A2K4Z9M4', 'GO:0016301', 'IEA', 'GO_REF:0000038', 'UniProt', '2019-12-14');
INSERT INTO protein_go_annotations (protein_id, go_id, evidence_code, reference, assigned_by, date) VALUES ('A0A2K4Z9M4', 'GO:0016310', 'IEA', 'GO_REF:0000038', 'UniProt', '2019-12-14');
INSERT INTO protein_go_annotations (protein_id, go_id, evidence_code, reference, assigned_by, date) VALUES ('A0A2K4Z9M4', 'GO:0016740', 'IEA', 'GO_REF:0000038', 'UniProt', '2019-12-14');
INSERT INTO protein_go_annotations (protein_id, go_id, evidence_code, reference, assigned_by, date) VALUES ('A0A2K4Z9N5', 'GO:0016020', 'IEA', 'GO_REF:0000038', 'UniProt', '2019-12-14');
INSERT INTO protein_go_annotations (protein_id, go_id, evidence_code, reference, assigned_by, date) VALUES ('A0A2K4Z9N5', 'GO:0016021', 'IEA', 'GO_REF:0000038', 'UniProt', '2019-12-14');
INSERT INTO protein_go_annotations (protein_id, go_id, evidence_code, reference, assigned_by, date) VALUES ('A0A2Z4M358', 'GO:0004129', 'IEA', 'GO_REF:0000002', 'InterPro', '2019-12-14');
INSERT INTO protein_go_annotations (protein_id, go_id, evidence_code, reference, assigned_by, date) VALUES ('A0A2Z4M358', 'GO:0004129', 'IEA', 'GO_REF:0000003', 'UniProt', '2019-12-14');
INSERT INTO protein_go_annotations (protein_id, go_id, evidence_code, reference, assigned_by, date) VALUES ('A0A2Z4M358', 'GO:0005739', 'IEA', 'GO_REF:0000038', 'UniProt', '2019-12-14');
INSERT INTO protein_go_annotations (protein_id, go_id, evidence_code, reference, assigned_by, date) VALUES ('A0A2Z4M358', 'GO:0005743', 'IEA', 'GO_REF:0000038', 'UniProt', '2019-12-14');
INSERT INTO protein_go_annotations (protein_id, go_id, evidence_code, reference, assigned_by, date) VALUES ('A0A2Z4M358', 'GO:0005743', 'IEA', 'GO_REF:0000040', 'UniProt', '2019-12-14');
INSERT INTO protein_go_annotations (protein_id, go_id, evidence_code, reference, assigned_by, date) VALUES ('A0A2Z4M358', 'GO:0006119', 'IEA', 'GO_REF:0000041', 'UniProt', '2019-12-14');
INSERT INTO protein_go_annotations (protein_id, go_id, evidence_code, reference, assigned_by, date) VALUES ('A0A2Z4M358', 'GO:0009060', 'IEA', 'GO_REF:0000002', 'InterPro', '2019-12-14');
INSERT INTO protein_go_annotations (protein_id, go_id, evidence_code, reference, assigned_by, date) VALUES ('A0A2Z4M358', 'GO:0016020', 'IEA', 'GO_REF:0000038', 'UniProt', '2019-12-14');
INSERT INTO protein_go_annotations (protein_id, go_id, evidence_code, reference, assigned_by, date) VALUES ('A0A2Z4M358', 'GO:0016021', 'IEA', 'GO_REF:0000002', 'InterPro', '2019-12-14');
INSERT INTO protein_go_annotations (protein_id, go_id, evidence_code, reference, assigned_by, date) VALUES ('A0A2Z4M358', 'GO:0016021', 'IEA', 'GO_REF:0000038', 'UniProt', '2019-12-14');
INSERT INTO protein_go_annotations (protein_id, go_id, evidence_code, reference, assigned_by, date) VALUES ('A0A2Z4M358', 'GO:0016491', 'IEA', 'GO_REF:0000038', 'UniProt', '2019-12-14');
INSERT INTO protein_go_annotations (protein_id, go_id, evidence_code, reference, assigned_by, date) VALUES ('A0A2Z4M358', 'GO:0020037', 'IEA', 'GO_REF:0000002', 'InterPro', '2019-12-14');
INSERT INTO protein_go_annotations (protein_id, go_id, evidence_code, reference, assigned_by, date) VALUES ('A0A2Z4M358', 'GO:0022900', 'IEA', 'GO_REF:0000108', 'GOC', '2019-12-15');
INSERT INTO protein_go_annotations (protein_id, go_id, evidence_code, reference, assigned_by, date) VALUES ('A0A2Z4M358', 'GO:0046872', 'IEA', 'GO_REF:0000038', 'UniProt', '2019-12-14');
INSERT INTO protein_go_annotations (protein_id, go_id, evidence_code, reference, assigned_by, date) VALUES ('A0A2Z4M358', 'GO:0055114', 'IEA', 'GO_REF:0000002', 'InterPro', '2019-12-14');
INSERT INTO protein_go_annotations (protein_id, go_id, evidence_code, reference, assigned_by, date) VALUES ('A0A2Z4M358', 'GO:0055114', 'IEA', 'GO_REF:0000038', 'UniProt', '2019-12-14');
INSERT INTO protein_go_annotations (protein_id, go_id, evidence_code, reference, assigned_by, date) VALUES ('A0A2Z4M358', 'GO:0055114', 'IEA', 'GO_REF:0000038', 'UniProt', '2019-12-14');
INSERT INTO protein_go_annotations (protein_id, go_id, evidence_code, reference, assigned_by, date) VALUES ('A0A2Z4M358', 'GO:0070469', 'IEA', 'GO_REF:0000038', 'UniProt', '2019-12-14');
INSERT INTO protein_go_annotations (protein_id, go_id, evidence_code, reference, assigned_by, date) VALUES ('A0A2Z4M358', 'GO:1902600', 'IEA', 'GO_REF:0000108', 'GOC', '2019-12-15');
INSERT INTO protein_go_annotations (protein_id, go_id, evidence_code, reference, assigned_by, date) VALUES ('A0A2Z4M394', 'GO:0004129', 'IEA', 'GO_REF:0000002', 'InterPro', '2019-12-14');
INSERT INTO protein_go_annotations (protein_id, go_id, evidence_code, reference, assigned_by, date) VALUES ('A0A2Z4M394', 'GO:0004129', 'IEA', 'GO_REF:0000003', 'UniProt', '2019-12-14');
INSERT INTO protein_go_annotations (protein_id, go_id, evidence_code, reference, assigned_by, date) VALUES ('A0A2Z4M394', 'GO:0005739', 'IEA', 'GO_REF:0000038', 'UniProt', '2019-12-14');
INSERT INTO protein_go_annotations (protein_id, go_id, evidence_code, reference, assigned_by, date) VALUES ('A0A2Z4M394', 'GO:0005743', 'IEA', 'GO_REF:0000038', 'UniProt', '2019-12-14');
INSERT INTO protein_go_annotations (protein_id, go_id, evidence_code, reference, assigned_by, date) VALUES ('A0A2Z4M394', 'GO:0005743', 'IEA', 'GO_REF:0000040', 'UniProt', '2019-12-14');
INSERT INTO protein_go_annotations (protein_id, go_id, evidence_code, reference, assigned_by, date) VALUES ('A0A2Z4M394', 'GO:0006119', 'IEA', 'GO_REF:0000041', 'UniProt', '2019-12-14');
INSERT INTO protein_go_annotations (protein_id, go_id, evidence_code, reference, assigned_by, date) VALUES ('A0A2Z4M394', 'GO:0009060', 'IEA', 'GO_REF:0000002', 'InterPro', '2019-12-14');
INSERT INTO protein_go_annotations (protein_id, go_id, evidence_code, reference, assigned_by, date) VALUES ('A0A2Z4M394', 'GO:0016020', 'IEA', 'GO_REF:0000038', 'UniProt', '2019-12-14');
INSERT INTO protein_go_annotations (protein_id, go_id, evidence_code, reference, assigned_by, date) VALUES ('A0A2Z4M394', 'GO:0016021', 'IEA', 'GO_REF:0000002', 'InterPro', '2019-12-14');
INSERT INTO protein_go_annotations (protein_id, go_id, evidence_code, reference, assigned_by, date) VALUES ('A0A2Z4M394', 'GO:0016021', 'IEA', 'GO_REF:0000038', 'UniProt', '2019-12-14');
INSERT INTO protein_go_annotations (protein_id, go_id, evidence_code, reference, assigned_by, date) VALUES ('A0A2Z4M394', 'GO:0016491', 'IEA', 'GO_REF:0000038', 'UniProt', '2019-12-14');
INSERT INTO protein_go_annotations (protein_id, go_id, evidence_code, reference, assigned_by, date) VALUES ('A0A2Z4M394', 'GO:0020037', 'IEA', 'GO_REF:0000002', 'InterPro', '2019-12-14');
INSERT INTO protein_go_annotations (protein_id, go_id, evidence_code, reference, assigned_by, date) VALUES ('A0A2Z4M394', 'GO:0022900', 'IEA', 'GO_REF:0000108', 'GOC', '2019-12-15');
INSERT INTO protein_go_annotations (protein_id, go_id, evidence_code, reference, assigned_by, date) VALUES ('A0A2Z4M394', 'GO:0046872', 'IEA', 'GO_REF:0000038', 'UniProt', '2019-12-14');
INSERT INTO protein_go_annotations (protein_id, go_id, evidence_code, reference, assigned_by, date) VALUES ('A0A2Z4M394', 'GO:0055114', 'IEA', 'GO_REF:0000002', 'InterPro', '2019-12-14');
INSERT INTO protein_go_annotations (protein_id, go_id, evidence_code, reference, assigned_by, date) VALUES ('A0A2Z4M394', 'GO:0055114', 'IEA', 'GO_REF:0000038', 'UniProt', '2019-12-14');
INSERT INTO protein_go_annotations (protein_id, go_id, evidence_code, reference, assigned_by, date) VALUES ('A0A2Z4M394', 'GO:0055114', 'IEA', 'GO_REF:0000038', 'UniProt', '2019-12-14');
INSERT INTO protein_go_annotations (protein_id, go_id, evidence_code, reference, assigned_by, date) VALUES ('A0A2Z4M394', 'GO:0070469', 'IEA', 'GO_REF:0000038', 'UniProt', '2019-12-14');
INSERT INTO protein_go_annotations (protein_id, go_id, evidence_code, reference, assigned_by, date) VALUES ('A0A2Z4M394', 'GO:1902600', 'IEA', 'GO_REF:0000108', 'GOC', '2019-12-15');
INSERT INTO protein_go_annotations (protein_id, go_id, evidence_code, reference, assigned_by, date) VALUES ('A0A2Z4M3E5', 'GO:0004129', 'IEA', 'GO_REF:0000002', 'InterPro', '2019-12-14');
INSERT INTO protein_go_annotations (protein_id, go_id, evidence_code, reference, assigned_by, date) VALUES ('A0A2Z4M3E5', 'GO:0004129', 'IEA', 'GO_REF:0000003', 'UniProt', '2019-12-14');
INSERT INTO protein_go_annotations (protein_id, go_id, evidence_code, reference, assigned_by, date) VALUES ('A0A2Z4M3E5', 'GO:0005739', 'IEA', 'GO_REF:0000038', 'UniProt', '2019-12-14');
INSERT INTO protein_go_annotations (protein_id, go_id, evidence_code, reference, assigned_by, date) VALUES ('A0A2Z4M3E5', 'GO:0005743', 'IEA', 'GO_REF:0000038', 'UniProt', '2019-12-14');
INSERT INTO protein_go_annotations (protein_id, go_id, evidence_code, reference, assigned_by, date) VALUES ('A0A2Z4M3E5', 'GO:0005743', 'IEA', 'GO_REF:0000040', 'UniProt', '2019-12-14');
INSERT INTO protein_go_annotations (protein_id, go_id, evidence_code, reference, assigned_by, date) VALUES ('A0A2Z4M3E5', 'GO:0006119', 'IEA', 'GO_REF:0000041', 'UniProt', '2019-12-14');
INSERT INTO protein_go_annotations (protein_id, go_id, evidence_code, reference, assigned_by, date) VALUES ('A0A2Z4M3E5', 'GO:0009060', 'IEA', 'GO_REF:0000002', 'InterPro', '2019-12-14');
INSERT INTO protein_go_annotations (protein_id, go_id, evidence_code, reference, assigned_by, date) VALUES ('A0A2Z4M3E5', 'GO:0016020', 'IEA', 'GO_REF:0000038', 'UniProt', '2019-12-14');
INSERT INTO protein_go_annotations (protein_id, go_id, evidence_code, reference, assigned_by, date) VALUES ('A0A2Z4M3E5', 'GO:0016021', 'IEA', 'GO_REF:0000002', 'InterPro', '2019-12-14');
INSERT INTO protein_go_annotations (protein_id, go_id, evidence_code, reference, assigned_by, date) VALUES ('A0A2Z4M3E5', 'GO:0016021', 'IEA', 'GO_REF:0000038', 'UniProt', '2019-12-14');
INSERT INTO protein_go_annotations (protein_id, go_id, evidence_code, reference, assigned_by, date) VALUES ('A0A2Z4M3E5', 'GO:0016491', 'IEA', 'GO_REF:0000038', 'UniProt', '2019-12-14');
INSERT INTO protein_go_annotations (protein_id, go_id, evidence_code, reference, assigned_by, date) VALUES ('A0A2Z4M3E5', 'GO:0020037', 'IEA', 'GO_REF:0000002', 'InterPro', '2019-12-14');
INSERT INTO protein_go_annotations (protein_id, go_id, evidence_code, reference, assigned_by, date) VALUES ('A0A2Z4M3E5', 'GO:0022900', 'IEA', 'GO_REF:0000108', 'GOC', '2019-12-15');
INSERT INTO protein_go_annotations (protein_id, go_id, evidence_code, reference, assigned_by, date) VALUES ('A0A2Z4M3E5', 'GO:0046872', 'IEA', 'GO_REF:0000038', 'UniProt', '2019-12-14');
INSERT INTO protein_go_annotations (protein_id, go_id, evidence_code, reference, assigned_by, date) VALUES ('A0A2Z4M3E5', 'GO:0055114', 'IEA', 'GO_REF:0000002', 'InterPro', '2019-12-14');
INSERT INTO protein_go_annotations (protein_id, go_id, evidence_code, reference, assigned_by, date) VALUES ('A0A2Z4M3E5', 'GO:0055114', 'IEA', 'GO_REF:0000038', 'UniProt', '2019-12-14');
INSERT INTO protein_go_annotations (protein_id, go_id, evidence_code, reference, assigned_by, date) VALUES ('A0A2Z4M3E5', 'GO:0055114', 'IEA', 'GO_REF:0000038', 'UniProt', '2019-12-14');
INSERT INTO protein_go_annotations (protein_id, go_id, evidence_code, reference, assigned_by, date) VALUES ('A0A2Z4M3E5', 'GO:0070469', 'IEA', 'GO_REF:0000038', 'UniProt', '2019-12-14');
INSERT INTO protein_go_annotations (protein_id, go_id, evidence_code, reference, assigned_by, date) VALUES ('A0A2Z4M3E5', 'GO:1902600', 'IEA', 'GO_REF:0000108', 'GOC', '2019-12-15');
INSERT INTO protein_go_annotations (protein_id, go_id, evidence_code, reference, assigned_by, date) VALUES ('A0A2Z4M3J7', 'GO:0004129', 'IEA', 'GO_REF:0000002', 'InterPro', '2019-12-14');
INSERT INTO protein_go_annotations (protein_id, go_id, evidence_code, reference, assigned_by, date) VALUES ('A0A2Z4M3J7', 'GO:0004129', 'IEA', 'GO_REF:0000003', 'UniProt', '2019-12-14');
INSERT INTO protein_go_annotations (protein_id, go_id, evidence_code, reference, assigned_by, date) VALUES ('A0A2Z4M3J7', 'GO:0005739', 'IEA', 'GO_REF:0000038', 'UniProt', '2019-12-14');
INSERT INTO protein_go_annotations (protein_id, go_id, evidence_code, reference, assigned_by, date) VALUES ('A0A2Z4M3J7', 'GO:0005743', 'IEA', 'GO_REF:0000038', 'UniProt', '2019-12-14');
INSERT INTO protein_go_annotations (protein_id, go_id, evidence_code, reference, assigned_by, date) VALUES ('A0A2Z4M3J7', 'GO:0005743', 'IEA', 'GO_REF:0000040', 'UniProt', '2019-12-14');
INSERT INTO protein_go_annotations (protein_id, go_id, evidence_code, reference, assigned_by, date) VALUES ('A0A2Z4M3J7', 'GO:0006119', 'IEA', 'GO_REF:0000041', 'UniProt', '2019-12-14');
INSERT INTO protein_go_annotations (protein_id, go_id, evidence_code, reference, assigned_by, date) VALUES ('A0A2Z4M3J7', 'GO:0009060', 'IEA', 'GO_REF:0000002', 'InterPro', '2019-12-14');
INSERT INTO protein_go_annotations (protein_id, go_id, evidence_code, reference, assigned_by, date) VALUES ('A0A2Z4M3J7', 'GO:0016020', 'IEA', 'GO_REF:0000038', 'UniProt', '2019-12-14');
INSERT INTO protein_go_annotations (protein_id, go_id, evidence_code, reference, assigned_by, date) VALUES ('A0A2Z4M3J7', 'GO:0016021', 'IEA', 'GO_REF:0000002', 'InterPro', '2019-12-14');
INSERT INTO protein_go_annotations (protein_id, go_id, evidence_code, reference, assigned_by, date) VALUES ('A0A2Z4M3J7', 'GO:0016021', 'IEA', 'GO_REF:0000038', 'UniProt', '2019-12-14');
INSERT INTO protein_go_annotations (protein_id, go_id, evidence_code, reference, assigned_by, date) VALUES ('A0A2Z4M3J7', 'GO:0016491', 'IEA', 'GO_REF:0000038', 'UniProt', '2019-12-14');
INSERT INTO protein_go_annotations (protein_id, go_id, evidence_code, reference, assigned_by, date) VALUES ('A0A2Z4M3J7', 'GO:0020037', 'IEA', 'GO_REF:0000002', 'InterPro', '2019-12-14');
INSERT INTO protein_go_annotations (protein_id, go_id, evidence_code, reference, assigned_by, date) VALUES ('A0A2Z4M3J7', 'GO:0022900', 'IEA', 'GO_REF:0000108', 'GOC', '2019-12-15');
INSERT INTO protein_go_annotations (protein_id, go_id, evidence_code, reference, assigned_by, date) VALUES ('A0A2Z4M3J7', 'GO:0046872', 'IEA', 'GO_REF:0000038', 'UniProt', '2019-12-14');
INSERT INTO protein_go_annotations (protein_id, go_id, evidence_code, reference, assigned_by, date) VALUES ('A0A2Z4M3J7', 'GO:0055114', 'IEA', 'GO_REF:0000002', 'InterPro', '2019-12-14');
INSERT INTO protein_go_annotations (protein_id, go_id, evidence_code, reference, assigned_by, date) VALUES ('A0A2Z4M3J7', 'GO:0055114', 'IEA', 'GO_REF:0000038', 'UniProt', '2019-12-14');
INSERT INTO protein_go_annotations (protein_id, go_id, evidence_code, reference, assigned_by, date) VALUES ('A0A2Z4M3J7', 'GO:0055114', 'IEA', 'GO_REF:0000038', 'UniProt', '2019-12-14');
INSERT INTO protein_go_annotations (protein_id, go_id, evidence_code, reference, assigned_by, date) VALUES ('A0A2Z4M3J7', 'GO:0070469', 'IEA', 'GO_REF:0000038', 'UniProt', '2019-12-14');
INSERT INTO protein_go_annotations (protein_id, go_id, evidence_code, reference, assigned_by, date) VALUES ('A0A2Z4M3J7', 'GO:1902600', 'IEA', 'GO_REF:0000108', 'GOC', '2019-12-15');
INSERT INTO protein_go_annotations (protein_id, go_id, evidence_code, reference, assigned_by, date) VALUES ('A0A2Z4M3L8', 'GO:0004129', 'IEA', 'GO_REF:0000002', 'InterPro', '2019-12-14');
INSERT INTO protein_go_annotations (protein_id, go_id, evidence_code, reference, assigned_by, date) VALUES ('A0A2Z4M3L8', 'GO:0004129', 'IEA', 'GO_REF:0000003', 'UniProt', '2019-12-14');
INSERT INTO protein_go_annotations (protein_id, go_id, evidence_code, reference, assigned_by, date) VALUES ('A0A2Z4M3L8', 'GO:0005739', 'IEA', 'GO_REF:0000038', 'UniProt', '2019-12-14');
INSERT INTO protein_go_annotations (protein_id, go_id, evidence_code, reference, assigned_by, date) VALUES ('A0A2Z4M3L8', 'GO:0005743', 'IEA', 'GO_REF:0000038', 'UniProt', '2019-12-14');
INSERT INTO protein_go_annotations (protein_id, go_id, evidence_code, reference, assigned_by, date) VALUES ('A0A2Z4M3L8', 'GO:0005743', 'IEA', 'GO_REF:0000040', 'UniProt', '2019-12-14');
INSERT INTO protein_go_annotations (protein_id, go_id, evidence_code, reference, assigned_by, date) VALUES ('A0A2Z4M3L8', 'GO:0006119', 'IEA', 'GO_REF:0000041', 'UniProt', '2019-12-14');
INSERT INTO protein_go_annotations (protein_id, go_id, evidence_code, reference, assigned_by, date) VALUES ('A0A2Z4M3L8', 'GO:0009060', 'IEA', 'GO_REF:0000002', 'InterPro', '2019-12-14');
INSERT INTO protein_go_annotations (protein_id, go_id, evidence_code, reference, assigned_by, date) VALUES ('A0A2Z4M3L8', 'GO:0016020', 'IEA', 'GO_REF:0000038', 'UniProt', '2019-12-14');
INSERT INTO protein_go_annotations (protein_id, go_id, evidence_code, reference, assigned_by, date) VALUES ('A0A2Z4M3L8', 'GO:0016021', 'IEA', 'GO_REF:0000002', 'InterPro', '2019-12-14');
INSERT INTO protein_go_annotations (protein_id, go_id, evidence_code, reference, assigned_by, date) VALUES ('A0A2Z4M3L8', 'GO:0016021', 'IEA', 'GO_REF:0000038', 'UniProt', '2019-12-14');
INSERT INTO protein_go_annotations (protein_id, go_id, evidence_code, reference, assigned_by, date) VALUES ('A0A2Z4M3L8', 'GO:0016491', 'IEA', 'GO_REF:0000038', 'UniProt', '2019-12-14');
INSERT INTO protein_go_annotations (protein_id, go_id, evidence_code, reference, assigned_by, date) VALUES ('A0A2Z4M3L8', 'GO:0020037', 'IEA', 'GO_REF:0000002', 'InterPro', '2019-12-14');
INSERT INTO protein_go_annotations (protein_id, go_id, evidence_code, reference, assigned_by, date) VALUES ('A0A2Z4M3L8', 'GO:0022900', 'IEA', 'GO_REF:0000108', 'GOC', '2019-12-15');
INSERT INTO protein_go_annotations (protein_id, go_id, evidence_code, reference, assigned_by, date) VALUES ('A0A2Z4M3L8', 'GO:0046872', 'IEA', 'GO_REF:0000038', 'UniProt', '2019-12-14');
INSERT INTO protein_go_annotations (protein_id, go_id, evidence_code, reference, assigned_by, date) VALUES ('A0A2Z4M3L8', 'GO:0055114', 'IEA', 'GO_REF:0000002', 'InterPro', '2019-12-14');
INSERT INTO protein_go_annotations (protein_id, go_id, evidence_code, reference, assigned_by, date) VALUES ('A0A2Z4M3L8', 'GO:0055114', 'IEA', 'GO_REF:0000038', 'UniProt', '2019-12-14');
INSERT INTO protein_go_annotations (protein_id, go_id, evidence_code, reference, assigned_by, date) VALUES ('A0A2Z4M3L8', 'GO:0055114', 'IEA', 'GO_REF:0000038', 'UniProt', '2019-12-14');
INSERT INTO protein_go_annotations (protein_id, go_id, evidence_code, reference, assigned_by, date) VALUES ('A0A2Z4M3L8', 'GO:0070469', 'IEA', 'GO_REF:0000038', 'UniProt', '2019-12-14');
INSERT INTO protein_go_annotations (protein_id, go_id, evidence_code, reference, assigned_by, date) VALUES ('A0A2Z4M3L8', 'GO:1902600', 'IEA', 'GO_REF:0000108', 'GOC', '2019-12-15');
INSERT INTO protein_go_annotations (protein_id, go_id, evidence_code, reference, assigned_by, date) VALUES ('A0A2Z4M3R3', 'GO:0004129', 'IEA', 'GO_REF:0000002', 'InterPro', '2019-12-14');
INSERT INTO protein_go_annotations (protein_id, go_id, evidence_code, reference, assigned_by, date) VALUES ('A0A2Z4M3R3', 'GO:0004129', 'IEA', 'GO_REF:0000003', 'UniProt', '2019-12-14');
INSERT INTO protein_go_annotations (protein_id, go_id, evidence_code, reference, assigned_by, date) VALUES ('A0A2Z4M3R3', 'GO:0005739', 'IEA', 'GO_REF:0000038', 'UniProt', '2019-12-14');
INSERT INTO protein_go_annotations (protein_id, go_id, evidence_code, reference, assigned_by, date) VALUES ('A0A2Z4M3R3', 'GO:0005743', 'IEA', 'GO_REF:0000038', 'UniProt', '2019-12-14');
INSERT INTO protein_go_annotations (protein_id, go_id, evidence_code, reference, assigned_by, date) VALUES ('A0A2Z4M3R3', 'GO:0005743', 'IEA', 'GO_REF:0000040', 'UniProt', '2019-12-14');
INSERT INTO protein_go_annotations (protein_id, go_id, evidence_code, reference, assigned_by, date) VALUES ('A0A2Z4M3R3', 'GO:0006119', 'IEA', 'GO_REF:0000041', 'UniProt', '2019-12-14');
INSERT INTO protein_go_annotations (protein_id, go_id, evidence_code, reference, assigned_by, date) VALUES ('A0A2Z4M3R3', 'GO:0009060', 'IEA', 'GO_REF:0000002', 'InterPro', '2019-12-14');
INSERT INTO protein_go_annotations (protein_id, go_id, evidence_code, reference, assigned_by, date) VALUES ('A0A2Z4M3R3', 'GO:0016020', 'IEA', 'GO_REF:0000038', 'UniProt', '2019-12-14');
INSERT INTO protein_go_annotations (protein_id, go_id, evidence_code, reference, assigned_by, date) VALUES ('A0A2Z4M3R3', 'GO:0016021', 'IEA', 'GO_REF:0000002', 'InterPro', '2019-12-14');
INSERT INTO protein_go_annotations (protein_id, go_id, evidence_code, reference, assigned_by, date) VALUES ('A0A2Z4M3R3', 'GO:0016021', 'IEA', 'GO_REF:0000038', 'UniProt', '2019-12-14');
INSERT INTO protein_go_annotations (protein_id, go_id, evidence_code, reference, assigned_by, date) VALUES ('A0A2Z4M3R3', 'GO:0016491', 'IEA', 'GO_REF:0000038', 'UniProt', '2019-12-14');
INSERT INTO protein_go_annotations (protein_id, go_id, evidence_code, reference, assigned_by, date) VALUES ('A0A2Z4M3R3', 'GO:0020037', 'IEA', 'GO_REF:0000002', 'InterPro', '2019-12-14');
INSERT INTO protein_go_annotations (protein_id, go_id, evidence_code, reference, assigned_by, date) VALUES ('A0A2Z4M3R3', 'GO:0022900', 'IEA', 'GO_REF:0000108', 'GOC', '2019-12-15');
INSERT INTO protein_go_annotations (protein_id, go_id, evidence_code, reference, assigned_by, date) VALUES ('A0A2Z4M3R3', 'GO:0046872', 'IEA', 'GO_REF:0000038', 'UniProt', '2019-12-14');
INSERT INTO protein_go_annotations (protein_id, go_id, evidence_code, reference, assigned_by, date) VALUES ('A0A2Z4M3R3', 'GO:0055114', 'IEA', 'GO_REF:0000002', 'InterPro', '2019-12-14');
INSERT INTO protein_go_annotations (protein_id, go_id, evidence_code, reference, assigned_by, date) VALUES ('A0A2Z4M3R3', 'GO:0055114', 'IEA', 'GO_REF:0000038', 'UniProt', '2019-12-14');
INSERT INTO protein_go_annotations (protein_id, go_id, evidence_code, reference, assigned_by, date) VALUES ('A0A2Z4M3R3', 'GO:0055114', 'IEA', 'GO_REF:0000038', 'UniProt', '2019-12-14');
INSERT INTO protein_go_annotations (protein_id, go_id, evidence_code, reference, assigned_by, date) VALUES ('A0A2Z4M3R3', 'GO:0070469', 'IEA', 'GO_REF:0000038', 'UniProt', '2019-12-14');
INSERT INTO protein_go_annotations (protein_id, go_id, evidence_code, reference, assigned_by, date) VALUES ('A0A2Z4M3R3', 'GO:1902600', 'IEA', 'GO_REF:0000108', 'GOC', '2019-12-15');
INSERT INTO protein_go_annotations (protein_id, go_id, evidence_code, reference, assigned_by, date) VALUES ('A0A2Z4M3Z8', 'GO:0004129', 'IEA', 'GO_REF:0000002', 'InterPro', '2019-12-14');
INSERT INTO protein_go_annotations (protein_id, go_id, evidence_code, reference, assigned_by, date) VALUES ('A0A2Z4M3Z8', 'GO:0004129', 'IEA', 'GO_REF:0000003', 'UniProt', '2019-12-14');
INSERT INTO protein_go_annotations (protein_id, go_id, evidence_code, reference, assigned_by, date) VALUES ('A0A2Z4M3Z8', 'GO:0005739', 'IEA', 'GO_REF:0000038', 'UniProt', '2019-12-14');
INSERT INTO protein_go_annotations (protein_id, go_id, evidence_code, reference, assigned_by, date) VALUES ('A0A2Z4M3Z8', 'GO:0005743', 'IEA', 'GO_REF:0000038', 'UniProt', '2019-12-14');
INSERT INTO protein_go_annotations (protein_id, go_id, evidence_code, reference, assigned_by, date) VALUES ('A0A2Z4M3Z8', 'GO:0005743', 'IEA', 'GO_REF:0000040', 'UniProt', '2019-12-14');
INSERT INTO protein_go_annotations (protein_id, go_id, evidence_code, reference, assigned_by, date) VALUES ('A0A2Z4M3Z8', 'GO:0006119', 'IEA', 'GO_REF:0000041', 'UniProt', '2019-12-14');
INSERT INTO protein_go_annotations (protein_id, go_id, evidence_code, reference, assigned_by, date) VALUES ('A0A2Z4M3Z8', 'GO:0009060', 'IEA', 'GO_REF:0000002', 'InterPro', '2019-12-14');
INSERT INTO protein_go_annotations (protein_id, go_id, evidence_code, reference, assigned_by, date) VALUES ('A0A2Z4M3Z8', 'GO:0016020', 'IEA', 'GO_REF:0000038', 'UniProt', '2019-12-14');
INSERT INTO protein_go_annotations (protein_id, go_id, evidence_code, reference, assigned_by, date) VALUES ('A0A2Z4M3Z8', 'GO:0016021', 'IEA', 'GO_REF:0000002', 'InterPro', '2019-12-14');
INSERT INTO protein_go_annotations (protein_id, go_id, evidence_code, reference, assigned_by, date) VALUES ('A0A2Z4M3Z8', 'GO:0016021', 'IEA', 'GO_REF:0000038', 'UniProt', '2019-12-14');
INSERT INTO protein_go_annotations (protein_id, go_id, evidence_code, reference, assigned_by, date) VALUES ('A0A2Z4M3Z8', 'GO:0016491', 'IEA', 'GO_REF:0000038', 'UniProt', '2019-12-14');
INSERT INTO protein_go_annotations (protein_id, go_id, evidence_code, reference, assigned_by, date) VALUES ('A0A2Z4M3Z8', 'GO:0020037', 'IEA', 'GO_REF:0000002', 'InterPro', '2019-12-14');
INSERT INTO protein_go_annotations (protein_id, go_id, evidence_code, reference, assigned_by, date) VALUES ('A0A2Z4M3Z8', 'GO:0022900', 'IEA', 'GO_REF:0000108', 'GOC', '2019-12-15');
INSERT INTO protein_go_annotations (protein_id, go_id, evidence_code, reference, assigned_by, date) VALUES ('A0A2Z4M3Z8', 'GO:0046872', 'IEA', 'GO_REF:0000038', 'UniProt', '2019-12-14');
INSERT INTO protein_go_annotations (protein_id, go_id, evidence_code, reference, assigned_by, date) VALUES ('A0A2Z4M3Z8', 'GO:0055114', 'IEA', 'GO_REF:0000002', 'InterPro', '2019-12-14');
INSERT INTO protein_go_annotations (protein_id, go_id, evidence_code, reference, assigned_by, date) VALUES ('A0A2Z4M3Z8', 'GO:0055114', 'IEA', 'GO_REF:0000038', 'UniProt', '2019-12-14');
INSERT INTO protein_go_annotations (protein_id, go_id, evidence_code, reference, assigned_by, date) VALUES ('A0A2Z4M3Z8', 'GO:0055114', 'IEA', 'GO_REF:0000038', 'UniProt', '2019-12-14');
INSERT INTO protein_go_annotations (protein_id, go_id, evidence_code, reference, assigned_by, date) VALUES ('A0A2Z4M3Z8', 'GO:0070469', 'IEA', 'GO_REF:0000038', 'UniProt', '2019-12-14');
INSERT INTO protein_go_annotations (protein_id, go_id, evidence_code, reference, assigned_by, date) VALUES ('A0A2Z4M3Z8', 'GO:1902600', 'IEA', 'GO_REF:0000108', 'GOC', '2019-12-15');
INSERT INTO protein_go_annotations (protein_id, go_id, evidence_code, reference, assigned_by, date) VALUES ('A0A2Z4M403', 'GO:0004129', 'IEA', 'GO_REF:0000002', 'InterPro', '2019-12-14');
INSERT INTO protein_go_annotations (protein_id, go_id, evidence_code, reference, assigned_by, date) VALUES ('A0A2Z4M403', 'GO:0004129', 'IEA', 'GO_REF:0000003', 'UniProt', '2019-12-14');
INSERT INTO protein_go_annotations (protein_id, go_id, evidence_code, reference, assigned_by, date) VALUES ('A0A2Z4M403', 'GO:0005739', 'IEA', 'GO_REF:0000038', 'UniProt', '2019-12-14');
INSERT INTO protein_go_annotations (protein_id, go_id, evidence_code, reference, assigned_by, date) VALUES ('A0A2Z4M403', 'GO:0005743', 'IEA', 'GO_REF:0000038', 'UniProt', '2019-12-14');
INSERT INTO protein_go_annotations (protein_id, go_id, evidence_code, reference, assigned_by, date) VALUES ('A0A2Z4M403', 'GO:0005743', 'IEA', 'GO_REF:0000040', 'UniProt', '2019-12-14');
INSERT INTO protein_go_annotations (protein_id, go_id, evidence_code, reference, assigned_by, date) VALUES ('A0A2Z4M403', 'GO:0006119', 'IEA', 'GO_REF:0000041', 'UniProt', '2019-12-14');
INSERT INTO protein_go_annotations (protein_id, go_id, evidence_code, reference, assigned_by, date) VALUES ('A0A2Z4M403', 'GO:0009060', 'IEA', 'GO_REF:0000002', 'InterPro', '2019-12-14');
INSERT INTO protein_go_annotations (protein_id, go_id, evidence_code, reference, assigned_by, date) VALUES ('A0A2Z4M403', 'GO:0016020', 'IEA', 'GO_REF:0000038', 'UniProt', '2019-12-14');
INSERT INTO protein_go_annotations (protein_id, go_id, evidence_code, reference, assigned_by, date) VALUES ('A0A2Z4M403', 'GO:0016021', 'IEA', 'GO_REF:0000002', 'InterPro', '2019-12-14');
INSERT INTO protein_go_annotations (protein_id, go_id, evidence_code, reference, assigned_by, date) VALUES ('A0A2Z4M403', 'GO:0016021', 'IEA', 'GO_REF:0000038', 'UniProt', '2019-12-14');
INSERT INTO protein_go_annotations (protein_id, go_id, evidence_code, reference, assigned_by, date) VALUES ('A0A2Z4M403', 'GO:0016491', 'IEA', 'GO_REF:0000038', 'UniProt', '2019-12-14');
INSERT INTO protein_go_annotations (protein_id, go_id, evidence_code, reference, assigned_by, date) VALUES ('A0A2Z4M403', 'GO:0020037', 'IEA', 'GO_REF:0000002', 'InterPro', '2019-12-14');
INSERT INTO protein_go_annotations (protein_id, go_id, evidence_code, reference, assigned_by, date) VALUES ('A0A2Z4M403', 'GO:0022900', 'IEA', 'GO_REF:0000108', 'GOC', '2019-12-15');
INSERT INTO protein_go_annotations (protein_id, go_id, evidence_code, reference, assigned_by, date) VALUES ('A0A2Z4M403', 'GO:0046872', 'IEA', 'GO_REF:0000038', 'UniProt', '2019-12-14');
INSERT INTO protein_go_annotations (protein_id, go_id, evidence_code, reference, assigned_by, date) VALUES ('A0A2Z4M403', 'GO:0055114', 'IEA', 'GO_REF:0000002', 'InterPro', '2019-12-14');
INSERT INTO protein_go_annotations (protein_id, go_id, evidence_code, reference, assigned_by, date) VALUES ('A0A2Z4M403', 'GO:0055114', 'IEA', 'GO_REF:0000038', 'UniProt', '2019-12-14');
INSERT INTO protein_go_annotations (protein_id, go_id, evidence_code, reference, assigned_by, date) VALUES ('A0A2Z4M403', 'GO:0055114', 'IEA', 'GO_REF:0000038', 'UniProt', '2019-12-14');
INSERT INTO protein_go_annotations (protein_id, go_id, evidence_code, reference, assigned_by, date) VALUES ('A0A2Z4M403', 'GO:0070469', 'IEA', 'GO_REF:0000038', 'UniProt', '2019-12-14');
INSERT INTO protein_go_annotations (protein_id, go_id, evidence_code, reference, assigned_by, date) VALUES ('A0A2Z4M403', 'GO:1902600', 'IEA', 'GO_REF:0000108', 'GOC', '2019-12-15');
INSERT INTO protein_go_annotations (protein_id, go_id, evidence_code, reference, assigned_by, date) VALUES ('A0A2Z4M4F9', 'GO:0004129', 'IEA', 'GO_REF:0000002', 'InterPro', '2019-12-14');
INSERT INTO protein_go_annotations (protein_id, go_id, evidence_code, reference, assigned_by, date) VALUES ('A0A2Z4M4F9', 'GO:0004129', 'IEA', 'GO_REF:0000003', 'UniProt', '2019-12-14');
INSERT INTO protein_go_annotations (protein_id, go_id, evidence_code, reference, assigned_by, date) VALUES ('A0A2Z4M4F9', 'GO:0005739', 'IEA', 'GO_REF:0000038', 'UniProt', '2019-12-14');
INSERT INTO protein_go_annotations (protein_id, go_id, evidence_code, reference, assigned_by, date) VALUES ('A0A2Z4M4F9', 'GO:0005743', 'IEA', 'GO_REF:0000038', 'UniProt', '2019-12-14');
INSERT INTO protein_go_annotations (protein_id, go_id, evidence_code, reference, assigned_by, date) VALUES ('A0A2Z4M4F9', 'GO:0005743', 'IEA', 'GO_REF:0000040', 'UniProt', '2019-12-14');
INSERT INTO protein_go_annotations (protein_id, go_id, evidence_code, reference, assigned_by, date) VALUES ('A0A2Z4M4F9', 'GO:0006119', 'IEA', 'GO_REF:0000041', 'UniProt', '2019-12-14');
INSERT INTO protein_go_annotations (protein_id, go_id, evidence_code, reference, assigned_by, date) VALUES ('A0A2Z4M4F9', 'GO:0009060', 'IEA', 'GO_REF:0000002', 'InterPro', '2019-12-14');
INSERT INTO protein_go_annotations (protein_id, go_id, evidence_code, reference, assigned_by, date) VALUES ('A0A2Z4M4F9', 'GO:0016020', 'IEA', 'GO_REF:0000038', 'UniProt', '2019-12-14');
INSERT INTO protein_go_annotations (protein_id, go_id, evidence_code, reference, assigned_by, date) VALUES ('A0A2Z4M4F9', 'GO:0016021', 'IEA', 'GO_REF:0000002', 'InterPro', '2019-12-14');
INSERT INTO protein_go_annotations (protein_id, go_id, evidence_code, reference, assigned_by, date) VALUES ('A0A2Z4M4F9', 'GO:0016021', 'IEA', 'GO_REF:0000038', 'UniProt', '2019-12-14');
INSERT INTO protein_go_annotations (protein_id, go_id, evidence_code, reference, assigned_by, date) VALUES ('A0A2Z4M4F9', 'GO:0016491', 'IEA', 'GO_REF:0000038', 'UniProt', '2019-12-14');
INSERT INTO protein_go_annotations (protein_id, go_id, evidence_code, reference, assigned_by, date) VALUES ('A0A2Z4M4F9', 'GO:0020037', 'IEA', 'GO_REF:0000002', 'InterPro', '2019-12-14');
INSERT INTO protein_go_annotations (protein_id, go_id, evidence_code, reference, assigned_by, date) VALUES ('A0A2Z4M4F9', 'GO:0022900', 'IEA', 'GO_REF:0000108', 'GOC', '2019-12-15');
INSERT INTO protein_go_annotations (protein_id, go_id, evidence_code, reference, assigned_by, date) VALUES ('A0A2Z4M4F9', 'GO:0046872', 'IEA', 'GO_REF:0000038', 'UniProt', '2019-12-14');
INSERT INTO protein_go_annotations (protein_id, go_id, evidence_code, reference, assigned_by, date) VALUES ('A0A2Z4M4F9', 'GO:0055114', 'IEA', 'GO_REF:0000002', 'InterPro', '2019-12-14');
INSERT INTO protein_go_annotations (protein_id, go_id, evidence_code, reference, assigned_by, date) VALUES ('A0A2Z4M4F9', 'GO:0055114', 'IEA', 'GO_REF:0000038', 'UniProt', '2019-12-14');
INSERT INTO protein_go_annotations (protein_id, go_id, evidence_code, reference, assigned_by, date) VALUES ('A0A2Z4M4F9', 'GO:0055114', 'IEA', 'GO_REF:0000038', 'UniProt', '2019-12-14');
INSERT INTO protein_go_annotations (protein_id, go_id, evidence_code, reference, assigned_by, date) VALUES ('A0A2Z4M4F9', 'GO:0070469', 'IEA', 'GO_REF:0000038', 'UniProt', '2019-12-14');
INSERT INTO protein_go_annotations (protein_id, go_id, evidence_code, reference, assigned_by, date) VALUES ('A0A2Z4M4F9', 'GO:1902600', 'IEA', 'GO_REF:0000108', 'GOC', '2019-12-15');
INSERT INTO protein_go_annotations (protein_id, go_id, evidence_code, reference, assigned_by, date) VALUES ('A0A2Z4M4W1', 'GO:0004129', 'IEA', 'GO_REF:0000002', 'InterPro', '2019-12-14');
INSERT INTO protein_go_annotations (protein_id, go_id, evidence_code, reference, assigned_by, date) VALUES ('A0A2Z4M4W1', 'GO:0004129', 'IEA', 'GO_REF:0000003', 'UniProt', '2019-12-14');
INSERT INTO protein_go_annotations (protein_id, go_id, evidence_code, reference, assigned_by, date) VALUES ('A0A2Z4M4W1', 'GO:0005739', 'IEA', 'GO_REF:0000038', 'UniProt', '2019-12-14');
INSERT INTO protein_go_annotations (protein_id, go_id, evidence_code, reference, assigned_by, date) VALUES ('C0SPB6', 'GO:0030420', 'IEA', 'GO_REF:0000037', 'UniProt', '2019-12-14');
INSERT INTO protein_go_annotations (protein_id, go_id, evidence_code, reference, assigned_by, date) VALUES ('O31604', 'GO:0030420', 'IEA', 'GO_REF:0000037', 'UniProt', '2019-12-14');
INSERT INTO protein_go_annotations (protein_id, go_id, evidence_code, reference, assigned_by, date) VALUES ('O31982', 'GO:0030420', 'IEA', 'GO_REF:0000037', 'UniProt', '2019-12-14');
INSERT INTO protein_go_annotations (protein_id, go_id, evidence_code, reference, assigned_by, date) VALUES ('O32049', 'GO:0030420', 'IEA', 'GO_REF:0000037', 'UniProt', '2019-12-14');
INSERT INTO protein_go_annotations (protein_id, go_id, evidence_code, reference, assigned_by, date) VALUES ('O32217', 'GO:0030420', 'IEA', 'GO_REF:0000037', 'UniProt', '2019-12-14');
INSERT INTO protein_go_annotations (protein_id, go_id, evidence_code, reference, assigned_by, date) VALUES ('O32218', 'GO:0030420', 'IEA', 'GO_REF:0000037', 'UniProt', '2019-12-14');
INSERT INTO protein_go_annotations (protein_id, go_id, evidence_code, reference, assigned_by, date) VALUES ('O32437', 'GO:0030420', 'IEA', 'GO_REF:0000037', 'UniProt', '2019-12-14');
INSERT INTO protein_go_annotations (protein_id, go_id, evidence_code, reference, assigned_by, date) VALUES ('O34391', 'GO:0030420', 'IEA', 'GO_REF:0000037', 'UniProt', '2019-12-14');
INSERT INTO protein_go_annotations (protein_id, go_id, evidence_code, reference, assigned_by, date) VALUES ('O34412', 'GO:0030420', 'IEA', 'GO_REF:0000037', 'UniProt', '2019-12-14');
INSERT INTO protein_go_annotations (protein_id, go_id, evidence_code, reference, assigned_by, date) VALUES ('P12667', 'GO:0030420', 'IEA', 'GO_REF:0000037', 'UniProt', '2019-12-14');
INSERT INTO protein_go_annotations (protein_id, go_id, evidence_code, reference, assigned_by, date) VALUES ('P12669', 'GO:0030420', 'IEA', 'GO_REF:0000037', 'UniProt', '2019-12-14');
INSERT INTO protein_go_annotations (protein_id, go_id, evidence_code, reference, assigned_by, date) VALUES ('P14204', 'GO:0030420', 'IEA', 'GO_REF:0000037', 'UniProt', '2019-12-14');
INSERT INTO protein_go_annotations (protein_id, go_id, evidence_code, reference, assigned_by, date) VALUES ('P15378', 'GO:0030420', 'IEA', 'GO_REF:0000037', 'UniProt', '2019-12-14');
INSERT INTO protein_go_annotations (protein_id, go_id, evidence_code, reference, assigned_by, date) VALUES ('P16971', 'GO:0030420', 'IEA', 'GO_REF:0000037', 'UniProt', '2019-12-14');
INSERT INTO protein_go_annotations (protein_id, go_id, evidence_code, reference, assigned_by, date) VALUES ('P24136', 'GO:0030420', 'IEA', 'GO_REF:0000037', 'UniProt', '2019-12-14');
INSERT INTO protein_go_annotations (protein_id, go_id, evidence_code, reference, assigned_by, date) VALUES ('P24137', 'GO:0030420', 'IEA', 'GO_REF:0000037', 'UniProt', '2019-12-14');
INSERT INTO protein_go_annotations (protein_id, go_id, evidence_code, reference, assigned_by, date) VALUES ('P24138', 'GO:0030420', 'IEA', 'GO_REF:0000037', 'UniProt', '2019-12-14');
INSERT INTO protein_go_annotations (protein_id, go_id, evidence_code, reference, assigned_by, date) VALUES ('P24139', 'GO:0030420', 'IEA', 'GO_REF:0000037', 'UniProt', '2019-12-14');
INSERT INTO protein_go_annotations (protein_id, go_id, evidence_code, reference, assigned_by, date) VALUES ('P24141', 'GO:0030420', 'IEA', 'GO_REF:0000037', 'UniProt', '2019-12-14');
INSERT INTO protein_go_annotations (protein_id, go_id, evidence_code, reference, assigned_by, date) VALUES ('P24808', 'GO:0030420', 'IEA', 'GO_REF:0000037', 'UniProt', '2019-12-14');
INSERT INTO protein_go_annotations (protein_id, go_id, evidence_code, reference, assigned_by, date) VALUES ('P25953', 'GO:0030420', 'IEA', 'GO_REF:0000037', 'UniProt', '2019-12-14');
INSERT INTO protein_go_annotations (protein_id, go_id, evidence_code, reference, assigned_by, date) VALUES ('P25954', 'GO:0030420', 'IEA', 'GO_REF:0000037', 'UniProt', '2019-12-14');
INSERT INTO protein_go_annotations (protein_id, go_id, evidence_code, reference, assigned_by, date) VALUES ('P25955', 'GO:0030420', 'IEA', 'GO_REF:0000002', 'InterPro', '2019-12-14');
INSERT INTO protein_go_annotations (protein_id, go_id, evidence_code, reference, assigned_by, date) VALUES ('P25955', 'GO:0030420', 'IEA', 'GO_REF:0000037', 'UniProt', '2019-12-14');
INSERT INTO protein_go_annotations (protein_id, go_id, evidence_code, reference, assigned_by, date) VALUES ('P25956', 'GO:0030420', 'IEA', 'GO_REF:0000002', 'InterPro', '2019-12-14');
INSERT INTO protein_go_annotations (protein_id, go_id, evidence_code, reference, assigned_by, date) VALUES ('P25956', 'GO:0030420', 'IEA', 'GO_REF:0000037', 'UniProt', '2019-12-14');
INSERT INTO protein_go_annotations (protein_id, go_id, evidence_code, reference, assigned_by, date) VALUES ('P25957', 'GO:0030420', 'IEA', 'GO_REF:0000037', 'UniProt', '2019-12-14');
INSERT INTO protein_go_annotations (protein_id, go_id, evidence_code, reference, assigned_by, date) VALUES ('P25958', 'GO:0030420', 'IEA', 'GO_REF:0000037', 'UniProt', '2019-12-14');
INSERT INTO protein_go_annotations (protein_id, go_id, evidence_code, reference, assigned_by, date) VALUES ('P25959', 'GO:0030420', 'IEA', 'GO_REF:0000037', 'UniProt', '2019-12-14');
INSERT INTO protein_go_annotations (protein_id, go_id, evidence_code, reference, assigned_by, date) VALUES ('P33690', 'GO:0030420', 'IEA', 'GO_REF:0000037', 'UniProt', '2019-12-14');
INSERT INTO protein_go_annotations (protein_id, go_id, evidence_code, reference, assigned_by, date) VALUES ('P37571', 'GO:0030420', 'IEA', 'GO_REF:0000037', 'UniProt', '2019-12-14');
INSERT INTO protein_go_annotations (protein_id, go_id, evidence_code, reference, assigned_by, date) VALUES ('P37958', 'GO:0030420', 'IEA', 'GO_REF:0000037', 'UniProt', '2019-12-14');
INSERT INTO protein_go_annotations (protein_id, go_id, evidence_code, reference, assigned_by, date) VALUES ('P37958', 'GO:0045808', 'IEA', 'GO_REF:0000104', 'UniProt', '2019-12-14');
INSERT INTO protein_go_annotations (protein_id, go_id, evidence_code, reference, assigned_by, date) VALUES ('P39145', 'GO:0030420', 'IEA', 'GO_REF:0000037', 'UniProt', '2019-12-14');
INSERT INTO protein_go_annotations (protein_id, go_id, evidence_code, reference, assigned_by, date) VALUES ('P39146', 'GO:0030420', 'IEA', 'GO_REF:0000037', 'UniProt', '2019-12-14');
INSERT INTO protein_go_annotations (protein_id, go_id, evidence_code, reference, assigned_by, date) VALUES ('P39147', 'GO:0030420', 'IEA', 'GO_REF:0000037', 'UniProt', '2019-12-14');
INSERT INTO protein_go_annotations (protein_id, go_id, evidence_code, reference, assigned_by, date) VALUES ('P39694', 'GO:0030420', 'IEA', 'GO_REF:0000037', 'UniProt', '2019-12-14');
INSERT INTO protein_go_annotations (protein_id, go_id, evidence_code, reference, assigned_by, date) VALUES ('P39695', 'GO:0030420', 'IEA', 'GO_REF:0000002', 'InterPro', '2019-12-14');
INSERT INTO protein_go_annotations (protein_id, go_id, evidence_code, reference, assigned_by, date) VALUES ('P39695', 'GO:0030420', 'IEA', 'GO_REF:0000037', 'UniProt', '2019-12-14');
INSERT INTO protein_go_annotations (protein_id, go_id, evidence_code, reference, assigned_by, date) VALUES ('P39800', 'GO:0030420', 'IEA', 'GO_REF:0000037', 'UniProt', '2019-12-14');
INSERT INTO protein_go_annotations (protein_id, go_id, evidence_code, reference, assigned_by, date) VALUES ('P39813', 'GO:0030420', 'IEA', 'GO_REF:0000037', 'UniProt', '2019-12-14');
INSERT INTO protein_go_annotations (protein_id, go_id, evidence_code, reference, assigned_by, date) VALUES ('P40396', 'GO:0030420', 'IEA', 'GO_REF:0000002', 'InterPro', '2019-12-14');
INSERT INTO protein_go_annotations (protein_id, go_id, evidence_code, reference, assigned_by, date) VALUES ('P40396', 'GO:0030420', 'IEA', 'GO_REF:0000037', 'UniProt', '2019-12-14');
INSERT INTO protein_go_annotations (protein_id, go_id, evidence_code, reference, assigned_by, date) VALUES ('P42061', 'GO:0030420', 'IEA', 'GO_REF:0000037', 'UniProt', '2019-12-14');
INSERT INTO protein_go_annotations (protein_id, go_id, evidence_code, reference, assigned_by, date) VALUES ('P42062', 'GO:0030420', 'IEA', 'GO_REF:0000037', 'UniProt', '2019-12-14');
INSERT INTO protein_go_annotations (protein_id, go_id, evidence_code, reference, assigned_by, date) VALUES ('P42063', 'GO:0030420', 'IEA', 'GO_REF:0000037', 'UniProt', '2019-12-14');
INSERT INTO protein_go_annotations (protein_id, go_id, evidence_code, reference, assigned_by, date) VALUES ('P42064', 'GO:0030420', 'IEA', 'GO_REF:0000037', 'UniProt', '2019-12-14');
INSERT INTO protein_go_annotations (protein_id, go_id, evidence_code, reference, assigned_by, date) VALUES ('P42065', 'GO:0030420', 'IEA', 'GO_REF:0000037', 'UniProt', '2019-12-14');
INSERT INTO protein_go_annotations (protein_id, go_id, evidence_code, reference, assigned_by, date) VALUES ('P45453', 'GO:0030420', 'IEA', 'GO_REF:0000037', 'UniProt', '2019-12-14');
INSERT INTO protein_go_annotations (protein_id, go_id, evidence_code, reference, assigned_by, date) VALUES ('P50734', 'GO:0030420', 'IEA', 'GO_REF:0000037', 'UniProt', '2019-12-14');
INSERT INTO protein_go_annotations (protein_id, go_id, evidence_code, reference, assigned_by, date) VALUES ('P50734', 'GO:0045808', 'IEA', 'GO_REF:0000104', 'UniProt', '2019-12-14');
INSERT INTO protein_go_annotations (protein_id, go_id, evidence_code, reference, assigned_by, date) VALUES ('P50849', 'GO:0030420', 'IEA', 'GO_REF:0000037', 'UniProt', '2019-12-14');
INSERT INTO protein_go_annotations (protein_id, go_id, evidence_code, reference, assigned_by, date) VALUES ('P54450', 'GO:0030420', 'IEA', 'GO_REF:0000037', 'UniProt', '2019-12-14');
INSERT INTO protein_go_annotations (protein_id, go_id, evidence_code, reference, assigned_by, date) VALUES ('P55339', 'GO:0030420', 'IEA', 'GO_REF:0000037', 'UniProt', '2019-12-14');
INSERT INTO protein_go_annotations (protein_id, go_id, evidence_code, reference, assigned_by, date) VALUES ('P55340', 'GO:0030420', 'IEA', 'GO_REF:0000037', 'UniProt', '2019-12-14');
INSERT INTO protein_go_annotations (protein_id, go_id, evidence_code, reference, assigned_by, date) VALUES ('P80355', 'GO:0030420', 'IEA', 'GO_REF:0000037', 'UniProt', '2019-12-14');
INSERT INTO protein_go_annotations (protein_id, go_id, evidence_code, reference, assigned_by, date) VALUES ('Q06320', 'GO:0030420', 'IEA', 'GO_REF:0000037', 'UniProt', '2019-12-14');
INSERT INTO protein_go_annotations (protein_id, go_id, evidence_code, reference, assigned_by, date) VALUES ('Q99027', 'GO:0030420', 'IEA', 'GO_REF:0000037', 'UniProt', '2019-12-14');
INSERT INTO protein_go_annotations (protein_id, go_id, evidence_code, reference, assigned_by, date) VALUES ('A0A0B4ZZ86', 'GO:0000272', 'IEA', 'GO_REF:0000038', 'UniProt', '2019-12-14');
INSERT INTO protein_go_annotations (protein_id, go_id, evidence_code, reference, assigned_by, date) VALUES ('A0A0B4ZZ86', 'GO:0004553', 'IEA', 'GO_REF:0000002', 'InterPro', '2019-12-14');
INSERT INTO protein_go_annotations (protein_id, go_id, evidence_code, reference, assigned_by, date) VALUES ('A0A0B4ZZ86', 'GO:0005975', 'IEA', 'GO_REF:0000002', 'InterPro', '2019-12-14');
INSERT INTO protein_go_annotations (protein_id, go_id, evidence_code, reference, assigned_by, date) VALUES ('A0A0B4ZZ86', 'GO:0005975', 'IEA', 'GO_REF:0000038', 'UniProt', '2019-12-14');
INSERT INTO protein_go_annotations (protein_id, go_id, evidence_code, reference, assigned_by, date) VALUES ('A0A0B4ZZ86', 'GO:0008152', 'IEA', 'GO_REF:0000038', 'UniProt', '2019-12-14');
INSERT INTO protein_go_annotations (protein_id, go_id, evidence_code, reference, assigned_by, date) VALUES ('A0A0B4ZZ86', 'GO:0016787', 'IEA', 'GO_REF:0000038', 'UniProt', '2019-12-14');
INSERT INTO protein_go_annotations (protein_id, go_id, evidence_code, reference, assigned_by, date) VALUES ('A0A0B4ZZ86', 'GO:0016798', 'IEA', 'GO_REF:0000038', 'UniProt', '2019-12-14');
INSERT INTO protein_go_annotations (protein_id, go_id, evidence_code, reference, assigned_by, date) VALUES ('A0A0B4ZZ86', 'GO:0031176', 'IEA', 'GO_REF:0000003', 'UniProt', '2019-12-14');
INSERT INTO protein_go_annotations (protein_id, go_id, evidence_code, reference, assigned_by, date) VALUES ('A0A0B4ZZ86', 'GO:0031176', 'IEA', 'GO_REF:0000104', 'UniProt', '2019-12-14');
INSERT INTO protein_go_annotations (protein_id, go_id, evidence_code, reference, assigned_by, date) VALUES ('A0A0B4ZZ86', 'GO:0045493', 'IEA', 'GO_REF:0000038', 'UniProt', '2019-12-14');
INSERT INTO protein_go_annotations (protein_id, go_id, evidence_code, reference, assigned_by, date) VALUES ('A0A0B4ZZ86', 'GO:0045493', 'IEA', 'GO_REF:0000041', 'UniProt', '2019-12-14');
INSERT INTO protein_go_annotations (protein_id, go_id, evidence_code, reference, assigned_by, date) VALUES ('A0A0B4ZZ86', 'GO:0045493', 'IEA', 'GO_REF:0000104', 'UniProt', '2019-12-14');
INSERT INTO protein_go_annotations (protein_id, go_id, evidence_code, reference, assigned_by, date) VALUES ('A0A4Y6A7V5', 'GO:0016020', 'IEA', 'GO_REF:0000038', 'UniProt', '2019-12-14');
INSERT INTO protein_go_annotations (protein_id, go_id, evidence_code, reference, assigned_by, date) VALUES ('A0A4Y6A7V5', 'GO:0016021', 'IEA', 'GO_REF:0000038', 'UniProt', '2019-12-14');
INSERT INTO protein_go_annotations (protein_id, go_id, evidence_code, reference, assigned_by, date) VALUES ('A0A4Y6A7Y4', 'GO:0016020', 'IEA', 'GO_REF:0000038', 'UniProt', '2019-12-14');
INSERT INTO protein_go_annotations (protein_id, go_id, evidence_code, reference, assigned_by, date) VALUES ('A0A4Y6A7Y4', 'GO:0016021', 'IEA', 'GO_REF:0000038', 'UniProt', '2019-12-14');
INSERT INTO protein_go_annotations (protein_id, go_id, evidence_code, reference, assigned_by, date) VALUES ('A0A4Y6A802', 'GO:0016020', 'IEA', 'GO_REF:0000038', 'UniProt', '2019-12-14');
INSERT INTO protein_go_annotations (protein_id, go_id, evidence_code, reference, assigned_by, date) VALUES ('A0A4Y6A802', 'GO:0016021', 'IEA', 'GO_REF:0000038', 'UniProt', '2019-12-14');
INSERT INTO protein_go_annotations (protein_id, go_id, evidence_code, reference, assigned_by, date) VALUES ('A0A4Y6A804', 'GO:0016020', 'IEA', 'GO_REF:0000038', 'UniProt', '2019-12-14');
INSERT INTO protein_go_annotations (protein_id, go_id, evidence_code, reference, assigned_by, date) VALUES ('A0A4Y6A804', 'GO:0016021', 'IEA', 'GO_REF:0000038', 'UniProt', '2019-12-14');
INSERT INTO protein_go_annotations (protein_id, go_id, evidence_code, reference, assigned_by, date) VALUES ('A0A4Y6A817', 'GO:0016020', 'IEA', 'GO_REF:0000038', 'UniProt', '2019-12-14');
INSERT INTO protein_go_annotations (protein_id, go_id, evidence_code, reference, assigned_by, date) VALUES ('A0A4Y6A817', 'GO:0016021', 'IEA', 'GO_REF:0000038', 'UniProt', '2019-12-14');
INSERT INTO protein_go_annotations (protein_id, go_id, evidence_code, reference, assigned_by, date) VALUES ('A0A4Y6A818', 'GO:0016020', 'IEA', 'GO_REF:0000038', 'UniProt', '2019-12-14');
INSERT INTO protein_go_annotations (protein_id, go_id, evidence_code, reference, assigned_by, date) VALUES ('A0A4Y6A818', 'GO:0016021', 'IEA', 'GO_REF:0000038', 'UniProt', '2019-12-14');
INSERT INTO protein_go_annotations (protein_id, go_id, evidence_code, reference, assigned_by, date) VALUES ('A0A4Y6A828', 'GO:0016020', 'IEA', 'GO_REF:0000038', 'UniProt', '2019-12-14');
INSERT INTO protein_go_annotations (protein_id, go_id, evidence_code, reference, assigned_by, date) VALUES ('A0A4Y6A828', 'GO:0016021', 'IEA', 'GO_REF:0000038', 'UniProt', '2019-12-14');
INSERT INTO protein_go_annotations (protein_id, go_id, evidence_code, reference, assigned_by, date) VALUES ('A0A4Y6A831', 'GO:0016020', 'IEA', 'GO_REF:0000038', 'UniProt', '2019-12-14');
INSERT INTO protein_go_annotations (protein_id, go_id, evidence_code, reference, assigned_by, date) VALUES ('A0A4Y6A831', 'GO:0016021', 'IEA', 'GO_REF:0000038', 'UniProt', '2019-12-14');
INSERT INTO protein_go_annotations (protein_id, go_id, evidence_code, reference, assigned_by, date) VALUES ('A0A4Y6A859', 'GO:0016020', 'IEA', 'GO_REF:0000038', 'UniProt', '2019-12-14');
INSERT INTO protein_go_annotations (protein_id, go_id, evidence_code, reference, assigned_by, date) VALUES ('A0A4Y6A859', 'GO:0016021', 'IEA', 'GO_REF:0000038', 'UniProt', '2019-12-14');
INSERT INTO protein_go_annotations (protein_id, go_id, evidence_code, reference, assigned_by, date) VALUES ('A0A4Y6A897', 'GO:0016020', 'IEA', 'GO_REF:0000038', 'UniProt', '2019-12-14');
INSERT INTO protein_go_annotations (protein_id, go_id, evidence_code, reference, assigned_by, date) VALUES ('A0A4Y6A897', 'GO:0016021', 'IEA', 'GO_REF:0000038', 'UniProt', '2019-12-14');
INSERT INTO protein_go_annotations (protein_id, go_id, evidence_code, reference, assigned_by, date) VALUES ('A0A4Y6A8A0', 'GO:0003677', 'IEA', 'GO_REF:0000002', 'InterPro', '2019-12-14');
INSERT INTO protein_go_annotations (protein_id, go_id, evidence_code, reference, assigned_by, date) VALUES ('A0A4Y6A8A2', 'GO:0008270', 'IEA', 'GO_REF:0000002', 'InterPro', '2019-12-14');
INSERT INTO protein_go_annotations (protein_id, go_id, evidence_code, reference, assigned_by, date) VALUES ('A0A4Y6A8A6', 'GO:0016020', 'IEA', 'GO_REF:0000038', 'UniProt', '2019-12-14');
INSERT INTO protein_go_annotations (protein_id, go_id, evidence_code, reference, assigned_by, date) VALUES ('A0A4Y6A8A6', 'GO:0016021', 'IEA', 'GO_REF:0000038', 'UniProt', '2019-12-14');
INSERT INTO protein_go_annotations (protein_id, go_id, evidence_code, reference, assigned_by, date) VALUES ('A0A4Y6A8D6', 'GO:0016020', 'IEA', 'GO_REF:0000038', 'UniProt', '2019-12-14');
INSERT INTO protein_go_annotations (protein_id, go_id, evidence_code, reference, assigned_by, date) VALUES ('A0A4Y6A8D6', 'GO:0016021', 'IEA', 'GO_REF:0000038', 'UniProt', '2019-12-14');
INSERT INTO protein_go_annotations (protein_id, go_id, evidence_code, reference, assigned_by, date) VALUES ('A0A4Y6A8F1', 'GO:0005886', 'IEA', 'GO_REF:0000038', 'UniProt', '2019-12-14');
INSERT INTO protein_go_annotations (protein_id, go_id, evidence_code, reference, assigned_by, date) VALUES ('A0A4Y6A8F1', 'GO:0005886', 'IEA', 'GO_REF:0000040', 'UniProt', '2019-12-14');
INSERT INTO protein_go_annotations (protein_id, go_id, evidence_code, reference, assigned_by, date) VALUES ('A0A4Y6A8F1', 'GO:0016020', 'IEA', 'GO_REF:0000038', 'UniProt', '2019-12-14');
INSERT INTO protein_go_annotations (protein_id, go_id, evidence_code, reference, assigned_by, date) VALUES ('A0A4Y6A8F1', 'GO:0016021', 'IEA', 'GO_REF:0000002', 'InterPro', '2019-12-14');
INSERT INTO protein_go_annotations (protein_id, go_id, evidence_code, reference, assigned_by, date) VALUES ('A0A4Y6A8F1', 'GO:0016021', 'IEA', 'GO_REF:0000038', 'UniProt', '2019-12-14');
INSERT INTO protein_go_annotations (protein_id, go_id, evidence_code, reference, assigned_by, date) VALUES ('A0A4Y6A8F1', 'GO:0019835', 'IEA', 'GO_REF:0000038', 'UniProt', '2019-12-14');
INSERT INTO protein_go_annotations (protein_id, go_id, evidence_code, reference, assigned_by, date) VALUES ('A0A4Y6A8J1', 'GO:0016020', 'IEA', 'GO_REF:0000038', 'UniProt', '2019-12-14');
INSERT INTO protein_go_annotations (protein_id, go_id, evidence_code, reference, assigned_by, date) VALUES ('A0A4Y6A8J1', 'GO:0016021', 'IEA', 'GO_REF:0000038', 'UniProt', '2019-12-14');
INSERT INTO protein_go_annotations (protein_id, go_id, evidence_code, reference, assigned_by, date) VALUES ('A0A4Y6A8R3', 'GO:0016020', 'IEA', 'GO_REF:0000038', 'UniProt', '2019-12-14');
INSERT INTO protein_go_annotations (protein_id, go_id, evidence_code, reference, assigned_by, date) VALUES ('A0A4Y6A8R3', 'GO:0016021', 'IEA', 'GO_REF:0000038', 'UniProt', '2019-12-14');
INSERT INTO protein_go_annotations (protein_id, go_id, evidence_code, reference, assigned_by, date) VALUES ('A0A4Y6A8S7', 'GO:0016020', 'IEA', 'GO_REF:0000038', 'UniProt', '2019-12-14');
INSERT INTO protein_go_annotations (protein_id, go_id, evidence_code, reference, assigned_by, date) VALUES ('A0A4Y6A8S7', 'GO:0016021', 'IEA', 'GO_REF:0000038', 'UniProt', '2019-12-14');
INSERT INTO protein_go_annotations (protein_id, go_id, evidence_code, reference, assigned_by, date) VALUES ('A0A4Y6A967', 'GO:0009058', 'IEA', 'GO_REF:0000002', 'InterPro', '2019-12-14');
INSERT INTO protein_go_annotations (protein_id, go_id, evidence_code, reference, assigned_by, date) VALUES ('A0A4Y6A967', 'GO:0016788', 'IEA', 'GO_REF:0000002', 'InterPro', '2019-12-14');
INSERT INTO protein_go_annotations (protein_id, go_id, evidence_code, reference, assigned_by, date) VALUES ('A0A4Y6A9B1', 'GO:0016020', 'IEA', 'GO_REF:0000038', 'UniProt', '2019-12-14');
INSERT INTO protein_go_annotations (protein_id, go_id, evidence_code, reference, assigned_by, date) VALUES ('A0A4Y6A9B1', 'GO:0016021', 'IEA', 'GO_REF:0000038', 'UniProt', '2019-12-14');
INSERT INTO protein_go_annotations (protein_id, go_id, evidence_code, reference, assigned_by, date) VALUES ('A0A4Y6A9B6', 'GO:0016020', 'IEA', 'GO_REF:0000038', 'UniProt', '2019-12-14');
INSERT INTO protein_go_annotations (protein_id, go_id, evidence_code, reference, assigned_by, date) VALUES ('A0A4Y6A9B6', 'GO:0016021', 'IEA', 'GO_REF:0000038', 'UniProt', '2019-12-14');
INSERT INTO protein_go_annotations (protein_id, go_id, evidence_code, reference, assigned_by, date) VALUES ('A0A4Y6A9C8', 'GO:0016301', 'IEA', 'GO_REF:0000038', 'UniProt', '2019-12-14');
INSERT INTO protein_go_annotations (protein_id, go_id, evidence_code, reference, assigned_by, date) VALUES ('A0A4Y6A9C8', 'GO:0016310', 'IEA', 'GO_REF:0000038', 'UniProt', '2019-12-14');
INSERT INTO protein_go_annotations (protein_id, go_id, evidence_code, reference, assigned_by, date) VALUES ('A0A4Y6A9I2', 'GO:0016020', 'IEA', 'GO_REF:0000038', 'UniProt', '2019-12-14');
INSERT INTO protein_go_annotations (protein_id, go_id, evidence_code, reference, assigned_by, date) VALUES ('A0A4Y6A9I2', 'GO:0016021', 'IEA', 'GO_REF:0000038', 'UniProt', '2019-12-14');
INSERT INTO protein_go_annotations (protein_id, go_id, evidence_code, reference, assigned_by, date) VALUES ('A0A4Y6AB17', 'GO:0016020', 'IEA', 'GO_REF:0000038', 'UniProt', '2019-12-14');
INSERT INTO protein_go_annotations (protein_id, go_id, evidence_code, reference, assigned_by, date) VALUES ('A0A4Y6AB17', 'GO:0016021', 'IEA', 'GO_REF:0000038', 'UniProt', '2019-12-14');
INSERT INTO protein_go_annotations (protein_id, go_id, evidence_code, reference, assigned_by, date) VALUES ('A0A4Y6AB28', 'GO:0016020', 'IEA', 'GO_REF:0000038', 'UniProt', '2019-12-14');
INSERT INTO protein_go_annotations (protein_id, go_id, evidence_code, reference, assigned_by, date) VALUES ('A0A4Y6AB28', 'GO:0016021', 'IEA', 'GO_REF:0000038', 'UniProt', '2019-12-14');
INSERT INTO protein_go_annotations (protein_id, go_id, evidence_code, reference, assigned_by, date) VALUES ('A0A4Y6AC71', 'GO:0003677', 'IEA', 'GO_REF:0000002', 'InterPro', '2019-12-14');
INSERT INTO protein_go_annotations (protein_id, go_id, evidence_code, reference, assigned_by, date) VALUES ('A0A4Y6AC83', 'GO:0016020', 'IEA', 'GO_REF:0000038', 'UniProt', '2019-12-14');
INSERT INTO protein_go_annotations (protein_id, go_id, evidence_code, reference, assigned_by, date) VALUES ('A0A4Y6AC83', 'GO:0016021', 'IEA', 'GO_REF:0000038', 'UniProt', '2019-12-14');
INSERT INTO protein_go_annotations (protein_id, go_id, evidence_code, reference, assigned_by, date) VALUES ('A0A4Y6ACB8', 'GO:0016020', 'IEA', 'GO_REF:0000038', 'UniProt', '2019-12-14');
INSERT INTO protein_go_annotations (protein_id, go_id, evidence_code, reference, assigned_by, date) VALUES ('A0A4Y6ACB8', 'GO:0016021', 'IEA', 'GO_REF:0000038', 'UniProt', '2019-12-14');
INSERT INTO protein_go_annotations (protein_id, go_id, evidence_code, reference, assigned_by, date) VALUES ('A0A4Y6ACE0', 'GO:0016020', 'IEA', 'GO_REF:0000038', 'UniProt', '2019-12-14');
INSERT INTO protein_go_annotations (protein_id, go_id, evidence_code, reference, assigned_by, date) VALUES ('A0A4Y6ACE0', 'GO:0016021', 'IEA', 'GO_REF:0000038', 'UniProt', '2019-12-14');
INSERT INTO protein_go_annotations (protein_id, go_id, evidence_code, reference, assigned_by, date) VALUES ('A0A4Y6ACF0', 'GO:0016020', 'IEA', 'GO_REF:0000038', 'UniProt', '2019-12-14');
INSERT INTO protein_go_annotations (protein_id, go_id, evidence_code, reference, assigned_by, date) VALUES ('A0A4Y6ACF0', 'GO:0016021', 'IEA', 'GO_REF:0000038', 'UniProt', '2019-12-14');
INSERT INTO protein_go_annotations (protein_id, go_id, evidence_code, reference, assigned_by, date) VALUES ('A0A4Y6AD54', 'GO:0016020', 'IEA', 'GO_REF:0000038', 'UniProt', '2019-12-14');
INSERT INTO protein_go_annotations (protein_id, go_id, evidence_code, reference, assigned_by, date) VALUES ('A0A4Y6AD54', 'GO:0016021', 'IEA', 'GO_REF:0000038', 'UniProt', '2019-12-14');
INSERT INTO protein_go_annotations (protein_id, go_id, evidence_code, reference, assigned_by, date) VALUES ('A0A4Y6AD97', 'GO:0016020', 'IEA', 'GO_REF:0000038', 'UniProt', '2019-12-14');
INSERT INTO protein_go_annotations (protein_id, go_id, evidence_code, reference, assigned_by, date) VALUES ('A0A4Y6AD97', 'GO:0016021', 'IEA', 'GO_REF:0000038', 'UniProt', '2019-12-14');
INSERT INTO protein_go_annotations (protein_id, go_id, evidence_code, reference, assigned_by, date) VALUES ('A0A4Y6ADB7', 'GO:0016020', 'IEA', 'GO_REF:0000038', 'UniProt', '2019-12-14');
INSERT INTO protein_go_annotations (protein_id, go_id, evidence_code, reference, assigned_by, date) VALUES ('A0A4Y6ADB7', 'GO:0016021', 'IEA', 'GO_REF:0000038', 'UniProt', '2019-12-14');
INSERT INTO protein_go_annotations (protein_id, go_id, evidence_code, reference, assigned_by, date) VALUES ('A0A4Y6ADF8', 'GO:0016020', 'IEA', 'GO_REF:0000038', 'UniProt', '2019-12-14');
INSERT INTO protein_go_annotations (protein_id, go_id, evidence_code, reference, assigned_by, date) VALUES ('A0A4Y6ADF8', 'GO:0016021', 'IEA', 'GO_REF:0000038', 'UniProt', '2019-12-14');
INSERT INTO protein_go_annotations (protein_id, go_id, evidence_code, reference, assigned_by, date) VALUES ('A0A4Y6ADJ3', 'GO:0016020', 'IEA', 'GO_REF:0000038', 'UniProt', '2019-12-14');
INSERT INTO protein_go_annotations (protein_id, go_id, evidence_code, reference, assigned_by, date) VALUES ('A0A4Y6ADJ3', 'GO:0016021', 'IEA', 'GO_REF:0000038', 'UniProt', '2019-12-14');
INSERT INTO protein_go_annotations (protein_id, go_id, evidence_code, reference, assigned_by, date) VALUES ('A0A4Y6ADK5', 'GO:0016020', 'IEA', 'GO_REF:0000038', 'UniProt', '2019-12-14');
INSERT INTO protein_go_annotations (protein_id, go_id, evidence_code, reference, assigned_by, date) VALUES ('A0A4Y6ADK5', 'GO:0016021', 'IEA', 'GO_REF:0000038', 'UniProt', '2019-12-14');
INSERT INTO protein_go_annotations (protein_id, go_id, evidence_code, reference, assigned_by, date) VALUES ('A0A4Y6ADL5', 'GO:0003677', 'IEA', 'GO_REF:0000002', 'InterPro', '2019-12-14');
INSERT INTO protein_go_annotations (protein_id, go_id, evidence_code, reference, assigned_by, date) VALUES ('A0A4Y6ADL5', 'GO:0003677', 'IEA', 'GO_REF:0000038', 'UniProt', '2019-12-14');
INSERT INTO protein_go_annotations (protein_id, go_id, evidence_code, reference, assigned_by, date) VALUES ('A0A4Y6ADL5', 'GO:0006355', 'IEA', 'GO_REF:0000002', 'InterPro', '2019-12-14');
INSERT INTO protein_go_annotations (protein_id, go_id, evidence_code, reference, assigned_by, date) VALUES ('A0A4Y6ADM6', 'GO:0016020', 'IEA', 'GO_REF:0000038', 'UniProt', '2019-12-14');
INSERT INTO protein_go_annotations (protein_id, go_id, evidence_code, reference, assigned_by, date) VALUES ('A0A4Y6ADM6', 'GO:0016021', 'IEA', 'GO_REF:0000038', 'UniProt', '2019-12-14');
INSERT INTO protein_go_annotations (protein_id, go_id, evidence_code, reference, assigned_by, date) VALUES ('A0A4Y6ADN6', 'GO:0016020', 'IEA', 'GO_REF:0000038', 'UniProt', '2019-12-14');
INSERT INTO protein_go_annotations (protein_id, go_id, evidence_code, reference, assigned_by, date) VALUES ('A0A4Y6ADN6', 'GO:0016021', 'IEA', 'GO_REF:0000038', 'UniProt', '2019-12-14');
INSERT INTO protein_go_annotations (protein_id, go_id, evidence_code, reference, assigned_by, date) VALUES ('A7Z0C3', 'GO:0000166', 'IEA', 'GO_REF:0000037', 'UniProt', '2019-12-14');
INSERT INTO protein_go_annotations (protein_id, go_id, evidence_code, reference, assigned_by, date) VALUES ('A7Z0C3', 'GO:0003677', 'IEA', 'GO_REF:0000002', 'InterPro', '2019-12-14');
INSERT INTO protein_go_annotations (protein_id, go_id, evidence_code, reference, assigned_by, date) VALUES ('A7Z0C3', 'GO:0003677', 'IEA', 'GO_REF:0000037', 'UniProt', '2019-12-14');
INSERT INTO protein_go_annotations (protein_id, go_id, evidence_code, reference, assigned_by, date) VALUES ('A7Z0C3', 'GO:0003688', 'IEA', 'GO_REF:0000002', 'InterPro', '2019-12-14');
INSERT INTO protein_go_annotations (protein_id, go_id, evidence_code, reference, assigned_by, date) VALUES ('A7Z0C3', 'GO:0003688', 'IEA', 'GO_REF:0000104', 'UniProt', '2019-12-14');
INSERT INTO protein_go_annotations (protein_id, go_id, evidence_code, reference, assigned_by, date) VALUES ('A7Z0C3', 'GO:0005524', 'IEA', 'GO_REF:0000002', 'InterPro', '2019-12-14');
INSERT INTO protein_go_annotations (protein_id, go_id, evidence_code, reference, assigned_by, date) VALUES ('A7Z0C3', 'GO:0005524', 'IEA', 'GO_REF:0000037', 'UniProt', '2019-12-14');
INSERT INTO protein_go_annotations (protein_id, go_id, evidence_code, reference, assigned_by, date) VALUES ('A7Z0C3', 'GO:0005524', 'IEA', 'GO_REF:0000104', 'UniProt', '2019-12-14');
INSERT INTO protein_go_annotations (protein_id, go_id, evidence_code, reference, assigned_by, date) VALUES ('A7Z0C3', 'GO:0005737', 'IEA', 'GO_REF:0000037', 'UniProt', '2019-12-14');
INSERT INTO protein_go_annotations (protein_id, go_id, evidence_code, reference, assigned_by, date) VALUES ('A7Z0C3', 'GO:0005737', 'IEA', 'GO_REF:0000039', 'UniProt', '2019-12-14');
INSERT INTO protein_go_annotations (protein_id, go_id, evidence_code, reference, assigned_by, date) VALUES ('A7Z0C3', 'GO:0005737', 'IEA', 'GO_REF:0000104', 'UniProt', '2019-12-14');
INSERT INTO protein_go_annotations (protein_id, go_id, evidence_code, reference, assigned_by, date) VALUES ('A7Z0C3', 'GO:0006260', 'IEA', 'GO_REF:0000037', 'UniProt', '2019-12-14');
INSERT INTO protein_go_annotations (protein_id, go_id, evidence_code, reference, assigned_by, date) VALUES ('A7Z0C3', 'GO:0006270', 'IEA', 'GO_REF:0000002', 'InterPro', '2019-12-14');
INSERT INTO protein_go_annotations (protein_id, go_id, evidence_code, reference, assigned_by, date) VALUES ('A7Z0C3', 'GO:0006270', 'IEA', 'GO_REF:0000104', 'UniProt', '2019-12-14');
INSERT INTO protein_go_annotations (protein_id, go_id, evidence_code, reference, assigned_by, date) VALUES ('A7Z0C3', 'GO:0006275', 'IEA', 'GO_REF:0000002', 'InterPro', '2019-12-14');
INSERT INTO protein_go_annotations (protein_id, go_id, evidence_code, reference, assigned_by, date) VALUES ('A7Z0C3', 'GO:0006275', 'IEA', 'GO_REF:0000104', 'UniProt', '2019-12-14');
INSERT INTO protein_go_annotations (protein_id, go_id, evidence_code, reference, assigned_by, date) VALUES ('A7Z0C3', 'GO:0043565', 'IEA', 'GO_REF:0000002', 'InterPro', '2019-12-14');
INSERT INTO protein_go_annotations (protein_id, go_id, evidence_code, reference, assigned_by, date) VALUES ('A7Z0C4', 'GO:0003677', 'IEA', 'GO_REF:0000002', 'InterPro', '2019-12-14');
INSERT INTO protein_go_annotations (protein_id, go_id, evidence_code, reference, assigned_by, date) VALUES ('A7Z0C4', 'GO:0003677', 'IEA', 'GO_REF:0000038', 'UniProt', '2019-12-14');
INSERT INTO protein_go_annotations (protein_id, go_id, evidence_code, reference, assigned_by, date) VALUES ('A7Z0C4', 'GO:0003677', 'IEA', 'GO_REF:0000104', 'UniProt', '2019-12-14');
INSERT INTO protein_go_annotations (protein_id, go_id, evidence_code, reference, assigned_by, date) VALUES ('A7Z0C4', 'GO:0003887', 'IEA', 'GO_REF:0000002', 'InterPro', '2019-12-14');
INSERT INTO protein_go_annotations (protein_id, go_id, evidence_code, reference, assigned_by, date) VALUES ('A7Z0C4', 'GO:0003887', 'IEA', 'GO_REF:0000038', 'UniProt', '2019-12-14');
INSERT INTO protein_go_annotations (protein_id, go_id, evidence_code, reference, assigned_by, date) VALUES ('A7Z0C4', 'GO:0003887', 'IEA', 'GO_REF:0000104', 'UniProt', '2019-12-14');
INSERT INTO protein_go_annotations (protein_id, go_id, evidence_code, reference, assigned_by, date) VALUES ('A7Z0C4', 'GO:0005737', 'IEA', 'GO_REF:0000038', 'UniProt', '2019-12-14');
INSERT INTO protein_go_annotations (protein_id, go_id, evidence_code, reference, assigned_by, date) VALUES ('A7Z0C4', 'GO:0005737', 'IEA', 'GO_REF:0000040', 'UniProt', '2019-12-14');
INSERT INTO protein_go_annotations (protein_id, go_id, evidence_code, reference, assigned_by, date) VALUES ('A7Z0C4', 'GO:0005737', 'IEA', 'GO_REF:0000104', 'UniProt', '2019-12-14');
INSERT INTO protein_go_annotations (protein_id, go_id, evidence_code, reference, assigned_by, date) VALUES ('A7Z0C4', 'GO:0006260', 'IEA', 'GO_REF:0000002', 'InterPro', '2019-12-14');
INSERT INTO protein_go_annotations (protein_id, go_id, evidence_code, reference, assigned_by, date) VALUES ('A7Z0C4', 'GO:0006260', 'IEA', 'GO_REF:0000038', 'UniProt', '2019-12-14');
INSERT INTO protein_go_annotations (protein_id, go_id, evidence_code, reference, assigned_by, date) VALUES ('A7Z0C4', 'GO:0006260', 'IEA', 'GO_REF:0000104', 'UniProt', '2019-12-14');
INSERT INTO protein_go_annotations (protein_id, go_id, evidence_code, reference, assigned_by, date) VALUES ('A7Z0C4', 'GO:0008408', 'IEA', 'GO_REF:0000002', 'InterPro', '2019-12-14');
INSERT INTO protein_go_annotations (protein_id, go_id, evidence_code, reference, assigned_by, date) VALUES ('A7Z0C4', 'GO:0009360', 'IEA', 'GO_REF:0000002', 'InterPro', '2019-12-14');
INSERT INTO protein_go_annotations (protein_id, go_id, evidence_code, reference, assigned_by, date) VALUES ('A7Z0C4', 'GO:0016740', 'IEA', 'GO_REF:0000038', 'UniProt', '2019-12-14');
INSERT INTO protein_go_annotations (protein_id, go_id, evidence_code, reference, assigned_by, date) VALUES ('A7Z0C4', 'GO:0016779', 'IEA', 'GO_REF:0000038', 'UniProt', '2019-12-14');
INSERT INTO protein_go_annotations (protein_id, go_id, evidence_code, reference, assigned_by, date) VALUES ('A7Z0C4', 'GO:0071897', 'IEA', 'GO_REF:0000108', 'GOC', '2019-12-15');
INSERT INTO protein_go_annotations (protein_id, go_id, evidence_code, reference, assigned_by, date) VALUES ('A7Z0C4', 'GO:0090305', 'IEA', 'GO_REF:0000108', 'GOC', '2019-12-15');
INSERT INTO protein_go_annotations (protein_id, go_id, evidence_code, reference, assigned_by, date) VALUES ('A7Z0C5', 'GO:0003723', 'IEA', 'GO_REF:0000002', 'InterPro', '2019-12-14');
INSERT INTO protein_go_annotations (protein_id, go_id, evidence_code, reference, assigned_by, date) VALUES ('A7Z0C5', 'GO:0003723', 'IEA', 'GO_REF:0000038', 'UniProt', '2019-12-14');
INSERT INTO protein_go_annotations (protein_id, go_id, evidence_code, reference, assigned_by, date) VALUES ('A7Z0C6', 'GO:0000166', 'IEA', 'GO_REF:0000037', 'UniProt', '2019-12-14');
INSERT INTO protein_go_annotations (protein_id, go_id, evidence_code, reference, assigned_by, date) VALUES ('A7Z0C6', 'GO:0003677', 'IEA', 'GO_REF:0000037', 'UniProt', '2019-12-14');
INSERT INTO protein_go_annotations (protein_id, go_id, evidence_code, reference, assigned_by, date) VALUES ('A7Z0C6', 'GO:0003697', 'IEA', 'GO_REF:0000002', 'InterPro', '2019-12-14');
INSERT INTO protein_go_annotations (protein_id, go_id, evidence_code, reference, assigned_by, date) VALUES ('A7Z0C6', 'GO:0003697', 'IEA', 'GO_REF:0000104', 'UniProt', '2019-12-14');
INSERT INTO protein_go_annotations (protein_id, go_id, evidence_code, reference, assigned_by, date) VALUES ('A7Z0C6', 'GO:0005524', 'IEA', 'GO_REF:0000002', 'InterPro', '2019-12-14');
INSERT INTO protein_go_annotations (protein_id, go_id, evidence_code, reference, assigned_by, date) VALUES ('A7Z0C6', 'GO:0005524', 'IEA', 'GO_REF:0000037', 'UniProt', '2019-12-14');
INSERT INTO protein_go_annotations (protein_id, go_id, evidence_code, reference, assigned_by, date) VALUES ('A7Z0C6', 'GO:0005524', 'IEA', 'GO_REF:0000104', 'UniProt', '2019-12-14');
INSERT INTO protein_go_annotations (protein_id, go_id, evidence_code, reference, assigned_by, date) VALUES ('A7Z0C6', 'GO:0005737', 'IEA', 'GO_REF:0000037', 'UniProt', '2019-12-14');
INSERT INTO protein_go_annotations (protein_id, go_id, evidence_code, reference, assigned_by, date) VALUES ('A7Z0C6', 'GO:0005737', 'IEA', 'GO_REF:0000039', 'UniProt', '2019-12-14');
INSERT INTO protein_go_annotations (protein_id, go_id, evidence_code, reference, assigned_by, date) VALUES ('A7Z0C6', 'GO:0005737', 'IEA', 'GO_REF:0000104', 'UniProt', '2019-12-14');
INSERT INTO protein_go_annotations (protein_id, go_id, evidence_code, reference, assigned_by, date) VALUES ('A7Z0C6', 'GO:0006260', 'IEA', 'GO_REF:0000037', 'UniProt', '2019-12-14');
INSERT INTO protein_go_annotations (protein_id, go_id, evidence_code, reference, assigned_by, date) VALUES ('A7Z0C6', 'GO:0006260', 'IEA', 'GO_REF:0000104', 'UniProt', '2019-12-14');
INSERT INTO protein_go_annotations (protein_id, go_id, evidence_code, reference, assigned_by, date) VALUES ('A7Z0C6', 'GO:0006281', 'IEA', 'GO_REF:0000002', 'InterPro', '2019-12-14');
INSERT INTO protein_go_annotations (protein_id, go_id, evidence_code, reference, assigned_by, date) VALUES ('A7Z0C6', 'GO:0006281', 'IEA', 'GO_REF:0000037', 'UniProt', '2019-12-14');
INSERT INTO protein_go_annotations (protein_id, go_id, evidence_code, reference, assigned_by, date) VALUES ('A7Z0C6', 'GO:0006281', 'IEA', 'GO_REF:0000104', 'UniProt', '2019-12-14');
INSERT INTO protein_go_annotations (protein_id, go_id, evidence_code, reference, assigned_by, date) VALUES ('A7Z0C6', 'GO:0006974', 'IEA', 'GO_REF:0000037', 'UniProt', '2019-12-14');
INSERT INTO protein_go_annotations (protein_id, go_id, evidence_code, reference, assigned_by, date) VALUES ('A7Z0C6', 'GO:0006974', 'IEA', 'GO_REF:0000104', 'UniProt', '2019-12-14');
INSERT INTO protein_go_annotations (protein_id, go_id, evidence_code, reference, assigned_by, date) VALUES ('A7Z0C6', 'GO:0009432', 'IEA', 'GO_REF:0000037', 'UniProt', '2019-12-14');
INSERT INTO protein_go_annotations (protein_id, go_id, evidence_code, reference, assigned_by, date) VALUES ('A7Z0C6', 'GO:0009432', 'IEA', 'GO_REF:0000104', 'UniProt', '2019-12-14');
INSERT INTO protein_go_annotations (protein_id, go_id, evidence_code, reference, assigned_by, date) VALUES ('A7Z0C8', 'GO:0000166', 'IEA', 'GO_REF:0000038', 'UniProt', '2019-12-14');
INSERT INTO protein_go_annotations (protein_id, go_id, evidence_code, reference, assigned_by, date) VALUES ('A7Z0C8', 'GO:0003677', 'IEA', 'GO_REF:0000002', 'InterPro', '2019-12-14');
INSERT INTO protein_go_annotations (protein_id, go_id, evidence_code, reference, assigned_by, date) VALUES ('A7Z0C8', 'GO:0003677', 'IEA', 'GO_REF:0000038', 'UniProt', '2019-12-14');
INSERT INTO protein_go_annotations (protein_id, go_id, evidence_code, reference, assigned_by, date) VALUES ('A7Z0C8', 'GO:0003916', 'IEA', 'GO_REF:0000038', 'UniProt', '2019-12-14');
INSERT INTO protein_go_annotations (protein_id, go_id, evidence_code, reference, assigned_by, date) VALUES ('A7Z0C8', 'GO:0003918', 'IEA', 'GO_REF:0000002', 'InterPro', '2019-12-14');
INSERT INTO protein_go_annotations (protein_id, go_id, evidence_code, reference, assigned_by, date) VALUES ('A7Z0C8', 'GO:0003918', 'IEA', 'GO_REF:0000003', 'UniProt', '2019-12-14');
INSERT INTO protein_go_annotations (protein_id, go_id, evidence_code, reference, assigned_by, date) VALUES ('A7Z0C8', 'GO:0003918', 'IEA', 'GO_REF:0000104', 'UniProt', '2019-12-14');
INSERT INTO protein_go_annotations (protein_id, go_id, evidence_code, reference, assigned_by, date) VALUES ('A7Z0C8', 'GO:0005524', 'IEA', 'GO_REF:0000002', 'InterPro', '2019-12-14');
INSERT INTO protein_go_annotations (protein_id, go_id, evidence_code, reference, assigned_by, date) VALUES ('A7Z0C8', 'GO:0005524', 'IEA', 'GO_REF:0000038', 'UniProt', '2019-12-14');
INSERT INTO protein_go_annotations (protein_id, go_id, evidence_code, reference, assigned_by, date) VALUES ('A7Z0C8', 'GO:0005524', 'IEA', 'GO_REF:0000104', 'UniProt', '2019-12-14');
INSERT INTO protein_go_annotations (protein_id, go_id, evidence_code, reference, assigned_by, date) VALUES ('A7Z0C8', 'GO:0005694', 'IEA', 'GO_REF:0000002', 'InterPro', '2019-12-14');
INSERT INTO protein_go_annotations (protein_id, go_id, evidence_code, reference, assigned_by, date) VALUES ('A7Z0C8', 'GO:0005737', 'IEA', 'GO_REF:0000038', 'UniProt', '2019-12-14');
INSERT INTO protein_go_annotations (protein_id, go_id, evidence_code, reference, assigned_by, date) VALUES ('A7Z0C8', 'GO:0005737', 'IEA', 'GO_REF:0000040', 'UniProt', '2019-12-14');
INSERT INTO protein_go_annotations (protein_id, go_id, evidence_code, reference, assigned_by, date) VALUES ('A7Z0C8', 'GO:0005737', 'IEA', 'GO_REF:0000104', 'UniProt', '2019-12-14');
INSERT INTO protein_go_annotations (protein_id, go_id, evidence_code, reference, assigned_by, date) VALUES ('A7Z0C8', 'GO:0006261', 'IEA', 'GO_REF:0000104', 'UniProt', '2019-12-14');
INSERT INTO protein_go_annotations (protein_id, go_id, evidence_code, reference, assigned_by, date) VALUES ('A7Z0C8', 'GO:0006265', 'IEA', 'GO_REF:0000002', 'InterPro', '2019-12-14');
INSERT INTO protein_go_annotations (protein_id, go_id, evidence_code, reference, assigned_by, date) VALUES ('A7Z0C8', 'GO:0006265', 'IEA', 'GO_REF:0000104', 'UniProt', '2019-12-14');
INSERT INTO protein_go_annotations (protein_id, go_id, evidence_code, reference, assigned_by, date) VALUES ('A7Z0C8', 'GO:0016853', 'IEA', 'GO_REF:0000038', 'UniProt', '2019-12-14');
INSERT INTO protein_go_annotations (protein_id, go_id, evidence_code, reference, assigned_by, date) VALUES ('A7Z0C8', 'GO:0046872', 'IEA', 'GO_REF:0000038', 'UniProt', '2019-12-14');
INSERT INTO protein_go_annotations (protein_id, go_id, evidence_code, reference, assigned_by, date) VALUES ('A7Z0C9', 'GO:0000166', 'IEA', 'GO_REF:0000038', 'UniProt', '2019-12-14');
INSERT INTO protein_go_annotations (protein_id, go_id, evidence_code, reference, assigned_by, date) VALUES ('A7Z0C9', 'GO:0003677', 'IEA', 'GO_REF:0000002', 'InterPro', '2019-12-14');
INSERT INTO protein_go_annotations (protein_id, go_id, evidence_code, reference, assigned_by, date) VALUES ('A7Z0C9', 'GO:0003677', 'IEA', 'GO_REF:0000038', 'UniProt', '2019-12-14');
INSERT INTO protein_go_annotations (protein_id, go_id, evidence_code, reference, assigned_by, date) VALUES ('A7Z0C9', 'GO:0003677', 'IEA', 'GO_REF:0000104', 'UniProt', '2019-12-14');
INSERT INTO protein_go_annotations (protein_id, go_id, evidence_code, reference, assigned_by, date) VALUES ('A7Z0C9', 'GO:0003916', 'IEA', 'GO_REF:0000002', 'InterPro', '2019-12-14');
INSERT INTO protein_go_annotations (protein_id, go_id, evidence_code, reference, assigned_by, date) VALUES ('A7Z0C9', 'GO:0003916', 'IEA', 'GO_REF:0000038', 'UniProt', '2019-12-14');
INSERT INTO protein_go_annotations (protein_id, go_id, evidence_code, reference, assigned_by, date) VALUES ('A7Z0C9', 'GO:0003918', 'IEA', 'GO_REF:0000002', 'InterPro', '2019-12-14');
INSERT INTO protein_go_annotations (protein_id, go_id, evidence_code, reference, assigned_by, date) VALUES ('A7Z0C9', 'GO:0003918', 'IEA', 'GO_REF:0000003', 'UniProt', '2019-12-14');
INSERT INTO protein_go_annotations (protein_id, go_id, evidence_code, reference, assigned_by, date) VALUES ('A7Z0C9', 'GO:0003918', 'IEA', 'GO_REF:0000104', 'UniProt', '2019-12-14');
INSERT INTO protein_go_annotations (protein_id, go_id, evidence_code, reference, assigned_by, date) VALUES ('A7Z0C9', 'GO:0005524', 'IEA', 'GO_REF:0000002', 'InterPro', '2019-12-14');
INSERT INTO protein_go_annotations (protein_id, go_id, evidence_code, reference, assigned_by, date) VALUES ('A7Z0C9', 'GO:0005524', 'IEA', 'GO_REF:0000038', 'UniProt', '2019-12-14');
INSERT INTO protein_go_annotations (protein_id, go_id, evidence_code, reference, assigned_by, date) VALUES ('A7Z0C9', 'GO:0005524', 'IEA', 'GO_REF:0000104', 'UniProt', '2019-12-14');
INSERT INTO protein_go_annotations (protein_id, go_id, evidence_code, reference, assigned_by, date) VALUES ('A7Z0C9', 'GO:0005694', 'IEA', 'GO_REF:0000002', 'InterPro', '2019-12-14');
INSERT INTO protein_go_annotations (protein_id, go_id, evidence_code, reference, assigned_by, date) VALUES ('A7Z0C9', 'GO:0005737', 'IEA', 'GO_REF:0000038', 'UniProt', '2019-12-14');
INSERT INTO protein_go_annotations (protein_id, go_id, evidence_code, reference, assigned_by, date) VALUES ('A7Z0C9', 'GO:0005737', 'IEA', 'GO_REF:0000040', 'UniProt', '2019-12-14');
INSERT INTO protein_go_annotations (protein_id, go_id, evidence_code, reference, assigned_by, date) VALUES ('A7Z0C9', 'GO:0005737', 'IEA', 'GO_REF:0000104', 'UniProt', '2019-12-14');
INSERT INTO protein_go_annotations (protein_id, go_id, evidence_code, reference, assigned_by, date) VALUES ('A7Z0C9', 'GO:0006259', 'IEA', 'GO_REF:0000002', 'InterPro', '2019-12-14');
INSERT INTO protein_go_annotations (protein_id, go_id, evidence_code, reference, assigned_by, date) VALUES ('A7Z0C9', 'GO:0006261', 'IEA', 'GO_REF:0000104', 'UniProt', '2019-12-14');
INSERT INTO protein_go_annotations (protein_id, go_id, evidence_code, reference, assigned_by, date) VALUES ('A7Z0C9', 'GO:0006265', 'IEA', 'GO_REF:0000002', 'InterPro', '2019-12-14');
INSERT INTO protein_go_annotations (protein_id, go_id, evidence_code, reference, assigned_by, date) VALUES ('A7Z0C9', 'GO:0006265', 'IEA', 'GO_REF:0000104', 'UniProt', '2019-12-14');
INSERT INTO protein_go_annotations (protein_id, go_id, evidence_code, reference, assigned_by, date) VALUES ('A7Z0C9', 'GO:0016853', 'IEA', 'GO_REF:0000038', 'UniProt', '2019-12-14');
INSERT INTO protein_go_annotations (protein_id, go_id, evidence_code, reference, assigned_by, date) VALUES ('A7Z0D1', 'GO:0000166', 'IEA', 'GO_REF:0000104', 'UniProt', '2019-12-14');
INSERT INTO protein_go_annotations (protein_id, go_id, evidence_code, reference, assigned_by, date) VALUES ('A7Z0D1', 'GO:0003824', 'IEA', 'GO_REF:0000002', 'InterPro', '2019-12-14');
INSERT INTO protein_go_annotations (protein_id, go_id, evidence_code, reference, assigned_by, date) VALUES ('A7Z0D1', 'GO:0003938', 'IEA', 'GO_REF:0000002', 'InterPro', '2019-12-14');
INSERT INTO protein_go_annotations (protein_id, go_id, evidence_code, reference, assigned_by, date) VALUES ('A7Z0D1', 'GO:0003938', 'IEA', 'GO_REF:0000003', 'UniProt', '2019-12-14');
INSERT INTO protein_go_annotations (protein_id, go_id, evidence_code, reference, assigned_by, date) VALUES ('A7Z0D1', 'GO:0003938', 'IEA', 'GO_REF:0000104', 'UniProt', '2019-12-14');
INSERT INTO protein_go_annotations (protein_id, go_id, evidence_code, reference, assigned_by, date) VALUES ('A7Z0D1', 'GO:0006164', 'IEA', 'GO_REF:0000002', 'InterPro', '2019-12-14');
INSERT INTO protein_go_annotations (protein_id, go_id, evidence_code, reference, assigned_by, date) VALUES ('A7Z0D1', 'GO:0006164', 'IEA', 'GO_REF:0000038', 'UniProt', '2019-12-14');
INSERT INTO protein_go_annotations (protein_id, go_id, evidence_code, reference, assigned_by, date) VALUES ('A7Z0D1', 'GO:0006177', 'IEA', 'GO_REF:0000038', 'UniProt', '2019-12-14');
INSERT INTO protein_go_annotations (protein_id, go_id, evidence_code, reference, assigned_by, date) VALUES ('A7Z0D1', 'GO:0006177', 'IEA', 'GO_REF:0000104', 'UniProt', '2019-12-14');
INSERT INTO protein_go_annotations (protein_id, go_id, evidence_code, reference, assigned_by, date) VALUES ('A7Z0D1', 'GO:0016491', 'IEA', 'GO_REF:0000002', 'InterPro', '2019-12-14');
INSERT INTO protein_go_annotations (protein_id, go_id, evidence_code, reference, assigned_by, date) VALUES ('A7Z0D1', 'GO:0016491', 'IEA', 'GO_REF:0000038', 'UniProt', '2019-12-14');
INSERT INTO protein_go_annotations (protein_id, go_id, evidence_code, reference, assigned_by, date) VALUES ('A7Z0D1', 'GO:0046872', 'IEA', 'GO_REF:0000038', 'UniProt', '2019-12-14');
INSERT INTO protein_go_annotations (protein_id, go_id, evidence_code, reference, assigned_by, date) VALUES ('A7Z348', 'GO:0030420', 'IEA', 'GO_REF:0000002', 'InterPro', '2019-12-14');
INSERT INTO protein_go_annotations (protein_id, go_id, evidence_code, reference, assigned_by, date) VALUES ('A7Z3E0', 'GO:0030420', 'IEA', 'GO_REF:0000038', 'UniProt', '2019-12-14');
INSERT INTO protein_go_annotations (protein_id, go_id, evidence_code, reference, assigned_by, date) VALUES ('A7Z3E0', 'GO:0045808', 'IEA', 'GO_REF:0000104', 'UniProt', '2019-12-14');
INSERT INTO protein_go_annotations (protein_id, go_id, evidence_code, reference, assigned_by, date) VALUES ('A7Z647', 'GO:0030420', 'IEA', 'GO_REF:0000038', 'UniProt', '2019-12-14');
INSERT INTO protein_go_annotations (protein_id, go_id, evidence_code, reference, assigned_by, date) VALUES ('A7Z647', 'GO:0045808', 'IEA', 'GO_REF:0000104', 'UniProt', '2019-12-14');
INSERT INTO protein_go_annotations (protein_id, go_id, evidence_code, reference, assigned_by, date) VALUES ('A7Z6N7', 'GO:0030420', 'IEA', 'GO_REF:0000002', 'InterPro', '2019-12-14');
INSERT INTO protein_go_annotations (protein_id, go_id, evidence_code, reference, assigned_by, date) VALUES ('A7Z6N8', 'GO:0030420', 'IEA', 'GO_REF:0000002', 'InterPro', '2019-12-14');
INSERT INTO protein_go_annotations (protein_id, go_id, evidence_code, reference, assigned_by, date) VALUES ('A7Z6N8', 'GO:0030420', 'IEA', 'GO_REF:0000038', 'UniProt', '2019-12-14');
INSERT INTO protein_go_annotations (protein_id, go_id, evidence_code, reference, assigned_by, date) VALUES ('A7Z6N8', 'GO:0030420', 'IEA', 'GO_REF:0000104', 'UniProt', '2019-12-14');
INSERT INTO protein_go_annotations (protein_id, go_id, evidence_code, reference, assigned_by, date) VALUES ('A7Z6X1', 'GO:0030420', 'IEA', 'GO_REF:0000002', 'InterPro', '2019-12-14');
INSERT INTO protein_go_annotations (protein_id, go_id, evidence_code, reference, assigned_by, date) VALUES ('A0A386HYH7', 'GO:0004129', 'IEA', 'GO_REF:0000002', 'InterPro', '2019-12-14');
INSERT INTO protein_go_annotations (protein_id, go_id, evidence_code, reference, assigned_by, date) VALUES ('A0A386HYH7', 'GO:0004129', 'IEA', 'GO_REF:0000003', 'UniProt', '2019-12-14');
INSERT INTO protein_go_annotations (protein_id, go_id, evidence_code, reference, assigned_by, date) VALUES ('A0A386HYH7', 'GO:0005739', 'IEA', 'GO_REF:0000038', 'UniProt', '2019-12-14');
INSERT INTO protein_go_annotations (protein_id, go_id, evidence_code, reference, assigned_by, date) VALUES ('A0A386HYH7', 'GO:0005743', 'IEA', 'GO_REF:0000038', 'UniProt', '2019-12-14');
INSERT INTO protein_go_annotations (protein_id, go_id, evidence_code, reference, assigned_by, date) VALUES ('A0A386HYH7', 'GO:0005743', 'IEA', 'GO_REF:0000040', 'UniProt', '2019-12-14');
INSERT INTO protein_go_annotations (protein_id, go_id, evidence_code, reference, assigned_by, date) VALUES ('A0A386HYH7', 'GO:0006119', 'IEA', 'GO_REF:0000041', 'UniProt', '2019-12-14');
INSERT INTO protein_go_annotations (protein_id, go_id, evidence_code, reference, assigned_by, date) VALUES ('A0A386HYH7', 'GO:0009060', 'IEA', 'GO_REF:0000002', 'InterPro', '2019-12-14');
INSERT INTO protein_go_annotations (protein_id, go_id, evidence_code, reference, assigned_by, date) VALUES ('A0A386HYH7', 'GO:0016020', 'IEA', 'GO_REF:0000038', 'UniProt', '2019-12-14');
INSERT INTO protein_go_annotations (protein_id, go_id, evidence_code, reference, assigned_by, date) VALUES ('A0A386HYH7', 'GO:0016021', 'IEA', 'GO_REF:0000002', 'InterPro', '2019-12-14');
INSERT INTO protein_go_annotations (protein_id, go_id, evidence_code, reference, assigned_by, date) VALUES ('A0A386HYH7', 'GO:0016021', 'IEA', 'GO_REF:0000038', 'UniProt', '2019-12-14');
INSERT INTO protein_go_annotations (protein_id, go_id, evidence_code, reference, assigned_by, date) VALUES ('A0A386HYH7', 'GO:0016491', 'IEA', 'GO_REF:0000038', 'UniProt', '2019-12-14');
INSERT INTO protein_go_annotations (protein_id, go_id, evidence_code, reference, assigned_by, date) VALUES ('A0A386HYH7', 'GO:0020037', 'IEA', 'GO_REF:0000002', 'InterPro', '2019-12-14');
INSERT INTO protein_go_annotations (protein_id, go_id, evidence_code, reference, assigned_by, date) VALUES ('A0A386HYH7', 'GO:0022900', 'IEA', 'GO_REF:0000108', 'GOC', '2019-12-15');
INSERT INTO protein_go_annotations (protein_id, go_id, evidence_code, reference, assigned_by, date) VALUES ('A0A386HYH7', 'GO:0046872', 'IEA', 'GO_REF:0000038', 'UniProt', '2019-12-14');
INSERT INTO protein_go_annotations (protein_id, go_id, evidence_code, reference, assigned_by, date) VALUES ('A0A386HYH7', 'GO:0055114', 'IEA', 'GO_REF:0000002', 'InterPro', '2019-12-14');
INSERT INTO protein_go_annotations (protein_id, go_id, evidence_code, reference, assigned_by, date) VALUES ('A0A386HYH7', 'GO:0055114', 'IEA', 'GO_REF:0000038', 'UniProt', '2019-12-14');
INSERT INTO protein_go_annotations (protein_id, go_id, evidence_code, reference, assigned_by, date) VALUES ('A0A386HYH7', 'GO:0055114', 'IEA', 'GO_REF:0000038', 'UniProt', '2019-12-14');
INSERT INTO protein_go_annotations (protein_id, go_id, evidence_code, reference, assigned_by, date) VALUES ('A0A386HYH7', 'GO:0070469', 'IEA', 'GO_REF:0000038', 'UniProt', '2019-12-14');
INSERT INTO protein_go_annotations (protein_id, go_id, evidence_code, reference, assigned_by, date) VALUES ('A0A386HYH7', 'GO:1902600', 'IEA', 'GO_REF:0000108', 'GOC', '2019-12-15');
INSERT INTO protein_go_annotations (protein_id, go_id, evidence_code, reference, assigned_by, date) VALUES ('A0A386I0Y7', 'GO:0004129', 'IEA', 'GO_REF:0000002', 'InterPro', '2019-12-14');
INSERT INTO protein_go_annotations (protein_id, go_id, evidence_code, reference, assigned_by, date) VALUES ('A0A386I0Y7', 'GO:0004129', 'IEA', 'GO_REF:0000003', 'UniProt', '2019-12-14');
INSERT INTO protein_go_annotations (protein_id, go_id, evidence_code, reference, assigned_by, date) VALUES ('A0A386I0Y7', 'GO:0005739', 'IEA', 'GO_REF:0000038', 'UniProt', '2019-12-14');
INSERT INTO protein_go_annotations (protein_id, go_id, evidence_code, reference, assigned_by, date) VALUES ('A0A386I0Y7', 'GO:0005743', 'IEA', 'GO_REF:0000038', 'UniProt', '2019-12-14');
INSERT INTO protein_go_annotations (protein_id, go_id, evidence_code, reference, assigned_by, date) VALUES ('A0A386I0Y7', 'GO:0005743', 'IEA', 'GO_REF:0000040', 'UniProt', '2019-12-14');
INSERT INTO protein_go_annotations (protein_id, go_id, evidence_code, reference, assigned_by, date) VALUES ('A0A386I0Y7', 'GO:0006119', 'IEA', 'GO_REF:0000041', 'UniProt', '2019-12-14');
INSERT INTO protein_go_annotations (protein_id, go_id, evidence_code, reference, assigned_by, date) VALUES ('A0A386I0Y7', 'GO:0009060', 'IEA', 'GO_REF:0000002', 'InterPro', '2019-12-14');
INSERT INTO protein_go_annotations (protein_id, go_id, evidence_code, reference, assigned_by, date) VALUES ('A0A386I0Y7', 'GO:0016020', 'IEA', 'GO_REF:0000038', 'UniProt', '2019-12-14');
INSERT INTO protein_go_annotations (protein_id, go_id, evidence_code, reference, assigned_by, date) VALUES ('A0A386I0Y7', 'GO:0016021', 'IEA', 'GO_REF:0000002', 'InterPro', '2019-12-14');
INSERT INTO protein_go_annotations (protein_id, go_id, evidence_code, reference, assigned_by, date) VALUES ('A0A386I0Y7', 'GO:0016021', 'IEA', 'GO_REF:0000038', 'UniProt', '2019-12-14');
INSERT INTO protein_go_annotations (protein_id, go_id, evidence_code, reference, assigned_by, date) VALUES ('A0A386I0Y7', 'GO:0016491', 'IEA', 'GO_REF:0000038', 'UniProt', '2019-12-14');
INSERT INTO protein_go_annotations (protein_id, go_id, evidence_code, reference, assigned_by, date) VALUES ('A0A386I0Y7', 'GO:0020037', 'IEA', 'GO_REF:0000002', 'InterPro', '2019-12-14');
INSERT INTO protein_go_annotations (protein_id, go_id, evidence_code, reference, assigned_by, date) VALUES ('A0A386I0Y7', 'GO:0022900', 'IEA', 'GO_REF:0000108', 'GOC', '2019-12-15');
INSERT INTO protein_go_annotations (protein_id, go_id, evidence_code, reference, assigned_by, date) VALUES ('A0A386I0Y7', 'GO:0046872', 'IEA', 'GO_REF:0000038', 'UniProt', '2019-12-14');
INSERT INTO protein_go_annotations (protein_id, go_id, evidence_code, reference, assigned_by, date) VALUES ('A0A386I0Y7', 'GO:0055114', 'IEA', 'GO_REF:0000002', 'InterPro', '2019-12-14');
INSERT INTO protein_go_annotations (protein_id, go_id, evidence_code, reference, assigned_by, date) VALUES ('A0A386I0Y7', 'GO:0055114', 'IEA', 'GO_REF:0000038', 'UniProt', '2019-12-14');
INSERT INTO protein_go_annotations (protein_id, go_id, evidence_code, reference, assigned_by, date) VALUES ('A0A386I0Y7', 'GO:0055114', 'IEA', 'GO_REF:0000038', 'UniProt', '2019-12-14');
INSERT INTO protein_go_annotations (protein_id, go_id, evidence_code, reference, assigned_by, date) VALUES ('A0A386I0Y7', 'GO:0070469', 'IEA', 'GO_REF:0000038', 'UniProt', '2019-12-14');
INSERT INTO protein_go_annotations (protein_id, go_id, evidence_code, reference, assigned_by, date) VALUES ('A0A386I0Y7', 'GO:1902600', 'IEA', 'GO_REF:0000108', 'GOC', '2019-12-15');
INSERT INTO protein_go_annotations (protein_id, go_id, evidence_code, reference, assigned_by, date) VALUES ('A0A386I1L4', 'GO:0004129', 'IEA', 'GO_REF:0000002', 'InterPro', '2019-12-14');
INSERT INTO protein_go_annotations (protein_id, go_id, evidence_code, reference, assigned_by, date) VALUES ('A0A386I1L4', 'GO:0004129', 'IEA', 'GO_REF:0000003', 'UniProt', '2019-12-14');
INSERT INTO protein_go_annotations (protein_id, go_id, evidence_code, reference, assigned_by, date) VALUES ('A0A386I1L4', 'GO:0005739', 'IEA', 'GO_REF:0000038', 'UniProt', '2019-12-14');
INSERT INTO protein_go_annotations (protein_id, go_id, evidence_code, reference, assigned_by, date) VALUES ('A0A386I1L4', 'GO:0005743', 'IEA', 'GO_REF:0000038', 'UniProt', '2019-12-14');
INSERT INTO protein_go_annotations (protein_id, go_id, evidence_code, reference, assigned_by, date) VALUES ('A0A386I1L4', 'GO:0005743', 'IEA', 'GO_REF:0000040', 'UniProt', '2019-12-14');
INSERT INTO protein_go_annotations (protein_id, go_id, evidence_code, reference, assigned_by, date) VALUES ('A0A386I1L4', 'GO:0006119', 'IEA', 'GO_REF:0000041', 'UniProt', '2019-12-14');
INSERT INTO protein_go_annotations (protein_id, go_id, evidence_code, reference, assigned_by, date) VALUES ('A0A386I1L4', 'GO:0009060', 'IEA', 'GO_REF:0000002', 'InterPro', '2019-12-14');
INSERT INTO protein_go_annotations (protein_id, go_id, evidence_code, reference, assigned_by, date) VALUES ('A0A386I1L4', 'GO:0016020', 'IEA', 'GO_REF:0000038', 'UniProt', '2019-12-14');
INSERT INTO protein_go_annotations (protein_id, go_id, evidence_code, reference, assigned_by, date) VALUES ('A0A386I1L4', 'GO:0016021', 'IEA', 'GO_REF:0000002', 'InterPro', '2019-12-14');
INSERT INTO protein_go_annotations (protein_id, go_id, evidence_code, reference, assigned_by, date) VALUES ('A0A386I1L4', 'GO:0016021', 'IEA', 'GO_REF:0000038', 'UniProt', '2019-12-14');
INSERT INTO protein_go_annotations (protein_id, go_id, evidence_code, reference, assigned_by, date) VALUES ('A0A386I1L4', 'GO:0016491', 'IEA', 'GO_REF:0000038', 'UniProt', '2019-12-14');
INSERT INTO protein_go_annotations (protein_id, go_id, evidence_code, reference, assigned_by, date) VALUES ('A0A386I1L4', 'GO:0020037', 'IEA', 'GO_REF:0000002', 'InterPro', '2019-12-14');
INSERT INTO protein_go_annotations (protein_id, go_id, evidence_code, reference, assigned_by, date) VALUES ('A0A386I1L4', 'GO:0022900', 'IEA', 'GO_REF:0000108', 'GOC', '2019-12-15');
INSERT INTO protein_go_annotations (protein_id, go_id, evidence_code, reference, assigned_by, date) VALUES ('A0A386I1L4', 'GO:0046872', 'IEA', 'GO_REF:0000038', 'UniProt', '2019-12-14');
INSERT INTO protein_go_annotations (protein_id, go_id, evidence_code, reference, assigned_by, date) VALUES ('A0A386I1L4', 'GO:0055114', 'IEA', 'GO_REF:0000002', 'InterPro', '2019-12-14');
INSERT INTO protein_go_annotations (protein_id, go_id, evidence_code, reference, assigned_by, date) VALUES ('A0A386I1L4', 'GO:0055114', 'IEA', 'GO_REF:0000038', 'UniProt', '2019-12-14');
INSERT INTO protein_go_annotations (protein_id, go_id, evidence_code, reference, assigned_by, date) VALUES ('A0A386I1L4', 'GO:0055114', 'IEA', 'GO_REF:0000038', 'UniProt', '2019-12-14');
INSERT INTO protein_go_annotations (protein_id, go_id, evidence_code, reference, assigned_by, date) VALUES ('A0A386I1L4', 'GO:0070469', 'IEA', 'GO_REF:0000038', 'UniProt', '2019-12-14');
INSERT INTO protein_go_annotations (protein_id, go_id, evidence_code, reference, assigned_by, date) VALUES ('A0A386I1L4', 'GO:1902600', 'IEA', 'GO_REF:0000108', 'GOC', '2019-12-15');
INSERT INTO protein_go_annotations (protein_id, go_id, evidence_code, reference, assigned_by, date) VALUES ('A0A386I8G1', 'GO:0004129', 'IEA', 'GO_REF:0000002', 'InterPro', '2019-12-14');
INSERT INTO protein_go_annotations (protein_id, go_id, evidence_code, reference, assigned_by, date) VALUES ('A0A386I8G1', 'GO:0004129', 'IEA', 'GO_REF:0000003', 'UniProt', '2019-12-14');
INSERT INTO protein_go_annotations (protein_id, go_id, evidence_code, reference, assigned_by, date) VALUES ('A0A386I8G1', 'GO:0005739', 'IEA', 'GO_REF:0000038', 'UniProt', '2019-12-14');
INSERT INTO protein_go_annotations (protein_id, go_id, evidence_code, reference, assigned_by, date) VALUES ('A0A386I8G1', 'GO:0005743', 'IEA', 'GO_REF:0000038', 'UniProt', '2019-12-14');
INSERT INTO protein_go_annotations (protein_id, go_id, evidence_code, reference, assigned_by, date) VALUES ('A0A386I8G1', 'GO:0005743', 'IEA', 'GO_REF:0000040', 'UniProt', '2019-12-14');
INSERT INTO protein_go_annotations (protein_id, go_id, evidence_code, reference, assigned_by, date) VALUES ('A0A386I8G1', 'GO:0006119', 'IEA', 'GO_REF:0000041', 'UniProt', '2019-12-14');
INSERT INTO protein_go_annotations (protein_id, go_id, evidence_code, reference, assigned_by, date) VALUES ('A0A386I8G1', 'GO:0009060', 'IEA', 'GO_REF:0000002', 'InterPro', '2019-12-14');
INSERT INTO protein_go_annotations (protein_id, go_id, evidence_code, reference, assigned_by, date) VALUES ('A0A386I8G1', 'GO:0016020', 'IEA', 'GO_REF:0000038', 'UniProt', '2019-12-14');
INSERT INTO protein_go_annotations (protein_id, go_id, evidence_code, reference, assigned_by, date) VALUES ('A0A386I8G1', 'GO:0016021', 'IEA', 'GO_REF:0000002', 'InterPro', '2019-12-14');
INSERT INTO protein_go_annotations (protein_id, go_id, evidence_code, reference, assigned_by, date) VALUES ('A0A386I8G1', 'GO:0016021', 'IEA', 'GO_REF:0000038', 'UniProt', '2019-12-14');
INSERT INTO protein_go_annotations (protein_id, go_id, evidence_code, reference, assigned_by, date) VALUES ('A0A386I8G1', 'GO:0016491', 'IEA', 'GO_REF:0000038', 'UniProt', '2019-12-14');
INSERT INTO protein_go_annotations (protein_id, go_id, evidence_code, reference, assigned_by, date) VALUES ('A0A386I8G1', 'GO:0020037', 'IEA', 'GO_REF:0000002', 'InterPro', '2019-12-14');
INSERT INTO protein_go_annotations (protein_id, go_id, evidence_code, reference, assigned_by, date) VALUES ('A0A386I8G1', 'GO:0022900', 'IEA', 'GO_REF:0000108', 'GOC', '2019-12-15');
INSERT INTO protein_go_annotations (protein_id, go_id, evidence_code, reference, assigned_by, date) VALUES ('A0A386I8G1', 'GO:0046872', 'IEA', 'GO_REF:0000038', 'UniProt', '2019-12-14');
INSERT INTO protein_go_annotations (protein_id, go_id, evidence_code, reference, assigned_by, date) VALUES ('A0A386I8G1', 'GO:0055114', 'IEA', 'GO_REF:0000002', 'InterPro', '2019-12-14');
INSERT INTO protein_go_annotations (protein_id, go_id, evidence_code, reference, assigned_by, date) VALUES ('A0A386I8G1', 'GO:0055114', 'IEA', 'GO_REF:0000038', 'UniProt', '2019-12-14');
INSERT INTO protein_go_annotations (protein_id, go_id, evidence_code, reference, assigned_by, date) VALUES ('A0A386I8G1', 'GO:0055114', 'IEA', 'GO_REF:0000038', 'UniProt', '2019-12-14');
INSERT INTO protein_go_annotations (protein_id, go_id, evidence_code, reference, assigned_by, date) VALUES ('A0A386I8G1', 'GO:0070469', 'IEA', 'GO_REF:0000038', 'UniProt', '2019-12-14');
INSERT INTO protein_go_annotations (protein_id, go_id, evidence_code, reference, assigned_by, date) VALUES ('A0A386I8G1', 'GO:1902600', 'IEA', 'GO_REF:0000108', 'GOC', '2019-12-15');
INSERT INTO protein_go_annotations (protein_id, go_id, evidence_code, reference, assigned_by, date) VALUES ('A0A386IAV7', 'GO:0004129', 'IEA', 'GO_REF:0000002', 'InterPro', '2019-12-14');
INSERT INTO protein_go_annotations (protein_id, go_id, evidence_code, reference, assigned_by, date) VALUES ('A0A386IAV7', 'GO:0004129', 'IEA', 'GO_REF:0000003', 'UniProt', '2019-12-14');
INSERT INTO protein_go_annotations (protein_id, go_id, evidence_code, reference, assigned_by, date) VALUES ('A0A386IAV7', 'GO:0005739', 'IEA', 'GO_REF:0000038', 'UniProt', '2019-12-14');
INSERT INTO protein_go_annotations (protein_id, go_id, evidence_code, reference, assigned_by, date) VALUES ('A0A386IAV7', 'GO:0005743', 'IEA', 'GO_REF:0000038', 'UniProt', '2019-12-14');
INSERT INTO protein_go_annotations (protein_id, go_id, evidence_code, reference, assigned_by, date) VALUES ('A0A386IAV7', 'GO:0005743', 'IEA', 'GO_REF:0000040', 'UniProt', '2019-12-14');
INSERT INTO protein_go_annotations (protein_id, go_id, evidence_code, reference, assigned_by, date) VALUES ('A0A386IAV7', 'GO:0006119', 'IEA', 'GO_REF:0000041', 'UniProt', '2019-12-14');
INSERT INTO protein_go_annotations (protein_id, go_id, evidence_code, reference, assigned_by, date) VALUES ('A0A386IAV7', 'GO:0009060', 'IEA', 'GO_REF:0000002', 'InterPro', '2019-12-14');
INSERT INTO protein_go_annotations (protein_id, go_id, evidence_code, reference, assigned_by, date) VALUES ('A0A386IAV7', 'GO:0016020', 'IEA', 'GO_REF:0000038', 'UniProt', '2019-12-14');
INSERT INTO protein_go_annotations (protein_id, go_id, evidence_code, reference, assigned_by, date) VALUES ('A0A386IAV7', 'GO:0016021', 'IEA', 'GO_REF:0000002', 'InterPro', '2019-12-14');
INSERT INTO protein_go_annotations (protein_id, go_id, evidence_code, reference, assigned_by, date) VALUES ('A0A386IAV7', 'GO:0016021', 'IEA', 'GO_REF:0000038', 'UniProt', '2019-12-14');
INSERT INTO protein_go_annotations (protein_id, go_id, evidence_code, reference, assigned_by, date) VALUES ('A0A386IAV7', 'GO:0016491', 'IEA', 'GO_REF:0000038', 'UniProt', '2019-12-14');
INSERT INTO protein_go_annotations (protein_id, go_id, evidence_code, reference, assigned_by, date) VALUES ('A0A386IAV7', 'GO:0020037', 'IEA', 'GO_REF:0000002', 'InterPro', '2019-12-14');
INSERT INTO protein_go_annotations (protein_id, go_id, evidence_code, reference, assigned_by, date) VALUES ('A0A386IAV7', 'GO:0022900', 'IEA', 'GO_REF:0000108', 'GOC', '2019-12-15');
INSERT INTO protein_go_annotations (protein_id, go_id, evidence_code, reference, assigned_by, date) VALUES ('A0A386IAV7', 'GO:0046872', 'IEA', 'GO_REF:0000038', 'UniProt', '2019-12-14');
INSERT INTO protein_go_annotations (protein_id, go_id, evidence_code, reference, assigned_by, date) VALUES ('A0A386IAV7', 'GO:0055114', 'IEA', 'GO_REF:0000002', 'InterPro', '2019-12-14');
INSERT INTO protein_go_annotations (protein_id, go_id, evidence_code, reference, assigned_by, date) VALUES ('A0A386IAV7', 'GO:0055114', 'IEA', 'GO_REF:0000038', 'UniProt', '2019-12-14');
INSERT INTO protein_go_annotations (protein_id, go_id, evidence_code, reference, assigned_by, date) VALUES ('A0A386IAV7', 'GO:0055114', 'IEA', 'GO_REF:0000038', 'UniProt', '2019-12-14');
INSERT INTO protein_go_annotations (protein_id, go_id, evidence_code, reference, assigned_by, date) VALUES ('A0A386IAV7', 'GO:0070469', 'IEA', 'GO_REF:0000038', 'UniProt', '2019-12-14');
INSERT INTO protein_go_annotations (protein_id, go_id, evidence_code, reference, assigned_by, date) VALUES ('A0A386IAV7', 'GO:1902600', 'IEA', 'GO_REF:0000108', 'GOC', '2019-12-15');
INSERT INTO protein_go_annotations (protein_id, go_id, evidence_code, reference, assigned_by, date) VALUES ('A0A386IEJ5', 'GO:0004129', 'IEA', 'GO_REF:0000002', 'InterPro', '2019-12-14');
INSERT INTO protein_go_annotations (protein_id, go_id, evidence_code, reference, assigned_by, date) VALUES ('A0A386IEJ5', 'GO:0004129', 'IEA', 'GO_REF:0000003', 'UniProt', '2019-12-14');
INSERT INTO protein_go_annotations (protein_id, go_id, evidence_code, reference, assigned_by, date) VALUES ('A0A386IEJ5', 'GO:0005739', 'IEA', 'GO_REF:0000038', 'UniProt', '2019-12-14');
INSERT INTO protein_go_annotations (protein_id, go_id, evidence_code, reference, assigned_by, date) VALUES ('A0A386IEJ5', 'GO:0005743', 'IEA', 'GO_REF:0000038', 'UniProt', '2019-12-14');
INSERT INTO protein_go_annotations (protein_id, go_id, evidence_code, reference, assigned_by, date) VALUES ('A0A386IEJ5', 'GO:0005743', 'IEA', 'GO_REF:0000040', 'UniProt', '2019-12-14');
INSERT INTO protein_go_annotations (protein_id, go_id, evidence_code, reference, assigned_by, date) VALUES ('A0A386IEJ5', 'GO:0006119', 'IEA', 'GO_REF:0000041', 'UniProt', '2019-12-14');
INSERT INTO protein_go_annotations (protein_id, go_id, evidence_code, reference, assigned_by, date) VALUES ('A0A386IEJ5', 'GO:0009060', 'IEA', 'GO_REF:0000002', 'InterPro', '2019-12-14');
INSERT INTO protein_go_annotations (protein_id, go_id, evidence_code, reference, assigned_by, date) VALUES ('A0A386IEJ5', 'GO:0016020', 'IEA', 'GO_REF:0000038', 'UniProt', '2019-12-14');
INSERT INTO protein_go_annotations (protein_id, go_id, evidence_code, reference, assigned_by, date) VALUES ('A0A386IEJ5', 'GO:0016021', 'IEA', 'GO_REF:0000002', 'InterPro', '2019-12-14');
INSERT INTO protein_go_annotations (protein_id, go_id, evidence_code, reference, assigned_by, date) VALUES ('A0A386IEJ5', 'GO:0016021', 'IEA', 'GO_REF:0000038', 'UniProt', '2019-12-14');
INSERT INTO protein_go_annotations (protein_id, go_id, evidence_code, reference, assigned_by, date) VALUES ('A0A386IEJ5', 'GO:0016491', 'IEA', 'GO_REF:0000038', 'UniProt', '2019-12-14');
INSERT INTO protein_go_annotations (protein_id, go_id, evidence_code, reference, assigned_by, date) VALUES ('A0A386IEJ5', 'GO:0020037', 'IEA', 'GO_REF:0000002', 'InterPro', '2019-12-14');
INSERT INTO protein_go_annotations (protein_id, go_id, evidence_code, reference, assigned_by, date) VALUES ('A0A386IEJ5', 'GO:0022900', 'IEA', 'GO_REF:0000108', 'GOC', '2019-12-15');
INSERT INTO protein_go_annotations (protein_id, go_id, evidence_code, reference, assigned_by, date) VALUES ('A0A386IEJ5', 'GO:0046872', 'IEA', 'GO_REF:0000038', 'UniProt', '2019-12-14');
INSERT INTO protein_go_annotations (protein_id, go_id, evidence_code, reference, assigned_by, date) VALUES ('A0A386IEJ5', 'GO:0055114', 'IEA', 'GO_REF:0000002', 'InterPro', '2019-12-14');
INSERT INTO protein_go_annotations (protein_id, go_id, evidence_code, reference, assigned_by, date) VALUES ('A0A386IEJ5', 'GO:0055114', 'IEA', 'GO_REF:0000038', 'UniProt', '2019-12-14');
INSERT INTO protein_go_annotations (protein_id, go_id, evidence_code, reference, assigned_by, date) VALUES ('A0A386IEJ5', 'GO:0055114', 'IEA', 'GO_REF:0000038', 'UniProt', '2019-12-14');
INSERT INTO protein_go_annotations (protein_id, go_id, evidence_code, reference, assigned_by, date) VALUES ('A0A386IEJ5', 'GO:0070469', 'IEA', 'GO_REF:0000038', 'UniProt', '2019-12-14');
INSERT INTO protein_go_annotations (protein_id, go_id, evidence_code, reference, assigned_by, date) VALUES ('A0A386IEJ5', 'GO:1902600', 'IEA', 'GO_REF:0000108', 'GOC', '2019-12-15');
INSERT INTO protein_go_annotations (protein_id, go_id, evidence_code, reference, assigned_by, date) VALUES ('A0A386IFX5', 'GO:0004129', 'IEA', 'GO_REF:0000002', 'InterPro', '2019-12-14');
INSERT INTO protein_go_annotations (protein_id, go_id, evidence_code, reference, assigned_by, date) VALUES ('A0A386IFX5', 'GO:0004129', 'IEA', 'GO_REF:0000003', 'UniProt', '2019-12-14');
INSERT INTO protein_go_annotations (protein_id, go_id, evidence_code, reference, assigned_by, date) VALUES ('A0A386IFX5', 'GO:0005739', 'IEA', 'GO_REF:0000038', 'UniProt', '2019-12-14');
INSERT INTO protein_go_annotations (protein_id, go_id, evidence_code, reference, assigned_by, date) VALUES ('A0A386IFX5', 'GO:0005743', 'IEA', 'GO_REF:0000038', 'UniProt', '2019-12-14');
INSERT INTO protein_go_annotations (protein_id, go_id, evidence_code, reference, assigned_by, date) VALUES ('A0A386IFX5', 'GO:0005743', 'IEA', 'GO_REF:0000040', 'UniProt', '2019-12-14');
INSERT INTO protein_go_annotations (protein_id, go_id, evidence_code, reference, assigned_by, date) VALUES ('A0A386IFX5', 'GO:0006119', 'IEA', 'GO_REF:0000041', 'UniProt', '2019-12-14');
INSERT INTO protein_go_annotations (protein_id, go_id, evidence_code, reference, assigned_by, date) VALUES ('A0A386IFX5', 'GO:0009060', 'IEA', 'GO_REF:0000002', 'InterPro', '2019-12-14');
INSERT INTO protein_go_annotations (protein_id, go_id, evidence_code, reference, assigned_by, date) VALUES ('A0A386IFX5', 'GO:0016020', 'IEA', 'GO_REF:0000038', 'UniProt', '2019-12-14');
INSERT INTO protein_go_annotations (protein_id, go_id, evidence_code, reference, assigned_by, date) VALUES ('A0A386IFX5', 'GO:0016021', 'IEA', 'GO_REF:0000002', 'InterPro', '2019-12-14');
INSERT INTO protein_go_annotations (protein_id, go_id, evidence_code, reference, assigned_by, date) VALUES ('A0A386IFX5', 'GO:0016021', 'IEA', 'GO_REF:0000038', 'UniProt', '2019-12-14');
INSERT INTO protein_go_annotations (protein_id, go_id, evidence_code, reference, assigned_by, date) VALUES ('A0A386IFX5', 'GO:0016491', 'IEA', 'GO_REF:0000038', 'UniProt', '2019-12-14');
INSERT INTO protein_go_annotations (protein_id, go_id, evidence_code, reference, assigned_by, date) VALUES ('A0A386IFX5', 'GO:0020037', 'IEA', 'GO_REF:0000002', 'InterPro', '2019-12-14');
INSERT INTO protein_go_annotations (protein_id, go_id, evidence_code, reference, assigned_by, date) VALUES ('A0A386IFX5', 'GO:0022900', 'IEA', 'GO_REF:0000108', 'GOC', '2019-12-15');
INSERT INTO protein_go_annotations (protein_id, go_id, evidence_code, reference, assigned_by, date) VALUES ('A0A386IFX5', 'GO:0046872', 'IEA', 'GO_REF:0000038', 'UniProt', '2019-12-14');
INSERT INTO protein_go_annotations (protein_id, go_id, evidence_code, reference, assigned_by, date) VALUES ('A0A386IFX5', 'GO:0055114', 'IEA', 'GO_REF:0000002', 'InterPro', '2019-12-14');
INSERT INTO protein_go_annotations (protein_id, go_id, evidence_code, reference, assigned_by, date) VALUES ('A0A386IFX5', 'GO:0055114', 'IEA', 'GO_REF:0000038', 'UniProt', '2019-12-14');
INSERT INTO protein_go_annotations (protein_id, go_id, evidence_code, reference, assigned_by, date) VALUES ('A0A386IFX5', 'GO:0055114', 'IEA', 'GO_REF:0000038', 'UniProt', '2019-12-14');
INSERT INTO protein_go_annotations (protein_id, go_id, evidence_code, reference, assigned_by, date) VALUES ('A0A386IFX5', 'GO:0070469', 'IEA', 'GO_REF:0000038', 'UniProt', '2019-12-14');
INSERT INTO protein_go_annotations (protein_id, go_id, evidence_code, reference, assigned_by, date) VALUES ('A0A386IFX5', 'GO:1902600', 'IEA', 'GO_REF:0000108', 'GOC', '2019-12-15');
INSERT INTO protein_go_annotations (protein_id, go_id, evidence_code, reference, assigned_by, date) VALUES ('A0A386IHH5', 'GO:0004129', 'IEA', 'GO_REF:0000002', 'InterPro', '2019-12-14');
INSERT INTO protein_go_annotations (protein_id, go_id, evidence_code, reference, assigned_by, date) VALUES ('A0A386IHH5', 'GO:0004129', 'IEA', 'GO_REF:0000003', 'UniProt', '2019-12-14');
INSERT INTO protein_go_annotations (protein_id, go_id, evidence_code, reference, assigned_by, date) VALUES ('A0A386IHH5', 'GO:0005739', 'IEA', 'GO_REF:0000038', 'UniProt', '2019-12-14');
INSERT INTO protein_go_annotations (protein_id, go_id, evidence_code, reference, assigned_by, date) VALUES ('A0A386IHH5', 'GO:0005743', 'IEA', 'GO_REF:0000038', 'UniProt', '2019-12-14');
INSERT INTO protein_go_annotations (protein_id, go_id, evidence_code, reference, assigned_by, date) VALUES ('A0A386IHH5', 'GO:0005743', 'IEA', 'GO_REF:0000040', 'UniProt', '2019-12-14');
INSERT INTO protein_go_annotations (protein_id, go_id, evidence_code, reference, assigned_by, date) VALUES ('A0A386IHH5', 'GO:0006119', 'IEA', 'GO_REF:0000041', 'UniProt', '2019-12-14');
INSERT INTO protein_go_annotations (protein_id, go_id, evidence_code, reference, assigned_by, date) VALUES ('A0A386IHH5', 'GO:0009060', 'IEA', 'GO_REF:0000002', 'InterPro', '2019-12-14');
INSERT INTO protein_go_annotations (protein_id, go_id, evidence_code, reference, assigned_by, date) VALUES ('A0A386IHH5', 'GO:0016020', 'IEA', 'GO_REF:0000038', 'UniProt', '2019-12-14');
INSERT INTO protein_go_annotations (protein_id, go_id, evidence_code, reference, assigned_by, date) VALUES ('A0A386IHH5', 'GO:0016021', 'IEA', 'GO_REF:0000002', 'InterPro', '2019-12-14');
INSERT INTO protein_go_annotations (protein_id, go_id, evidence_code, reference, assigned_by, date) VALUES ('A0A386IHH5', 'GO:0016021', 'IEA', 'GO_REF:0000038', 'UniProt', '2019-12-14');
INSERT INTO protein_go_annotations (protein_id, go_id, evidence_code, reference, assigned_by, date) VALUES ('A0A386IHH5', 'GO:0016491', 'IEA', 'GO_REF:0000038', 'UniProt', '2019-12-14');
INSERT INTO protein_go_annotations (protein_id, go_id, evidence_code, reference, assigned_by, date) VALUES ('A0A386IHH5', 'GO:0020037', 'IEA', 'GO_REF:0000002', 'InterPro', '2019-12-14');
INSERT INTO protein_go_annotations (protein_id, go_id, evidence_code, reference, assigned_by, date) VALUES ('A0A386IHH5', 'GO:0022900', 'IEA', 'GO_REF:0000108', 'GOC', '2019-12-15');
INSERT INTO protein_go_annotations (protein_id, go_id, evidence_code, reference, assigned_by, date) VALUES ('A0A386IHH5', 'GO:0046872', 'IEA', 'GO_REF:0000038', 'UniProt', '2019-12-14');
INSERT INTO protein_go_annotations (protein_id, go_id, evidence_code, reference, assigned_by, date) VALUES ('A0A386IHH5', 'GO:0055114', 'IEA', 'GO_REF:0000002', 'InterPro', '2019-12-14');
INSERT INTO protein_go_annotations (protein_id, go_id, evidence_code, reference, assigned_by, date) VALUES ('A0A386IHH5', 'GO:0055114', 'IEA', 'GO_REF:0000038', 'UniProt', '2019-12-14');
INSERT INTO protein_go_annotations (protein_id, go_id, evidence_code, reference, assigned_by, date) VALUES ('A0A386IHH5', 'GO:0055114', 'IEA', 'GO_REF:0000038', 'UniProt', '2019-12-14');
INSERT INTO protein_go_annotations (protein_id, go_id, evidence_code, reference, assigned_by, date) VALUES ('A0A386IHH5', 'GO:0070469', 'IEA', 'GO_REF:0000038', 'UniProt', '2019-12-14');
INSERT INTO protein_go_annotations (protein_id, go_id, evidence_code, reference, assigned_by, date) VALUES ('A0A386IHH5', 'GO:1902600', 'IEA', 'GO_REF:0000108', 'GOC', '2019-12-15');
INSERT INTO protein_go_annotations (protein_id, go_id, evidence_code, reference, assigned_by, date) VALUES ('A0A386IJ38', 'GO:0004129', 'IEA', 'GO_REF:0000002', 'InterPro', '2019-12-14');
INSERT INTO protein_go_annotations (protein_id, go_id, evidence_code, reference, assigned_by, date) VALUES ('A0A386IJ38', 'GO:0004129', 'IEA', 'GO_REF:0000003', 'UniProt', '2019-12-14');
INSERT INTO protein_go_annotations (protein_id, go_id, evidence_code, reference, assigned_by, date) VALUES ('A0A386IJ38', 'GO:0005739', 'IEA', 'GO_REF:0000038', 'UniProt', '2019-12-14');
INSERT INTO protein_go_annotations (protein_id, go_id, evidence_code, reference, assigned_by, date) VALUES ('A0A386IJ38', 'GO:0005743', 'IEA', 'GO_REF:0000038', 'UniProt', '2019-12-14');
INSERT INTO protein_go_annotations (protein_id, go_id, evidence_code, reference, assigned_by, date) VALUES ('A0A386IJ38', 'GO:0005743', 'IEA', 'GO_REF:0000040', 'UniProt', '2019-12-14');
INSERT INTO protein_go_annotations (protein_id, go_id, evidence_code, reference, assigned_by, date) VALUES ('A0A386IJ38', 'GO:0006119', 'IEA', 'GO_REF:0000041', 'UniProt', '2019-12-14');
INSERT INTO protein_go_annotations (protein_id, go_id, evidence_code, reference, assigned_by, date) VALUES ('A0A386IJ38', 'GO:0009060', 'IEA', 'GO_REF:0000002', 'InterPro', '2019-12-14');
INSERT INTO protein_go_annotations (protein_id, go_id, evidence_code, reference, assigned_by, date) VALUES ('A0A386IJ38', 'GO:0016020', 'IEA', 'GO_REF:0000038', 'UniProt', '2019-12-14');
INSERT INTO protein_go_annotations (protein_id, go_id, evidence_code, reference, assigned_by, date) VALUES ('A0A386IJ38', 'GO:0016021', 'IEA', 'GO_REF:0000002', 'InterPro', '2019-12-14');
INSERT INTO protein_go_annotations (protein_id, go_id, evidence_code, reference, assigned_by, date) VALUES ('A0A386IJ38', 'GO:0016021', 'IEA', 'GO_REF:0000038', 'UniProt', '2019-12-14');
INSERT INTO protein_go_annotations (protein_id, go_id, evidence_code, reference, assigned_by, date) VALUES ('A0A386IJ38', 'GO:0016491', 'IEA', 'GO_REF:0000038', 'UniProt', '2019-12-14');
INSERT INTO protein_go_annotations (protein_id, go_id, evidence_code, reference, assigned_by, date) VALUES ('A0A386IJ38', 'GO:0020037', 'IEA', 'GO_REF:0000002', 'InterPro', '2019-12-14');
INSERT INTO protein_go_annotations (protein_id, go_id, evidence_code, reference, assigned_by, date) VALUES ('A0A386IJ38', 'GO:0022900', 'IEA', 'GO_REF:0000108', 'GOC', '2019-12-15');
INSERT INTO protein_go_annotations (protein_id, go_id, evidence_code, reference, assigned_by, date) VALUES ('A0A386IJ38', 'GO:0046872', 'IEA', 'GO_REF:0000038', 'UniProt', '2019-12-14');
INSERT INTO protein_go_annotations (protein_id, go_id, evidence_code, reference, assigned_by, date) VALUES ('A0A386IJ38', 'GO:0055114', 'IEA', 'GO_REF:0000002', 'InterPro', '2019-12-14');
INSERT INTO protein_go_annotations (protein_id, go_id, evidence_code, reference, assigned_by, date) VALUES ('A0A386IJ38', 'GO:0055114', 'IEA', 'GO_REF:0000038', 'UniProt', '2019-12-14');
INSERT INTO protein_go_annotations (protein_id, go_id, evidence_code, reference, assigned_by, date) VALUES ('A0A386IJ38', 'GO:0055114', 'IEA', 'GO_REF:0000038', 'UniProt', '2019-12-14');
INSERT INTO protein_go_annotations (protein_id, go_id, evidence_code, reference, assigned_by, date) VALUES ('A0A386IJ38', 'GO:0070469', 'IEA', 'GO_REF:0000038', 'UniProt', '2019-12-14');
INSERT INTO protein_go_annotations (protein_id, go_id, evidence_code, reference, assigned_by, date) VALUES ('A0A386IJ38', 'GO:1902600', 'IEA', 'GO_REF:0000108', 'GOC', '2019-12-15');
INSERT INTO protein_go_annotations (protein_id, go_id, evidence_code, reference, assigned_by, date) VALUES ('A0A386IL04', 'GO:0004129', 'IEA', 'GO_REF:0000002', 'InterPro', '2019-12-14');
INSERT INTO protein_go_annotations (protein_id, go_id, evidence_code, reference, assigned_by, date) VALUES ('A0A386IL04', 'GO:0004129', 'IEA', 'GO_REF:0000003', 'UniProt', '2019-12-14');
INSERT INTO protein_go_annotations (protein_id, go_id, evidence_code, reference, assigned_by, date) VALUES ('A0A386IL04', 'GO:0005739', 'IEA', 'GO_REF:0000038', 'UniProt', '2019-12-14');
INSERT INTO protein_go_annotations (protein_id, go_id, evidence_code, reference, assigned_by, date) VALUES ('A0A386IL04', 'GO:0005743', 'IEA', 'GO_REF:0000038', 'UniProt', '2019-12-14');
INSERT INTO protein_go_annotations (protein_id, go_id, evidence_code, reference, assigned_by, date) VALUES ('A0A386IL04', 'GO:0005743', 'IEA', 'GO_REF:0000040', 'UniProt', '2019-12-14');
INSERT INTO protein_go_annotations (protein_id, go_id, evidence_code, reference, assigned_by, date) VALUES ('A0A386IL04', 'GO:0006119', 'IEA', 'GO_REF:0000041', 'UniProt', '2019-12-14');
INSERT INTO protein_go_annotations (protein_id, go_id, evidence_code, reference, assigned_by, date) VALUES ('A0A386IL04', 'GO:0009060', 'IEA', 'GO_REF:0000002', 'InterPro', '2019-12-14');
INSERT INTO protein_go_annotations (protein_id, go_id, evidence_code, reference, assigned_by, date) VALUES ('A0A386IL04', 'GO:0016020', 'IEA', 'GO_REF:0000038', 'UniProt', '2019-12-14');
INSERT INTO protein_go_annotations (protein_id, go_id, evidence_code, reference, assigned_by, date) VALUES ('A0A386IL04', 'GO:0016021', 'IEA', 'GO_REF:0000002', 'InterPro', '2019-12-14');
INSERT INTO protein_go_annotations (protein_id, go_id, evidence_code, reference, assigned_by, date) VALUES ('A0A386IL04', 'GO:0016021', 'IEA', 'GO_REF:0000038', 'UniProt', '2019-12-14');
INSERT INTO protein_go_annotations (protein_id, go_id, evidence_code, reference, assigned_by, date) VALUES ('A0A386IL04', 'GO:0016491', 'IEA', 'GO_REF:0000038', 'UniProt', '2019-12-14');
INSERT INTO protein_go_annotations (protein_id, go_id, evidence_code, reference, assigned_by, date) VALUES ('A0A386IL04', 'GO:0020037', 'IEA', 'GO_REF:0000002', 'InterPro', '2019-12-14');
INSERT INTO protein_go_annotations (protein_id, go_id, evidence_code, reference, assigned_by, date) VALUES ('A0A386IL04', 'GO:0022900', 'IEA', 'GO_REF:0000108', 'GOC', '2019-12-15');
INSERT INTO protein_go_annotations (protein_id, go_id, evidence_code, reference, assigned_by, date) VALUES ('A0A386IL04', 'GO:0046872', 'IEA', 'GO_REF:0000038', 'UniProt', '2019-12-14');
INSERT INTO protein_go_annotations (protein_id, go_id, evidence_code, reference, assigned_by, date) VALUES ('A0A386IL04', 'GO:0055114', 'IEA', 'GO_REF:0000002', 'InterPro', '2019-12-14');
INSERT INTO protein_go_annotations (protein_id, go_id, evidence_code, reference, assigned_by, date) VALUES ('A0A386IL04', 'GO:0055114', 'IEA', 'GO_REF:0000038', 'UniProt', '2019-12-14');
INSERT INTO protein_go_annotations (protein_id, go_id, evidence_code, reference, assigned_by, date) VALUES ('A0A386IL04', 'GO:0055114', 'IEA', 'GO_REF:0000038', 'UniProt', '2019-12-14');
INSERT INTO protein_go_annotations (protein_id, go_id, evidence_code, reference, assigned_by, date) VALUES ('A0A386IL04', 'GO:0070469', 'IEA', 'GO_REF:0000038', 'UniProt', '2019-12-14');
INSERT INTO protein_go_annotations (protein_id, go_id, evidence_code, reference, assigned_by, date) VALUES ('A0A386IL04', 'GO:1902600', 'IEA', 'GO_REF:0000108', 'GOC', '2019-12-15');
INSERT INTO protein_go_annotations (protein_id, go_id, evidence_code, reference, assigned_by, date) VALUES ('G5EB97', 'GO:0016491', 'IEA', 'GO_REF:0000002', 'InterPro', '2019-12-14');
INSERT INTO protein_go_annotations (protein_id, go_id, evidence_code, reference, assigned_by, date) VALUES ('G5EB97', 'GO:0016620', 'IEA', 'GO_REF:0000002', 'InterPro', '2019-12-14');
INSERT INTO protein_go_annotations (protein_id, go_id, evidence_code, reference, assigned_by, date) VALUES ('G5EB97', 'GO:0055114', 'IEA', 'GO_REF:0000002', 'InterPro', '2019-12-14');
INSERT INTO protein_go_annotations (protein_id, go_id, evidence_code, reference, assigned_by, date) VALUES ('G5EB98', 'GO:0016020', 'IEA', 'GO_REF:0000038', 'UniProt', '2019-12-14');
INSERT INTO protein_go_annotations (protein_id, go_id, evidence_code, reference, assigned_by, date) VALUES ('G5EB98', 'GO:0016021', 'IEA', 'GO_REF:0000038', 'UniProt', '2019-12-14');
INSERT INTO protein_go_annotations (protein_id, go_id, evidence_code, reference, assigned_by, date) VALUES ('G5EB99', 'GO:0000155', 'IEA', 'GO_REF:0000002', 'InterPro', '2019-12-14');
INSERT INTO protein_go_annotations (protein_id, go_id, evidence_code, reference, assigned_by, date) VALUES ('G5EB99', 'GO:0000160', 'IEA', 'GO_REF:0000002', 'InterPro', '2019-12-14');
INSERT INTO protein_go_annotations (protein_id, go_id, evidence_code, reference, assigned_by, date) VALUES ('G5EB99', 'GO:0000166', 'IEA', 'GO_REF:0000038', 'UniProt', '2019-12-14');
INSERT INTO protein_go_annotations (protein_id, go_id, evidence_code, reference, assigned_by, date) VALUES ('G5EB99', 'GO:0004673', 'IEA', 'GO_REF:0000002', 'InterPro', '2019-12-14');
INSERT INTO protein_go_annotations (protein_id, go_id, evidence_code, reference, assigned_by, date) VALUES ('G5EB99', 'GO:0005524', 'IEA', 'GO_REF:0000038', 'UniProt', '2019-12-14');
INSERT INTO protein_go_annotations (protein_id, go_id, evidence_code, reference, assigned_by, date) VALUES ('Q5KWY6', 'GO:0030420', 'IEA', 'GO_REF:0000002', 'InterPro', '2019-12-14');
INSERT INTO protein_go_annotations (protein_id, go_id, evidence_code, reference, assigned_by, date) VALUES ('Q5KX68', 'GO:0030420', 'IEA', 'GO_REF:0000002', 'InterPro', '2019-12-14');
INSERT INTO protein_go_annotations (protein_id, go_id, evidence_code, reference, assigned_by, date) VALUES ('Q5KX68', 'GO:0030420', 'IEA', 'GO_REF:0000038', 'UniProt', '2019-12-14');
INSERT INTO protein_go_annotations (protein_id, go_id, evidence_code, reference, assigned_by, date) VALUES ('Q5KX68', 'GO:0030420', 'IEA', 'GO_REF:0000104', 'UniProt', '2019-12-14');
INSERT INTO protein_go_annotations (protein_id, go_id, evidence_code, reference, assigned_by, date) VALUES ('Q5KX69', 'GO:0030420', 'IEA', 'GO_REF:0000002', 'InterPro', '2019-12-14');
INSERT INTO protein_go_annotations (protein_id, go_id, evidence_code, reference, assigned_by, date) VALUES ('Q5KXR5', 'GO:0030420', 'IEA', 'GO_REF:0000038', 'UniProt', '2019-12-14');
INSERT INTO protein_go_annotations (protein_id, go_id, evidence_code, reference, assigned_by, date) VALUES ('Q5KXR5', 'GO:0045808', 'IEA', 'GO_REF:0000104', 'UniProt', '2019-12-14');
INSERT INTO protein_go_annotations (protein_id, go_id, evidence_code, reference, assigned_by, date) VALUES ('Q5L1S6', 'GO:0030420', 'IEA', 'GO_REF:0000038', 'UniProt', '2019-12-14');
INSERT INTO protein_go_annotations (protein_id, go_id, evidence_code, reference, assigned_by, date) VALUES ('Q5L1S6', 'GO:0045808', 'IEA', 'GO_REF:0000104', 'UniProt', '2019-12-14');
INSERT INTO protein_go_annotations (protein_id, go_id, evidence_code, reference, assigned_by, date) VALUES ('Q5L267', 'GO:0030420', 'IEA', 'GO_REF:0000002', 'InterPro', '2019-12-14');
INSERT INTO protein_go_annotations (protein_id, go_id, evidence_code, reference, assigned_by, date) VALUES ('Q5QL29', 'GO:0030420', 'IEA', 'GO_REF:0000002', 'InterPro', '2019-12-14');
INSERT INTO protein_go_annotations (protein_id, go_id, evidence_code, reference, assigned_by, date) VALUES ('P0A776', 'GO:0050779', 'IMP', 'PMID:18202662', 'EcoliWiki', '2008-10-17');
INSERT INTO protein_go_annotations (protein_id, go_id, evidence_code, reference, assigned_by, date) VALUES ('P0A776', 'GO:0034353', 'IDA', 'PMID:18202662', 'EcoliWiki', '2008-10-17');
INSERT INTO protein_go_annotations (protein_id, go_id, evidence_code, reference, assigned_by, date) VALUES ('P0A776', 'GO:0016818', 'IDA', 'PMID:18202662', 'EcoliWiki', '2008-10-17');
INSERT INTO protein_go_annotations (protein_id, go_id, evidence_code, reference, assigned_by, date) VALUES ('P37351', 'GO:0004751', 'IDA', 'PMID:8576032', 'EcoliWiki', '2008-10-17');
INSERT INTO protein_go_annotations (protein_id, go_id, evidence_code, reference, assigned_by, date) VALUES ('P37351', 'GO:0004751', 'IGI', 'PMID:8576032', 'EcoliWiki', '2008-10-17');
INSERT INTO protein_go_annotations (protein_id, go_id, evidence_code, reference, assigned_by, date) VALUES ('P37351', 'GO:0019316', 'IMP', 'PMID:10559180', 'EcoliWiki', '2008-10-17');
INSERT INTO protein_go_annotations (protein_id, go_id, evidence_code, reference, assigned_by, date) VALUES ('P0A6Y8', 'GO:0008270', 'IDA', 'PMID:11985624', 'EcoliWiki', '2009-10-30');
INSERT INTO protein_go_annotations (protein_id, go_id, evidence_code, reference, assigned_by, date) VALUES ('P0A6Y8', 'GO:0009408', 'IEP', 'PMID:8349564', 'EcoliWiki', '2009-11-20');
INSERT INTO protein_go_annotations (protein_id, go_id, evidence_code, reference, assigned_by, date) VALUES ('P08622', 'GO:0003756', 'IDA', 'PMID:7559385', 'EcoliWiki', '2009-03-18');
INSERT INTO protein_go_annotations (protein_id, go_id, evidence_code, reference, assigned_by, date) VALUES ('P08622', 'GO:0008270', 'IMP', 'PMID:12941935', 'EcoliWiki', '2009-03-18');
INSERT INTO protein_go_annotations (protein_id, go_id, evidence_code, reference, assigned_by, date) VALUES ('P08622', 'GO:0006457', 'IDA', 'PMID:7559385', 'EcoliWiki', '2009-03-18');
INSERT INTO protein_go_annotations (protein_id, go_id, evidence_code, reference, assigned_by, date) VALUES ('P08622', 'GO:0042026', 'IDA', 'PMID:7559385', 'EcoliWiki', '2009-03-18');
INSERT INTO protein_go_annotations (protein_id, go_id, evidence_code, reference, assigned_by, date) VALUES ('P08622', 'GO:0051082', 'IDA', 'PMID:7559385', 'EcoliWiki', '2009-03-18');
INSERT INTO protein_go_annotations (protein_id, go_id, evidence_code, reference, assigned_by, date) VALUES ('P08622', 'GO:0016020', 'IDA', 'PMID:6220698', 'EcoliWiki', '2009-04-27');
INSERT INTO protein_go_annotations (protein_id, go_id, evidence_code, reference, assigned_by, date) VALUES ('P08622', 'GO:0005737', 'IDA', 'PMID:6220698', 'EcoliWiki', '2009-04-27');
INSERT INTO protein_go_annotations (protein_id, go_id, evidence_code, reference, assigned_by, date) VALUES ('P08622', 'GO:0008270', 'IDA', 'PMID:11985624', 'EcoliWiki', '2009-10-30');
INSERT INTO protein_go_annotations (protein_id, go_id, evidence_code, reference, assigned_by, date) VALUES ('P08622', 'GO:0016020', 'IDA', 'PMID:3889001', 'EcoliWiki', '2009-11-13');
INSERT INTO protein_go_annotations (protein_id, go_id, evidence_code, reference, assigned_by, date) VALUES ('P08622', 'GO:0008270', 'IDA', 'PMID:8662861', 'EcoliWiki', '2009-11-13');
INSERT INTO protein_go_annotations (protein_id, go_id, evidence_code, reference, assigned_by, date) VALUES ('P08622', 'GO:0006260', 'IMP', 'PMID:2144273', 'EcoliWiki', '2009-11-13');
INSERT INTO protein_go_annotations (protein_id, go_id, evidence_code, reference, assigned_by, date) VALUES ('P08622', 'GO:0009408', 'IEP', 'PMID:8349564', 'EcoliWiki', '2009-11-20');
INSERT INTO protein_go_annotations (protein_id, go_id, evidence_code, reference, assigned_by, date) VALUES ('P0A7U7', 'GO:0022627', 'IDA', 'PMID:4587209', 'EcoliWiki', '2008-09-17');
INSERT INTO protein_go_annotations (protein_id, go_id, evidence_code, reference, assigned_by, date) VALUES ('P22564', 'GO:0006974', 'IEP', 'PMID:11967071', 'EcoliWiki', '2010-07-22');
INSERT INTO protein_go_annotations (protein_id, go_id, evidence_code, reference, assigned_by, date) VALUES ('P04036', 'GO:0008652', 'IDA', 'PMID:4151489', 'EcoliWiki', '2010-05-03');
INSERT INTO protein_go_annotations (protein_id, go_id, evidence_code, reference, assigned_by, date) VALUES ('P04036', 'GO:0019877', 'IDA', 'PMID:4151489', 'EcoliWiki', '2010-05-03');
INSERT INTO protein_go_annotations (protein_id, go_id, evidence_code, reference, assigned_by, date) VALUES ('P0A6F1', 'GO:0005737', 'IDA', 'PMID:2682645', 'EcoliWiki', '2009-02-20');
INSERT INTO protein_go_annotations (protein_id, go_id, evidence_code, reference, assigned_by, date) VALUES ('P0A6F1', 'GO:0004088', 'IMP', 'PMID:1827118', 'EcoliWiki', '2009-02-23');
INSERT INTO protein_go_annotations (protein_id, go_id, evidence_code, reference, assigned_by, date) VALUES ('P0A6F1', 'GO:0006541', 'IMP', 'PMID:1827118', 'EcoliWiki', '2009-02-23');
INSERT INTO protein_go_annotations (protein_id, go_id, evidence_code, reference, assigned_by, date) VALUES ('P0A6F1', 'GO:0006526', 'IMP', 'PMID:5319709', 'EcoliWiki', '2011-08-15');
INSERT INTO protein_go_annotations (protein_id, go_id, evidence_code, reference, assigned_by, date) VALUES ('P0A6F1', 'GO:0006207', 'IMP', 'PMID:5319709', 'EcoliWiki', '2011-08-15');
INSERT INTO protein_go_annotations (protein_id, go_id, evidence_code, reference, assigned_by, date) VALUES ('P00968', 'GO:0005524', 'IMP', 'PMID:14718657', 'EcoliWiki', '2009-01-22');
INSERT INTO protein_go_annotations (protein_id, go_id, evidence_code, reference, assigned_by, date) VALUES ('P00968', 'GO:0004088', 'IDA', 'PMID:14718657', 'EcoliWiki', '2012-06-15');
INSERT INTO protein_go_annotations (protein_id, go_id, evidence_code, reference, assigned_by, date) VALUES ('P00968', 'GO:0004087', 'IDA', 'PMID:3549732', 'EcoliWiki', '2012-06-12');
INSERT INTO protein_go_annotations (protein_id, go_id, evidence_code, reference, assigned_by, date) VALUES ('P00968', 'GO:0046872', 'IDA', 'PMID:229896', 'EcoliWiki', '2009-01-22');
INSERT INTO protein_go_annotations (protein_id, go_id, evidence_code, reference, assigned_by, date) VALUES ('P00968', 'GO:0019856', 'IMP', 'PMID:1737023', 'EcoliWiki', '2009-01-22');
INSERT INTO protein_go_annotations (protein_id, go_id, evidence_code, reference, assigned_by, date) VALUES ('P00968', 'GO:0008652', 'IMP', 'PMID:1737023', 'EcoliWiki', '2010-06-21');
INSERT INTO protein_go_annotations (protein_id, go_id, evidence_code, reference, assigned_by, date) VALUES ('P00968', 'GO:0004088', 'IGI', 'PMID:1737023', 'EcoliWiki', '2009-01-22');
INSERT INTO protein_go_annotations (protein_id, go_id, evidence_code, reference, assigned_by, date) VALUES ('P00968', 'GO:0000166', 'IMP', 'PMID:10843852', 'EcoliWiki', '2009-01-25');
INSERT INTO protein_go_annotations (protein_id, go_id, evidence_code, reference, assigned_by, date) VALUES ('P00968', 'GO:0000166', 'IDA', 'PMID:7648201', 'EcoliWiki', '2009-02-23');
INSERT INTO protein_go_annotations (protein_id, go_id, evidence_code, reference, assigned_by, date) VALUES ('P00968', 'GO:0016597', 'IDA', 'PMID:7648201', 'EcoliWiki', '2009-02-23');
INSERT INTO protein_go_annotations (protein_id, go_id, evidence_code, reference, assigned_by, date) VALUES ('P0AE58', 'GO:0009437', 'EXP', 'PMID:8631699', 'EcoliWiki', '2009-09-25');
INSERT INTO protein_go_annotations (protein_id, go_id, evidence_code, reference, assigned_by, date) VALUES ('P39206', 'GO:0009437', 'EXP', 'PMID:7815937', 'EcoliWiki', '2009-09-25');
INSERT INTO protein_go_annotations (protein_id, go_id, evidence_code, reference, assigned_by, date) VALUES ('P31551', 'GO:0008809', 'EXP', 'PMID:7815937', 'EcoliWiki', '2009-09-25');
INSERT INTO protein_go_annotations (protein_id, go_id, evidence_code, reference, assigned_by, date) VALUES ('P31551', 'GO:0042413', 'EXP', 'PMID:7815937', 'EcoliWiki', '2009-09-25');
INSERT INTO protein_go_annotations (protein_id, go_id, evidence_code, reference, assigned_by, date) VALUES ('P31572', 'GO:0008735', 'EXP', 'PMID:8188598', 'EcoliWiki', '2009-09-25');
INSERT INTO protein_go_annotations (protein_id, go_id, evidence_code, reference, assigned_by, date) VALUES ('P31572', 'GO:0042413', 'EXP', 'PMID:8188598', 'EcoliWiki', '2009-09-25');
INSERT INTO protein_go_annotations (protein_id, go_id, evidence_code, reference, assigned_by, date) VALUES ('P31572', 'GO:0008735', 'EXP', 'PMID:7815937', 'EcoliWiki', '2009-09-25');
INSERT INTO protein_go_annotations (protein_id, go_id, evidence_code, reference, assigned_by, date) VALUES ('P60566', 'GO:0009437', 'IMP', 'PMID:12081978', 'EcoliWiki', '2011-08-15');
INSERT INTO protein_go_annotations (protein_id, go_id, evidence_code, reference, assigned_by, date) VALUES ('P31574', 'GO:0009437', 'IMP', 'PMID:12081978', 'EcoliWiki', '2010-02-04');
INSERT INTO protein_go_annotations (protein_id, go_id, evidence_code, reference, assigned_by, date) VALUES ('P68644', 'GO:0050660', 'ISA', 'GO_REF:0000024', 'EcoliWiki', '2009-07-31');
INSERT INTO protein_go_annotations (protein_id, go_id, evidence_code, reference, assigned_by, date) VALUES ('P68644', 'GO:0051536', 'ISA', 'GO_REF:0000024', 'EcoliWiki', '2009-07-31');
INSERT INTO protein_go_annotations (protein_id, go_id, evidence_code, reference, assigned_by, date) VALUES ('P68644', 'GO:0004174', 'ISA', 'GO_REF:0000024', 'EcoliWiki', '2009-07-31');
INSERT INTO protein_go_annotations (protein_id, go_id, evidence_code, reference, assigned_by, date) VALUES ('P68644', 'GO:0009437', 'IEP', 'PMID:7473063', 'EcoliWiki', '2009-07-23');
INSERT INTO protein_go_annotations (protein_id, go_id, evidence_code, reference, assigned_by, date) VALUES ('P0A754', 'GO:0009055', 'IMP', 'PMID:17679694', 'EcoliWiki', '2011-07-15');
INSERT INTO protein_go_annotations (protein_id, go_id, evidence_code, reference, assigned_by, date) VALUES ('P03819', 'GO:0006813', 'IDA', 'PMID:10632882|PMID:8594323', 'EcoliWiki', '2010-05-06');
INSERT INTO protein_go_annotations (protein_id, go_id, evidence_code, reference, assigned_by, date) VALUES ('P03819', 'GO:0006885', 'IDA', 'PMID:10632882|PMID:8594323', 'EcoliWiki', '2010-05-03');
INSERT INTO protein_go_annotations (protein_id, go_id, evidence_code, reference, assigned_by, date) VALUES ('P03819', 'GO:0005887', 'IDA', 'PMID:2046548', 'EcoliWiki', '2011-07-05');
INSERT INTO protein_go_annotations (protein_id, go_id, evidence_code, reference, assigned_by, date) VALUES ('P03819', 'GO:0006813', 'IGI', 'PMID:3301813', 'EcoliWiki', '2011-07-05');
INSERT INTO protein_go_annotations (protein_id, go_id, evidence_code, reference, assigned_by, date) VALUES ('P03819', 'GO:0005887', 'ISM', 'PMID:2046548', 'EcoliWiki', '2011-07-05');
INSERT INTO protein_go_annotations (protein_id, go_id, evidence_code, reference, assigned_by, date) VALUES ('P0ABQ4', 'GO:0042493', 'IDA', 'PMID:6444603', 'EcoliWiki', '2008-07-14');
INSERT INTO protein_go_annotations (protein_id, go_id, evidence_code, reference, assigned_by, date) VALUES ('P05637', 'GO:0008796', 'IMP', 'PMID:2995325', 'EcoliWiki', '2010-08-18');
INSERT INTO protein_go_annotations (protein_id, go_id, evidence_code, reference, assigned_by, date) VALUES ('P05637', 'GO:0015949', 'IMP', 'PMID:2995325', 'EcoliWiki', '2010-08-18');
INSERT INTO protein_go_annotations (protein_id, go_id, evidence_code, reference, assigned_by, date) VALUES ('P05637', 'GO:0008803', 'IDA', 'PMID:6317672', 'EcoliWiki', '2010-08-19');
INSERT INTO protein_go_annotations (protein_id, go_id, evidence_code, reference, assigned_by, date) VALUES ('P0ABZ6', 'GO:0060274', 'IMP', 'PMID:2165476', 'EcoliWiki', '2009-10-09');
INSERT INTO protein_go_annotations (protein_id, go_id, evidence_code, reference, assigned_by, date) VALUES ('P0ABZ6', 'GO:0006457', 'IMP', 'PMID:8626309', 'EcoliWiki', '2009-10-08');
INSERT INTO protein_go_annotations (protein_id, go_id, evidence_code, reference, assigned_by, date) VALUES ('P0ABZ6', 'GO:0050821', 'IMP', 'PMID:8626309', 'EcoliWiki', '2009-10-08');
INSERT INTO protein_go_annotations (protein_id, go_id, evidence_code, reference, assigned_by, date) VALUES ('P0ABZ6', 'GO:0003755', 'IDA', 'PMID:8985185', 'EcoliWiki', '2009-10-08');
INSERT INTO protein_go_annotations (protein_id, go_id, evidence_code, reference, assigned_by, date) VALUES ('P0ABZ6', 'GO:0043165', 'IMP', 'PMID:8985185', 'EcoliWiki', '2009-10-08');
INSERT INTO protein_go_annotations (protein_id, go_id, evidence_code, reference, assigned_by, date) VALUES ('P0ABZ6', 'GO:0030288', 'IDA', 'PMID:8985185', 'EcoliWiki', '2009-10-08');
INSERT INTO protein_go_annotations (protein_id, go_id, evidence_code, reference, assigned_by, date) VALUES ('P31554', 'GO:0005515', 'IPI', 'PMID:16861298', 'EcoliWiki', '2010-06-21');
INSERT INTO protein_go_annotations (protein_id, go_id, evidence_code, reference, assigned_by, date) VALUES ('P31554', 'GO:0043165', 'IGI', 'PMID:16861298', 'EcoliWiki', '2010-04-13');
INSERT INTO protein_go_annotations (protein_id, go_id, evidence_code, reference, assigned_by, date) VALUES ('P31554', 'GO:0015920', 'IMP', 'PMID:16861298', 'EcoliWiki', '2010-04-13');
INSERT INTO protein_go_annotations (protein_id, go_id, evidence_code, reference, assigned_by, date) VALUES ('P31554', 'GO:0009279', 'IDA', 'PMID:12207697', 'EcoliWiki', '2015-05-20');
INSERT INTO protein_go_annotations (protein_id, go_id, evidence_code, reference, assigned_by, date) VALUES ('P0AA37', 'GO:0031118', 'IMP', 'PMID:10383384', 'EcoliWiki', '2008-12-17');
INSERT INTO protein_go_annotations (protein_id, go_id, evidence_code, reference, assigned_by, date) VALUES ('P0AA37', 'GO:0031119', 'IMP', 'PMID:10383384', 'EcoliWiki', '2008-12-17');
INSERT INTO protein_go_annotations (protein_id, go_id, evidence_code, reference, assigned_by, date) VALUES ('P0AA37', 'GO:0009451', 'IMP', 'PMID:10383384', 'EcoliWiki', '2008-12-21');
INSERT INTO protein_go_annotations (protein_id, go_id, evidence_code, reference, assigned_by, date) VALUES ('P0AA37', 'GO:0009982', 'IMP', 'PMID:10383384', 'EcoliWiki', '2008-12-21');
INSERT INTO protein_go_annotations (protein_id, go_id, evidence_code, reference, assigned_by, date) VALUES ('P0AA37', 'GO:0001522', 'IMP', 'PMID:10383384', 'EcoliWiki', '2008-12-21');
INSERT INTO protein_go_annotations (protein_id, go_id, evidence_code, reference, assigned_by, date) VALUES ('P0AA37', 'GO:0008033', 'IMP', 'PMID:10383384', 'EcoliWiki', '2008-12-21');
INSERT INTO protein_go_annotations (protein_id, go_id, evidence_code, reference, assigned_by, date) VALUES ('P0AA37', 'GO:0006364', 'IMP', 'PMID:10383384', 'EcoliWiki', '2008-12-21');
INSERT INTO protein_go_annotations (protein_id, go_id, evidence_code, reference, assigned_by, date) VALUES ('P08202', 'GO:0019568', 'IMP', 'PMID:13829634', 'EcoliWiki', '2008-11-15');
INSERT INTO protein_go_annotations (protein_id, go_id, evidence_code, reference, assigned_by, date) VALUES ('P08202', 'GO:0008733', 'IMP', 'PMID:13829634', 'EcoliWiki', '2008-11-15');
INSERT INTO protein_go_annotations (protein_id, go_id, evidence_code, reference, assigned_by, date) VALUES ('P08204', 'GO:0019568', 'IMP', 'PMID:13829634', 'EcoliWiki', '2008-11-15');
INSERT INTO protein_go_annotations (protein_id, go_id, evidence_code, reference, assigned_by, date) VALUES ('P08204', 'GO:0008741', 'IMP', 'PMID:13829634', 'EcoliWiki', '2008-11-15');
INSERT INTO protein_go_annotations (protein_id, go_id, evidence_code, reference, assigned_by, date) VALUES ('P08204', 'GO:0008741', 'IDA', 'PMID:5336963', 'EcoliWiki', '2009-04-10');
INSERT INTO protein_go_annotations (protein_id, go_id, evidence_code, reference, assigned_by, date) VALUES ('P08204', 'GO:0005737', 'IDA', 'PMID:5336963', 'EcoliWiki', '2009-04-10');
INSERT INTO protein_go_annotations (protein_id, go_id, evidence_code, reference, assigned_by, date) VALUES ('P08204', 'GO:0016773', 'IDA', 'PMID:5336963', 'EcoliWiki', '2009-04-10');
INSERT INTO protein_go_annotations (protein_id, go_id, evidence_code, reference, assigned_by, date) VALUES ('P08204', 'GO:0019572', 'IDA', 'PMID:5336963', 'EcoliWiki', '2009-04-10');
INSERT INTO protein_go_annotations (protein_id, go_id, evidence_code, reference, assigned_by, date) VALUES ('P08204', 'GO:0019568', 'IDA', 'PMID:5336963', 'EcoliWiki', '2009-04-10');
INSERT INTO protein_go_annotations (protein_id, go_id, evidence_code, reference, assigned_by, date) VALUES ('P08204', 'GO:0016052', 'IDA', 'PMID:5336963', 'EcoliWiki', '2009-04-10');
INSERT INTO protein_go_annotations (protein_id, go_id, evidence_code, reference, assigned_by, date) VALUES ('P0A9E0', 'GO:0019568', 'IMP', 'PMID:13829634', 'EcoliWiki', '2008-11-15');
INSERT INTO protein_go_annotations (protein_id, go_id, evidence_code, reference, assigned_by, date) VALUES ('P31675', 'GO:0015767', 'IDA', 'PMID:10438463', 'EcoliWiki', '2008-11-24');
INSERT INTO protein_go_annotations (protein_id, go_id, evidence_code, reference, assigned_by, date) VALUES ('P31675', 'GO:0005351', 'IDA', 'PMID:10438463', 'EcoliWiki', '2008-11-24');
INSERT INTO protein_go_annotations (protein_id, go_id, evidence_code, reference, assigned_by, date) VALUES ('P31675', 'GO:1904659', 'IDA', 'PMID:10438463', 'EcoliWiki', '2008-11-24');
INSERT INTO protein_go_annotations (protein_id, go_id, evidence_code, reference, assigned_by, date) VALUES ('P31675', 'GO:0016020', 'IDA', 'PMID:10438463', 'EcoliWiki', '2008-11-24');
INSERT INTO protein_go_annotations (protein_id, go_id, evidence_code, reference, assigned_by, date) VALUES ('P30126', 'GO:0009316', 'IMP', 'PMID:4587614', 'EcoliWiki', '2010-06-21');
INSERT INTO protein_go_annotations (protein_id, go_id, evidence_code, reference, assigned_by, date) VALUES ('P30126', 'GO:0009098', 'IMP', 'PMID:4570778', 'EcoliWiki', '2011-07-05');
INSERT INTO protein_go_annotations (protein_id, go_id, evidence_code, reference, assigned_by, date) VALUES ('P0A6A6', 'GO:0009098', 'IMP', 'PMID:4570778', 'EcoliWiki', '2011-07-05');
INSERT INTO protein_go_annotations (protein_id, go_id, evidence_code, reference, assigned_by, date) VALUES ('P30125', 'GO:0003862', 'IDA', 'PMID:9003442', 'EcoliWiki', '2010-05-07');
INSERT INTO protein_go_annotations (protein_id, go_id, evidence_code, reference, assigned_by, date) VALUES ('P30125', 'GO:0034198', 'IMP', 'PMID:10220423|PMID:15133107', 'EcoliWiki', '2010-05-07');
INSERT INTO protein_go_annotations (protein_id, go_id, evidence_code, reference, assigned_by, date) VALUES ('P30125', 'GO:0009098', 'IMP', 'PMID:4570778', 'EcoliWiki', '2011-07-05');
INSERT INTO protein_go_annotations (protein_id, go_id, evidence_code, reference, assigned_by, date) VALUES ('P09151', 'GO:0009098', 'IMP', 'PMID:4570778', 'EcoliWiki', '2011-07-05');
INSERT INTO protein_go_annotations (protein_id, go_id, evidence_code, reference, assigned_by, date) VALUES ('P0AD68', 'GO:0008955', 'IMP', 'PMID:6450748', 'EcoliWiki', '2011-08-15');
INSERT INTO protein_go_annotations (protein_id, go_id, evidence_code, reference, assigned_by, date) VALUES ('P0AD68', 'GO:0008955', 'IDA', 'PMID:7030331', 'EcoliWiki', '2008-07-09');
INSERT INTO protein_go_annotations (protein_id, go_id, evidence_code, reference, assigned_by, date) VALUES ('P0AD68', 'GO:0031226', 'IDA', 'PMID:3881388', 'EcoliWiki', '2008-07-09');
INSERT INTO protein_go_annotations (protein_id, go_id, evidence_code, reference, assigned_by, date) VALUES ('P0AD68', 'GO:0005887', 'IDA', 'PMID:319999', 'EcoliWiki', '2008-08-29');
INSERT INTO protein_go_annotations (protein_id, go_id, evidence_code, reference, assigned_by, date) VALUES ('P0AD68', 'GO:0005515', 'IPI', 'PMID:20497333', 'EcoliWiki', '2010-07-30');
INSERT INTO protein_go_annotations (protein_id, go_id, evidence_code, reference, assigned_by, date) VALUES ('P0AD68', 'GO:0032153', 'IDA', 'PMID:9603865', 'EcoliWiki', '2009-11-16');
INSERT INTO protein_go_annotations (protein_id, go_id, evidence_code, reference, assigned_by, date) VALUES ('P0AD68', 'GO:0051301', 'IMP', 'PMID:1103132', 'EcoliWiki', '2009-09-04');
INSERT INTO protein_go_annotations (protein_id, go_id, evidence_code, reference, assigned_by, date) VALUES ('P0AD68', 'GO:0008658', 'IDA', 'PMID:1103132', 'EcoliWiki', '2009-09-04');
INSERT INTO protein_go_annotations (protein_id, go_id, evidence_code, reference, assigned_by, date) VALUES ('P0AD68', 'GO:0042493', 'IMP', 'PMID:1103132', 'EcoliWiki', '2009-09-04');
INSERT INTO protein_go_annotations (protein_id, go_id, evidence_code, reference, assigned_by, date) VALUES ('P22188', 'GO:0008765', 'IDA', 'PMID:2269304', 'EcoliWiki', '2013-07-18');
INSERT INTO protein_go_annotations (protein_id, go_id, evidence_code, reference, assigned_by, date) VALUES ('P11880', 'GO:0047480', 'IDA', 'PMID:2186811', 'EcoliWiki', '2010-06-21');
INSERT INTO protein_go_annotations (protein_id, go_id, evidence_code, reference, assigned_by, date) VALUES ('P0A6W3', 'GO:0008963', 'IDA', 'PMID:1846850', 'EcoliWiki', '2008-07-03');
INSERT INTO protein_go_annotations (protein_id, go_id, evidence_code, reference, assigned_by, date) VALUES ('P14900', 'GO:0005737', 'IDA', 'PMID:1765076', 'EcoliWiki', '2009-11-16');
INSERT INTO protein_go_annotations (protein_id, go_id, evidence_code, reference, assigned_by, date) VALUES ('P0ABG4', 'GO:0051301', 'IMP', 'PMID:9006034', 'EcoliWiki', '2009-11-16');
INSERT INTO protein_go_annotations (protein_id, go_id, evidence_code, reference, assigned_by, date) VALUES ('P0ABG4', 'GO:0008360', 'IMP', 'PMID:9006034', 'EcoliWiki', '2009-11-16');
INSERT INTO protein_go_annotations (protein_id, go_id, evidence_code, reference, assigned_by, date) VALUES ('P0ABG4', 'GO:0032153', 'IDA', 'PMID:9603865', 'EcoliWiki', '2009-11-16');
INSERT INTO protein_go_annotations (protein_id, go_id, evidence_code, reference, assigned_by, date) VALUES ('P0ABG4', 'GO:0051301', 'IMP', 'PMID:9603865', 'EcoliWiki', '2009-11-16');
INSERT INTO protein_go_annotations (protein_id, go_id, evidence_code, reference, assigned_by, date) VALUES ('P0ABG4', 'GO:0005515', 'IPI', 'PMID:20497333', 'EcoliWiki', '2010-07-30');
INSERT INTO protein_go_annotations (protein_id, go_id, evidence_code, reference, assigned_by, date) VALUES ('P17443', 'GO:0050511', 'IDA', 'PMID:1649817', 'EcoliWiki', '2011-08-15');
INSERT INTO protein_go_annotations (protein_id, go_id, evidence_code, reference, assigned_by, date) VALUES ('P17443', 'GO:0050511', 'IMP', 'PMID:1649817', 'EcoliWiki', '2011-08-15');
INSERT INTO protein_go_annotations (protein_id, go_id, evidence_code, reference, assigned_by, date) VALUES ('P17952', 'GO:0008763', 'IDA', 'PMID:7601127', 'EcoliWiki', '2008-07-03');
INSERT INTO protein_go_annotations (protein_id, go_id, evidence_code, reference, assigned_by, date) VALUES ('P17952', 'GO:0005515', 'IPI', 'PMID:17139082', 'EcoliWiki', '2009-11-13');
INSERT INTO protein_go_annotations (protein_id, go_id, evidence_code, reference, assigned_by, date) VALUES ('P17952', 'GO:0000287', 'IDA', 'PMID:17139082', 'EcoliWiki', '2009-11-13');
INSERT INTO protein_go_annotations (protein_id, go_id, evidence_code, reference, assigned_by, date) VALUES ('P17952', 'GO:0005524', 'IDA', 'PMID:17139082', 'EcoliWiki', '2009-11-13');
INSERT INTO protein_go_annotations (protein_id, go_id, evidence_code, reference, assigned_by, date) VALUES ('P07862', 'GO:0008716', 'IMP', 'PMID:8756703', 'EcoliWiki', '2010-04-30');
INSERT INTO protein_go_annotations (protein_id, go_id, evidence_code, reference, assigned_by, date) VALUES ('P07862', 'GO:0008716', 'IDA', 'PMID:1993184', 'EcoliWiki', '2008-07-03');
INSERT INTO protein_go_annotations (protein_id, go_id, evidence_code, reference, assigned_by, date) VALUES ('P07862', 'GO:0008716', 'IDA', 'PMID:1554356', 'EcoliWiki', '2013-07-25');
INSERT INTO protein_go_annotations (protein_id, go_id, evidence_code, reference, assigned_by, date) VALUES ('P06136', 'GO:0051301', 'IMP', 'PMID:2007547', 'EcoliWiki', '2009-05-18');
INSERT INTO protein_go_annotations (protein_id, go_id, evidence_code, reference, assigned_by, date) VALUES ('P06136', 'GO:0000917', 'IMP', 'PMID:2007547', 'EcoliWiki', '2009-05-18');
INSERT INTO protein_go_annotations (protein_id, go_id, evidence_code, reference, assigned_by, date) VALUES ('P06136', 'GO:0005886', 'IMP', 'PMID:2007547', 'EcoliWiki', '2009-05-18');
INSERT INTO protein_go_annotations (protein_id, go_id, evidence_code, reference, assigned_by, date) VALUES ('P06136', 'GO:0016021', 'IDA', 'PMID:2007547', 'EcoliWiki', '2009-05-18');
INSERT INTO protein_go_annotations (protein_id, go_id, evidence_code, reference, assigned_by, date) VALUES ('P0ABH0', 'GO:0032153', 'IDA', 'PMID:8917533', 'EcoliWiki', '2009-09-07');
INSERT INTO protein_go_annotations (protein_id, go_id, evidence_code, reference, assigned_by, date) VALUES ('P0ABH0', 'GO:0051301', 'IMP', 'PMID:4583216', 'EcoliWiki', '2009-10-09');
INSERT INTO protein_go_annotations (protein_id, go_id, evidence_code, reference, assigned_by, date) VALUES ('P0ABH0', 'GO:0051301', 'IMP', 'PMID:8917533', 'EcoliWiki', '2009-09-07');
INSERT INTO protein_go_annotations (protein_id, go_id, evidence_code, reference, assigned_by, date) VALUES ('P0A9A6', 'GO:0003924', 'IDA', 'PMID:1528267', 'EcoliWiki', '2011-08-15');
INSERT INTO protein_go_annotations (protein_id, go_id, evidence_code, reference, assigned_by, date) VALUES ('P0A9A6', 'GO:0005737', 'IDA', 'PMID:1943703', 'EcoliWiki', '2010-06-04');
INSERT INTO protein_go_annotations (protein_id, go_id, evidence_code, reference, assigned_by, date) VALUES ('P0A9A6', 'GO:0051258', 'IDA', 'PMID:8917533', 'EcoliWiki', '2010-06-04');
INSERT INTO protein_go_annotations (protein_id, go_id, evidence_code, reference, assigned_by, date) VALUES ('P0A9A6', 'GO:0032153', 'IDA', 'PMID:9603865', 'EcoliWiki', '2013-09-10');
INSERT INTO protein_go_annotations (protein_id, go_id, evidence_code, reference, assigned_by, date) VALUES ('P0A9A6', 'GO:0051301', 'IMP', 'PMID:2045370', 'EcoliWiki', '2010-06-04');
INSERT INTO protein_go_annotations (protein_id, go_id, evidence_code, reference, assigned_by, date) VALUES ('P0A9A6', 'GO:0005525', 'IDA', 'PMID:1528267', 'EcoliWiki', '2011-08-15');
INSERT INTO protein_go_annotations (protein_id, go_id, evidence_code, reference, assigned_by, date) VALUES ('P0A9A6', 'GO:0003924', 'IDA', 'PMID:1528268', 'EcoliWiki', '2010-06-04');
INSERT INTO protein_go_annotations (protein_id, go_id, evidence_code, reference, assigned_by, date) VALUES ('P0A9A6', 'GO:0005525', 'IDA', 'PMID:1528268', 'EcoliWiki', '2010-06-04');
INSERT INTO protein_go_annotations (protein_id, go_id, evidence_code, reference, assigned_by, date) VALUES ('P0A9A6', 'GO:0005515', 'IPI', 'PMID:8752322', 'EcoliWiki', '2009-10-27');
INSERT INTO protein_go_annotations (protein_id, go_id, evidence_code, reference, assigned_by, date) VALUES ('P0A9A6', 'GO:0005515', 'IPI', 'PMID:20497333', 'EcoliWiki', '2010-07-30');
INSERT INTO protein_go_annotations (protein_id, go_id, evidence_code, reference, assigned_by, date) VALUES ('P0A9A6', 'GO:0005515', 'IPI', 'PMID:20497333', 'EcoliWiki', '2010-07-30');
INSERT INTO protein_go_annotations (protein_id, go_id, evidence_code, reference, assigned_by, date) VALUES ('P0A9A6', 'GO:0051258', 'IDA', 'PMID:21321206', 'EcoliWiki', '2011-04-05');
INSERT INTO protein_go_annotations (protein_id, go_id, evidence_code, reference, assigned_by, date) VALUES ('P0A725', 'GO:0009245', 'IMP', 'PMID:8530464', 'EcoliWiki', '2008-10-16');
INSERT INTO protein_go_annotations (protein_id, go_id, evidence_code, reference, assigned_by, date) VALUES ('P0A725', 'GO:0019213', 'IDA', 'PMID:3288280', 'EcoliWiki', '2008-10-16');
INSERT INTO protein_go_annotations (protein_id, go_id, evidence_code, reference, assigned_by, date) VALUES ('P10408', 'GO:0005515', 'IPI', 'PMID:17229438', 'EcoliWiki', '2009-06-16');
INSERT INTO protein_go_annotations (protein_id, go_id, evidence_code, reference, assigned_by, date) VALUES ('P10408', 'GO:0065002', 'IMP', 'PMID:6279567', 'EcoliWiki', '2011-08-16');
INSERT INTO protein_go_annotations (protein_id, go_id, evidence_code, reference, assigned_by, date) VALUES ('P10408', 'GO:0015031', 'IMP', 'PMID:6279567', 'EcoliWiki', '2011-08-16');
INSERT INTO protein_go_annotations (protein_id, go_id, evidence_code, reference, assigned_by, date) VALUES ('P10408', 'GO:0006605', 'IMP', 'PMID:6279567', 'EcoliWiki', '2011-08-16');
INSERT INTO protein_go_annotations (protein_id, go_id, evidence_code, reference, assigned_by, date) VALUES ('P10408', 'GO:0005737', 'IDA', 'PMID:1837021', 'EcoliWiki', '2009-06-25');
INSERT INTO protein_go_annotations (protein_id, go_id, evidence_code, reference, assigned_by, date) VALUES ('P10408', 'GO:0005886', 'IDA', 'PMID:1837021', 'EcoliWiki', '2009-06-25');
INSERT INTO protein_go_annotations (protein_id, go_id, evidence_code, reference, assigned_by, date) VALUES ('P10408', 'GO:0043952', 'IMP', 'PMID:6279567', 'EcoliWiki', '2009-06-25');
INSERT INTO protein_go_annotations (protein_id, go_id, evidence_code, reference, assigned_by, date) VALUES ('P30011', 'GO:0005737', 'IDA', 'PMID:8561507', 'EcoliWiki', '2009-04-23');
INSERT INTO protein_go_annotations (protein_id, go_id, evidence_code, reference, assigned_by, date) VALUES ('P30011', 'GO:0004514', 'IDA', 'PMID:8561507', 'EcoliWiki', '2009-04-23');
INSERT INTO protein_go_annotations (protein_id, go_id, evidence_code, reference, assigned_by, date) VALUES ('P30011', 'GO:0009435', 'IDA', 'PMID:8561507', 'EcoliWiki', '2009-04-23');
INSERT INTO protein_go_annotations (protein_id, go_id, evidence_code, reference, assigned_by, date) VALUES ('P0AFG8', 'GO:0004738', 'IGI', 'PMID:327021', 'EcoliWiki', '2011-06-02');
INSERT INTO protein_go_annotations (protein_id, go_id, evidence_code, reference, assigned_by, date) VALUES ('P06959', 'GO:0005737', 'IDA', 'PMID:16858726', 'EcoliWiki', '2011-08-15');
INSERT INTO protein_go_annotations (protein_id, go_id, evidence_code, reference, assigned_by, date) VALUES ('P06959', 'GO:0045254', 'IDA', 'PMID:3903169', 'EcoliWiki', '2009-10-16');
INSERT INTO protein_go_annotations (protein_id, go_id, evidence_code, reference, assigned_by, date) VALUES ('P06959', 'GO:0045254', 'IGI', 'PMID:327021', 'EcoliWiki', '2011-06-02');
INSERT INTO protein_go_annotations (protein_id, go_id, evidence_code, reference, assigned_by, date) VALUES ('P06959', 'GO:0004742', 'IDA', 'PMID:12651118', 'EcoliWiki', '2009-10-16');
INSERT INTO protein_go_annotations (protein_id, go_id, evidence_code, reference, assigned_by, date) VALUES ('P06959', 'GO:0031405', 'IDA', 'PMID:12651118', 'EcoliWiki', '2009-10-16');
INSERT INTO protein_go_annotations (protein_id, go_id, evidence_code, reference, assigned_by, date) VALUES ('P06959', 'GO:0004738', 'IDA', 'PMID:3903169', 'EcoliWiki', '2009-10-16');
INSERT INTO protein_go_annotations (protein_id, go_id, evidence_code, reference, assigned_by, date) VALUES ('P06959', 'GO:0006090', 'IMP', 'PMID:349114', 'EcoliWiki', '2009-10-16');
INSERT INTO protein_go_annotations (protein_id, go_id, evidence_code, reference, assigned_by, date) VALUES ('P06959', 'GO:0006086', 'IMP', 'PMID:349114', 'EcoliWiki', '2009-10-16');
INSERT INTO protein_go_annotations (protein_id, go_id, evidence_code, reference, assigned_by, date) VALUES ('P0A9P0', 'GO:0004148', 'IDA', 'PMID:3066354', 'EcoliWiki', '2011-08-15');
INSERT INTO protein_go_annotations (protein_id, go_id, evidence_code, reference, assigned_by, date) VALUES ('P0A9P0', 'GO:0055114', 'IDA', 'PMID:3066354', 'EcoliWiki', '2011-08-15');
INSERT INTO protein_go_annotations (protein_id, go_id, evidence_code, reference, assigned_by, date) VALUES ('P0A9P0', 'GO:0006103', 'IMP', 'PMID:4197899', 'EcoliWiki', '2008-10-07');
INSERT INTO protein_go_annotations (protein_id, go_id, evidence_code, reference, assigned_by, date) VALUES ('P0A9P0', 'GO:0008270', 'IDA', 'PMID:11985624', 'EcoliWiki', '2009-10-30');
INSERT INTO protein_go_annotations (protein_id, go_id, evidence_code, reference, assigned_by, date) VALUES ('P0A9P0', 'GO:0006090', 'IMP', 'PMID:4197899', 'EcoliWiki', '2008-10-07');
INSERT INTO protein_go_annotations (protein_id, go_id, evidence_code, reference, assigned_by, date) VALUES ('P0A9P0', 'GO:0006103', 'IGI', 'PMID:6311808', 'EcoliWiki', '2008-10-07');
INSERT INTO protein_go_annotations (protein_id, go_id, evidence_code, reference, assigned_by, date) VALUES ('P0A9P0', 'GO:0006090', 'IDA', 'PMID:6311808', 'EcoliWiki', '2008-10-07');
INSERT INTO protein_go_annotations (protein_id, go_id, evidence_code, reference, assigned_by, date) VALUES ('P0A9P0', 'GO:0050660', 'IDA', 'PMID:4863745', 'EcoliWiki', '2008-10-07');
INSERT INTO protein_go_annotations (protein_id, go_id, evidence_code, reference, assigned_by, date) VALUES ('P0A9P0', 'GO:0015036', 'IDA', 'PMID:4863745', 'EcoliWiki', '2008-10-07');
INSERT INTO protein_go_annotations (protein_id, go_id, evidence_code, reference, assigned_by, date) VALUES ('P0A9P0', 'GO:0005737', 'IDA', 'PMID:4863745', 'EcoliWiki', '2008-10-07');
INSERT INTO protein_go_annotations (protein_id, go_id, evidence_code, reference, assigned_by, date) VALUES ('P36683', 'GO:0003994', 'IDA', 'PMID:8932712', 'EcoliWiki', '2010-06-21');
INSERT INTO protein_go_annotations (protein_id, go_id, evidence_code, reference, assigned_by, date) VALUES ('P36683', 'GO:0006097', 'NAS', 'PMID:10589714', 'EcoliWiki', '2011-06-06');
INSERT INTO protein_go_annotations (protein_id, go_id, evidence_code, reference, assigned_by, date) VALUES ('P37443', 'GO:0030420', 'IEA', 'GO_REF:0000002', 'InterPro', '2019-01-12');
INSERT INTO protein_go_annotations (protein_id, go_id, evidence_code, reference, assigned_by, date) VALUES ('P75869', 'GO:0030420', 'IEA', 'GO_REF:0000037', 'UniProtKB', '2019-01-12');
INSERT INTO protein_go_annotations (protein_id, go_id, evidence_code, reference, assigned_by, date) VALUES ('A4VF87', 'GO:0016020', 'IEA', 'GO_REF:0000038', 'UniProt', '2019-12-14');
INSERT INTO protein_go_annotations (protein_id, go_id, evidence_code, reference, assigned_by, date) VALUES ('A4VF87', 'GO:0016021', 'IEA', 'GO_REF:0000038', 'UniProt', '2019-12-14');
INSERT INTO protein_go_annotations (protein_id, go_id, evidence_code, reference, assigned_by, date) VALUES ('A4VFE7', 'GO:0016020', 'IEA', 'GO_REF:0000038', 'UniProt', '2019-12-14');
INSERT INTO protein_go_annotations (protein_id, go_id, evidence_code, reference, assigned_by, date) VALUES ('A4VFE7', 'GO:0016021', 'IEA', 'GO_REF:0000038', 'UniProt', '2019-12-14');
INSERT INTO protein_go_annotations (protein_id, go_id, evidence_code, reference, assigned_by, date) VALUES ('A5A636', 'GO:0016020', 'IEA', 'GO_REF:0000038', 'UniProt', '2019-12-14');
INSERT INTO protein_go_annotations (protein_id, go_id, evidence_code, reference, assigned_by, date) VALUES ('A5A636', 'GO:0016021', 'IEA', 'GO_REF:0000038', 'UniProt', '2019-12-14');
INSERT INTO protein_go_annotations (protein_id, go_id, evidence_code, reference, assigned_by, date) VALUES ('A5A638', 'GO:0016020', 'IEA', 'GO_REF:0000038', 'UniProt', '2019-12-14');
INSERT INTO protein_go_annotations (protein_id, go_id, evidence_code, reference, assigned_by, date) VALUES ('A5A638', 'GO:0016021', 'IEA', 'GO_REF:0000038', 'UniProt', '2019-12-14');
INSERT INTO protein_go_annotations (protein_id, go_id, evidence_code, reference, assigned_by, date) VALUES ('A5A638', 'GO:0016740', 'IEA', 'GO_REF:0000038', 'UniProt', '2019-12-14');
INSERT INTO protein_go_annotations (protein_id, go_id, evidence_code, reference, assigned_by, date) VALUES ('A5A639', 'GO:0016020', 'IEA', 'GO_REF:0000038', 'UniProt', '2019-12-14');
INSERT INTO protein_go_annotations (protein_id, go_id, evidence_code, reference, assigned_by, date) VALUES ('A5A639', 'GO:0016021', 'IEA', 'GO_REF:0000038', 'UniProt', '2019-12-14');
INSERT INTO protein_go_annotations (protein_id, go_id, evidence_code, reference, assigned_by, date) VALUES ('A5A640', 'GO:0016020', 'IEA', 'GO_REF:0000038', 'UniProt', '2019-12-14');
INSERT INTO protein_go_annotations (protein_id, go_id, evidence_code, reference, assigned_by, date) VALUES ('A5A640', 'GO:0016021', 'IEA', 'GO_REF:0000038', 'UniProt', '2019-12-14');
INSERT INTO protein_go_annotations (protein_id, go_id, evidence_code, reference, assigned_by, date) VALUES ('A5A643', 'GO:0000160', 'IEA', 'GO_REF:0000002', 'InterPro', '2019-12-14');
INSERT INTO protein_go_annotations (protein_id, go_id, evidence_code, reference, assigned_by, date) VALUES ('A5A643', 'GO:0003677', 'IEA', 'GO_REF:0000002', 'InterPro', '2019-12-14');
INSERT INTO protein_go_annotations (protein_id, go_id, evidence_code, reference, assigned_by, date) VALUES ('A5A643', 'GO:0003677', 'IEA', 'GO_REF:0000038', 'UniProt', '2019-12-14');
INSERT INTO protein_go_annotations (protein_id, go_id, evidence_code, reference, assigned_by, date) VALUES ('A5A643', 'GO:0006355', 'IEA', 'GO_REF:0000002', 'InterPro', '2019-12-14');
INSERT INTO protein_go_annotations (protein_id, go_id, evidence_code, reference, assigned_by, date) VALUES ('A5A644', 'GO:0016020', 'IEA', 'GO_REF:0000038', 'UniProt', '2019-12-14');
INSERT INTO protein_go_annotations (protein_id, go_id, evidence_code, reference, assigned_by, date) VALUES ('A5A644', 'GO:0016021', 'IEA', 'GO_REF:0000038', 'UniProt', '2019-12-14');
INSERT INTO protein_go_annotations (protein_id, go_id, evidence_code, reference, assigned_by, date) VALUES ('A5A645', 'GO:0016020', 'IEA', 'GO_REF:0000038', 'UniProt', '2019-12-14');
INSERT INTO protein_go_annotations (protein_id, go_id, evidence_code, reference, assigned_by, date) VALUES ('A5A645', 'GO:0016021', 'IEA', 'GO_REF:0000038', 'UniProt', '2019-12-14');
INSERT INTO protein_go_annotations (protein_id, go_id, evidence_code, reference, assigned_by, date) VALUES ('A5A645', 'GO:0016021', 'IEA', 'GO_REF:0000104', 'UniProt', '2019-12-14');
INSERT INTO protein_go_annotations (protein_id, go_id, evidence_code, reference, assigned_by, date) VALUES ('A5A645', 'GO:0050660', 'IEA', 'GO_REF:0000002', 'InterPro', '2019-12-14');
INSERT INTO protein_go_annotations (protein_id, go_id, evidence_code, reference, assigned_by, date) VALUES ('A5A647', 'GO:0008643', 'IEA', 'GO_REF:0000038', 'UniProt', '2019-12-14');
INSERT INTO protein_go_annotations (protein_id, go_id, evidence_code, reference, assigned_by, date) VALUES ('A5A647', 'GO:0016020', 'IEA', 'GO_REF:0000002', 'InterPro', '2019-12-14');
INSERT INTO protein_go_annotations (protein_id, go_id, evidence_code, reference, assigned_by, date) VALUES ('A5A647', 'GO:0016020', 'IEA', 'GO_REF:0000038', 'UniProt', '2019-12-14');
INSERT INTO protein_go_annotations (protein_id, go_id, evidence_code, reference, assigned_by, date) VALUES ('A5A647', 'GO:0016021', 'IEA', 'GO_REF:0000002', 'InterPro', '2019-12-14');
INSERT INTO protein_go_annotations (protein_id, go_id, evidence_code, reference, assigned_by, date) VALUES ('A5A647', 'GO:0016021', 'IEA', 'GO_REF:0000038', 'UniProt', '2019-12-14');
INSERT INTO protein_go_annotations (protein_id, go_id, evidence_code, reference, assigned_by, date) VALUES ('A5A647', 'GO:0022857', 'IEA', 'GO_REF:0000002', 'InterPro', '2019-12-14');
INSERT INTO protein_go_annotations (protein_id, go_id, evidence_code, reference, assigned_by, date) VALUES ('A5A647', 'GO:0055085', 'IEA', 'GO_REF:0000002', 'InterPro', '2019-12-14');
INSERT INTO protein_go_annotations (protein_id, go_id, evidence_code, reference, assigned_by, date) VALUES ('A5A648', 'GO:0000271', 'IEA', 'GO_REF:0000002', 'InterPro', '2019-12-14');
INSERT INTO protein_go_annotations (protein_id, go_id, evidence_code, reference, assigned_by, date) VALUES ('A5A648', 'GO:0003979', 'IEA', 'GO_REF:0000002', 'InterPro', '2019-12-14');
INSERT INTO protein_go_annotations (protein_id, go_id, evidence_code, reference, assigned_by, date) VALUES ('A5A648', 'GO:0003979', 'IEA', 'GO_REF:0000003', 'UniProt', '2019-12-14');
INSERT INTO protein_go_annotations (protein_id, go_id, evidence_code, reference, assigned_by, date) VALUES ('A5A648', 'GO:0016491', 'IEA', 'GO_REF:0000038', 'UniProt', '2019-12-14');
INSERT INTO protein_go_annotations (protein_id, go_id, evidence_code, reference, assigned_by, date) VALUES ('A5A648', 'GO:0016616', 'IEA', 'GO_REF:0000002', 'InterPro', '2019-12-14');
INSERT INTO protein_go_annotations (protein_id, go_id, evidence_code, reference, assigned_by, date) VALUES ('A5A648', 'GO:0051287', 'IEA', 'GO_REF:0000002', 'InterPro', '2019-12-14');
INSERT INTO protein_go_annotations (protein_id, go_id, evidence_code, reference, assigned_by, date) VALUES ('A5A648', 'GO:0055114', 'IEA', 'GO_REF:0000002', 'InterPro', '2019-12-14');
INSERT INTO protein_go_annotations (protein_id, go_id, evidence_code, reference, assigned_by, date) VALUES ('A5A648', 'GO:0055114', 'IEA', 'GO_REF:0000038', 'UniProt', '2019-12-14');
INSERT INTO protein_go_annotations (protein_id, go_id, evidence_code, reference, assigned_by, date) VALUES ('A5A649', 'GO:0016020', 'IEA', 'GO_REF:0000038', 'UniProt', '2019-12-14');
INSERT INTO protein_go_annotations (protein_id, go_id, evidence_code, reference, assigned_by, date) VALUES ('A5A649', 'GO:0016021', 'IEA', 'GO_REF:0000038', 'UniProt', '2019-12-14');
INSERT INTO protein_go_annotations (protein_id, go_id, evidence_code, reference, assigned_by, date) VALUES ('A5A650', 'GO:0004252', 'IEA', 'GO_REF:0000002', 'InterPro', '2019-12-14');
INSERT INTO protein_go_annotations (protein_id, go_id, evidence_code, reference, assigned_by, date) VALUES ('A5A650', 'GO:0006508', 'IEA', 'GO_REF:0000002', 'InterPro', '2019-12-14');
INSERT INTO protein_go_annotations (protein_id, go_id, evidence_code, reference, assigned_by, date) VALUES ('A5A650', 'GO:0006508', 'IEA', 'GO_REF:0000038', 'UniProt', '2019-12-14');
INSERT INTO protein_go_annotations (protein_id, go_id, evidence_code, reference, assigned_by, date) VALUES ('A5A650', 'GO:0008233', 'IEA', 'GO_REF:0000038', 'UniProt', '2019-12-14');
INSERT INTO protein_go_annotations (protein_id, go_id, evidence_code, reference, assigned_by, date) VALUES ('A5A651', 'GO:0016020', 'IEA', 'GO_REF:0000038', 'UniProt', '2019-12-14');
INSERT INTO protein_go_annotations (protein_id, go_id, evidence_code, reference, assigned_by, date) VALUES ('A5A651', 'GO:0016021', 'IEA', 'GO_REF:0000038', 'UniProt', '2019-12-14');
INSERT INTO protein_go_annotations (protein_id, go_id, evidence_code, reference, assigned_by, date) VALUES ('A5A653', 'GO:0016740', 'IEA', 'GO_REF:0000038', 'UniProt', '2019-12-14');
INSERT INTO protein_go_annotations (protein_id, go_id, evidence_code, reference, assigned_by, date) VALUES ('A5A653', 'GO:0016757', 'IEA', 'GO_REF:0000002', 'InterPro', '2019-12-14');
INSERT INTO protein_go_annotations (protein_id, go_id, evidence_code, reference, assigned_by, date) VALUES ('A5A654', 'GO:0016020', 'IEA', 'GO_REF:0000038', 'UniProt', '2019-12-14');
INSERT INTO protein_go_annotations (protein_id, go_id, evidence_code, reference, assigned_by, date) VALUES ('A5A654', 'GO:0016021', 'IEA', 'GO_REF:0000038', 'UniProt', '2019-12-14');
INSERT INTO protein_go_annotations (protein_id, go_id, evidence_code, reference, assigned_by, date) VALUES ('A5A657', 'GO:0004470', 'IEA', 'GO_REF:0000002', 'InterPro', '2019-12-14');
INSERT INTO protein_go_annotations (protein_id, go_id, evidence_code, reference, assigned_by, date) VALUES ('A5A657', 'GO:0004471', 'IEA', 'GO_REF:0000002', 'InterPro', '2019-12-14');
INSERT INTO protein_go_annotations (protein_id, go_id, evidence_code, reference, assigned_by, date) VALUES ('A5A657', 'GO:0046872', 'IEA', 'GO_REF:0000038', 'UniProt', '2019-12-14');
INSERT INTO protein_go_annotations (protein_id, go_id, evidence_code, reference, assigned_by, date) VALUES ('A5A657', 'GO:0051287', 'IEA', 'GO_REF:0000002', 'InterPro', '2019-12-14');
INSERT INTO protein_go_annotations (protein_id, go_id, evidence_code, reference, assigned_by, date) VALUES ('A5A657', 'GO:0055114', 'IEA', 'GO_REF:0000002', 'InterPro', '2019-12-14');
INSERT INTO protein_go_annotations (protein_id, go_id, evidence_code, reference, assigned_by, date) VALUES ('A5A658', 'GO:0000287', 'IEA', 'GO_REF:0000002', 'InterPro', '2019-12-14');
INSERT INTO protein_go_annotations (protein_id, go_id, evidence_code, reference, assigned_by, date) VALUES ('A5A658', 'GO:0004450', 'IEA', 'GO_REF:0000002', 'InterPro', '2019-12-14');
INSERT INTO protein_go_annotations (protein_id, go_id, evidence_code, reference, assigned_by, date) VALUES ('A5A658', 'GO:0004450', 'IEA', 'GO_REF:0000003', 'UniProt', '2019-12-14');
INSERT INTO protein_go_annotations (protein_id, go_id, evidence_code, reference, assigned_by, date) VALUES ('A5A658', 'GO:0006097', 'IEA', 'GO_REF:0000038', 'UniProt', '2019-12-14');
INSERT INTO protein_go_annotations (protein_id, go_id, evidence_code, reference, assigned_by, date) VALUES ('A5A658', 'GO:0006099', 'IEA', 'GO_REF:0000002', 'InterPro', '2019-12-14');
INSERT INTO protein_go_annotations (protein_id, go_id, evidence_code, reference, assigned_by, date) VALUES ('A5A658', 'GO:0006099', 'IEA', 'GO_REF:0000038', 'UniProt', '2019-12-14');
INSERT INTO protein_go_annotations (protein_id, go_id, evidence_code, reference, assigned_by, date) VALUES ('A5A658', 'GO:0016616', 'IEA', 'GO_REF:0000002', 'InterPro', '2019-12-14');
INSERT INTO protein_go_annotations (protein_id, go_id, evidence_code, reference, assigned_by, date) VALUES ('A5A658', 'GO:0046872', 'IEA', 'GO_REF:0000038', 'UniProt', '2019-12-14');
INSERT INTO protein_go_annotations (protein_id, go_id, evidence_code, reference, assigned_by, date) VALUES ('A5A658', 'GO:0051287', 'IEA', 'GO_REF:0000002', 'InterPro', '2019-12-14');
INSERT INTO protein_go_annotations (protein_id, go_id, evidence_code, reference, assigned_by, date) VALUES ('A5A658', 'GO:0055114', 'IEA', 'GO_REF:0000002', 'InterPro', '2019-12-14');
INSERT INTO protein_go_annotations (protein_id, go_id, evidence_code, reference, assigned_by, date) VALUES ('A5A659', 'GO:0003700', 'IEA', 'GO_REF:0000002', 'InterPro', '2019-12-14');
INSERT INTO protein_go_annotations (protein_id, go_id, evidence_code, reference, assigned_by, date) VALUES ('A5A659', 'GO:0006352', 'IEA', 'GO_REF:0000002', 'InterPro', '2019-12-14');
INSERT INTO protein_go_annotations (protein_id, go_id, evidence_code, reference, assigned_by, date) VALUES ('A5A659', 'GO:0006355', 'IEA', 'GO_REF:0000002', 'InterPro', '2019-12-14');
INSERT INTO protein_go_annotations (protein_id, go_id, evidence_code, reference, assigned_by, date) VALUES ('A5A660', 'GO:0003677', 'IEA', 'GO_REF:0000002', 'InterPro', '2019-12-14');
INSERT INTO protein_go_annotations (protein_id, go_id, evidence_code, reference, assigned_by, date) VALUES ('A5A660', 'GO:0003887', 'IEA', 'GO_REF:0000002', 'InterPro', '2019-12-14');
INSERT INTO protein_go_annotations (protein_id, go_id, evidence_code, reference, assigned_by, date) VALUES ('A5A660', 'GO:0006260', 'IEA', 'GO_REF:0000002', 'InterPro', '2019-12-14');
INSERT INTO protein_go_annotations (protein_id, go_id, evidence_code, reference, assigned_by, date) VALUES ('A5A660', 'GO:0009360', 'IEA', 'GO_REF:0000002', 'InterPro', '2019-12-14');
INSERT INTO protein_go_annotations (protein_id, go_id, evidence_code, reference, assigned_by, date) VALUES ('A5A660', 'GO:0071897', 'IEA', 'GO_REF:0000108', 'GOC', '2019-12-15');
INSERT INTO protein_go_annotations (protein_id, go_id, evidence_code, reference, assigned_by, date) VALUES ('A5A661', 'GO:0016020', 'IEA', 'GO_REF:0000038', 'UniProt', '2019-12-14');
INSERT INTO protein_go_annotations (protein_id, go_id, evidence_code, reference, assigned_by, date) VALUES ('A5A661', 'GO:0016021', 'IEA', 'GO_REF:0000038', 'UniProt', '2019-12-14');
INSERT INTO protein_go_annotations (protein_id, go_id, evidence_code, reference, assigned_by, date) VALUES ('A5A661', 'GO:0030420', 'IEA', 'GO_REF:0000002', 'InterPro', '2019-12-14');
INSERT INTO protein_go_annotations (protein_id, go_id, evidence_code, reference, assigned_by, date) VALUES ('A5A662', 'GO:0016020', 'IEA', 'GO_REF:0000038', 'UniProt', '2019-12-14');
INSERT INTO protein_go_annotations (protein_id, go_id, evidence_code, reference, assigned_by, date) VALUES ('A5A662', 'GO:0016021', 'IEA', 'GO_REF:0000038', 'UniProt', '2019-12-14');
INSERT INTO protein_go_annotations (protein_id, go_id, evidence_code, reference, assigned_by, date) VALUES ('A5A663', 'GO:0003824', 'IEA', 'GO_REF:0000002', 'InterPro', '2019-12-14');
INSERT INTO protein_go_annotations (protein_id, go_id, evidence_code, reference, assigned_by, date) VALUES ('A5A665', 'GO:0003723', 'IEA', 'GO_REF:0000002', 'InterPro', '2019-12-14');
INSERT INTO protein_go_annotations (protein_id, go_id, evidence_code, reference, assigned_by, date) VALUES ('A5A665', 'GO:0003723', 'IEA', 'GO_REF:0000038', 'UniProt', '2019-12-14');
INSERT INTO protein_go_annotations (protein_id, go_id, evidence_code, reference, assigned_by, date) VALUES ('A5A665', 'GO:0003723', 'IEA', 'GO_REF:0000104', 'UniProt', '2019-12-14');
INSERT INTO protein_go_annotations (protein_id, go_id, evidence_code, reference, assigned_by, date) VALUES ('A5A665', 'GO:0006353', 'IEA', 'GO_REF:0000002', 'InterPro', '2019-12-14');
INSERT INTO protein_go_annotations (protein_id, go_id, evidence_code, reference, assigned_by, date) VALUES ('A5A665', 'GO:0006355', 'IEA', 'GO_REF:0000002', 'InterPro', '2019-12-14');
INSERT INTO protein_go_annotations (protein_id, go_id, evidence_code, reference, assigned_by, date) VALUES ('A5A666', 'GO:0006081', 'IEA', 'GO_REF:0000002', 'InterPro', '2019-12-14');
INSERT INTO protein_go_annotations (protein_id, go_id, evidence_code, reference, assigned_by, date) VALUES ('A5A666', 'GO:0016491', 'IEA', 'GO_REF:0000002', 'InterPro', '2019-12-14');
INSERT INTO protein_go_annotations (protein_id, go_id, evidence_code, reference, assigned_by, date) VALUES ('A5A666', 'GO:0016491', 'IEA', 'GO_REF:0000038', 'UniProt', '2019-12-14');
INSERT INTO protein_go_annotations (protein_id, go_id, evidence_code, reference, assigned_by, date) VALUES ('A5A666', 'GO:0016620', 'IEA', 'GO_REF:0000002', 'InterPro', '2019-12-14');
INSERT INTO protein_go_annotations (protein_id, go_id, evidence_code, reference, assigned_by, date) VALUES ('A5A666', 'GO:0055114', 'IEA', 'GO_REF:0000002', 'InterPro', '2019-12-14');
INSERT INTO protein_go_annotations (protein_id, go_id, evidence_code, reference, assigned_by, date) VALUES ('A5A666', 'GO:0055114', 'IEA', 'GO_REF:0000038', 'UniProt', '2019-12-14');
INSERT INTO protein_go_annotations (protein_id, go_id, evidence_code, reference, assigned_by, date) VALUES ('A5A667', 'GO:0009847', 'IEA', 'GO_REF:0000002', 'InterPro', '2019-12-14');
INSERT INTO protein_go_annotations (protein_id, go_id, evidence_code, reference, assigned_by, date) VALUES ('A5A667', 'GO:0016020', 'IEA', 'GO_REF:0000002', 'InterPro', '2019-12-14');
INSERT INTO protein_go_annotations (protein_id, go_id, evidence_code, reference, assigned_by, date) VALUES ('A5A669', 'GO:0016020', 'IEA', 'GO_REF:0000038', 'UniProt', '2019-12-14');
INSERT INTO protein_go_annotations (protein_id, go_id, evidence_code, reference, assigned_by, date) VALUES ('A5A669', 'GO:0016021', 'IEA', 'GO_REF:0000038', 'UniProt', '2019-12-14');
INSERT INTO protein_go_annotations (protein_id, go_id, evidence_code, reference, assigned_by, date) VALUES ('A5A671', 'GO:0000272', 'IEA', 'GO_REF:0000038', 'UniProt', '2019-12-14');
INSERT INTO protein_go_annotations (protein_id, go_id, evidence_code, reference, assigned_by, date) VALUES ('A5A671', 'GO:0004553', 'IEA', 'GO_REF:0000002', 'InterPro', '2019-12-14');
INSERT INTO protein_go_annotations (protein_id, go_id, evidence_code, reference, assigned_by, date) VALUES ('A5A671', 'GO:0005975', 'IEA', 'GO_REF:0000002', 'InterPro', '2019-12-14');
INSERT INTO protein_go_annotations (protein_id, go_id, evidence_code, reference, assigned_by, date) VALUES ('A5A671', 'GO:0005975', 'IEA', 'GO_REF:0000038', 'UniProt', '2019-12-14');
INSERT INTO protein_go_annotations (protein_id, go_id, evidence_code, reference, assigned_by, date) VALUES ('A5A671', 'GO:0008152', 'IEA', 'GO_REF:0000038', 'UniProt', '2019-12-14');
INSERT INTO protein_go_annotations (protein_id, go_id, evidence_code, reference, assigned_by, date) VALUES ('A5A671', 'GO:0008810', 'IEA', 'GO_REF:0000003', 'UniProt', '2019-12-14');
INSERT INTO protein_go_annotations (protein_id, go_id, evidence_code, reference, assigned_by, date) VALUES ('A5A671', 'GO:0016787', 'IEA', 'GO_REF:0000038', 'UniProt', '2019-12-14');
INSERT INTO protein_go_annotations (protein_id, go_id, evidence_code, reference, assigned_by, date) VALUES ('A5A671', 'GO:0016798', 'IEA', 'GO_REF:0000038', 'UniProt', '2019-12-14');
INSERT INTO protein_go_annotations (protein_id, go_id, evidence_code, reference, assigned_by, date) VALUES ('A5A671', 'GO:0030245', 'IEA', 'GO_REF:0000038', 'UniProt', '2019-12-14');
INSERT INTO protein_go_annotations (protein_id, go_id, evidence_code, reference, assigned_by, date) VALUES ('A5A671', 'GO:0030246', 'IEA', 'GO_REF:0000002', 'InterPro', '2019-12-14');
INSERT INTO protein_go_annotations (protein_id, go_id, evidence_code, reference, assigned_by, date) VALUES ('A5A671', 'GO:0030248', 'IEA', 'GO_REF:0000002', 'InterPro', '2019-12-14');
INSERT INTO protein_go_annotations (protein_id, go_id, evidence_code, reference, assigned_by, date) VALUES ('A5A672', 'GO:0016787', 'IEA', 'GO_REF:0000002', 'InterPro', '2019-12-14');
INSERT INTO protein_go_annotations (protein_id, go_id, evidence_code, reference, assigned_by, date) VALUES ('A5A678', 'GO:0016020', 'IEA', 'GO_REF:0000038', 'UniProt', '2019-12-14');
INSERT INTO protein_go_annotations (protein_id, go_id, evidence_code, reference, assigned_by, date) VALUES ('A5A678', 'GO:0016021', 'IEA', 'GO_REF:0000038', 'UniProt', '2019-12-14');
INSERT INTO protein_go_annotations (protein_id, go_id, evidence_code, reference, assigned_by, date) VALUES ('A5A679', 'GO:0008641', 'IEA', 'GO_REF:0000002', 'InterPro', '2019-12-14');
INSERT INTO protein_go_annotations (protein_id, go_id, evidence_code, reference, assigned_by, date) VALUES ('A5A682', 'GO:0006629', 'IEA', 'GO_REF:0000002', 'InterPro', '2019-12-14');
INSERT INTO protein_go_annotations (protein_id, go_id, evidence_code, reference, assigned_by, date) VALUES ('A5A684', 'GO:0004252', 'IEA', 'GO_REF:0000002', 'InterPro', '2019-12-14');
INSERT INTO protein_go_annotations (protein_id, go_id, evidence_code, reference, assigned_by, date) VALUES ('A5A684', 'GO:0006508', 'IEA', 'GO_REF:0000002', 'InterPro', '2019-12-14');
INSERT INTO protein_go_annotations (protein_id, go_id, evidence_code, reference, assigned_by, date) VALUES ('A5A684', 'GO:0006508', 'IEA', 'GO_REF:0000038', 'UniProt', '2019-12-14');
INSERT INTO protein_go_annotations (protein_id, go_id, evidence_code, reference, assigned_by, date) VALUES ('A5A684', 'GO:0008233', 'IEA', 'GO_REF:0000038', 'UniProt', '2019-12-14');
INSERT INTO protein_go_annotations (protein_id, go_id, evidence_code, reference, assigned_by, date) VALUES ('A5A684', 'GO:0016020', 'IEA', 'GO_REF:0000038', 'UniProt', '2019-12-14');
INSERT INTO protein_go_annotations (protein_id, go_id, evidence_code, reference, assigned_by, date) VALUES ('A5A684', 'GO:0016021', 'IEA', 'GO_REF:0000038', 'UniProt', '2019-12-14');
INSERT INTO protein_go_annotations (protein_id, go_id, evidence_code, reference, assigned_by, date) VALUES ('A5A686', 'GO:0016020', 'IEA', 'GO_REF:0000038', 'UniProt', '2019-12-14');
INSERT INTO protein_go_annotations (protein_id, go_id, evidence_code, reference, assigned_by, date) VALUES ('A5A686', 'GO:0016021', 'IEA', 'GO_REF:0000038', 'UniProt', '2019-12-14');
INSERT INTO protein_go_annotations (protein_id, go_id, evidence_code, reference, assigned_by, date) VALUES ('A5A686', 'GO:0055085', 'IEA', 'GO_REF:0000002', 'InterPro', '2019-12-14');
INSERT INTO protein_go_annotations (protein_id, go_id, evidence_code, reference, assigned_by, date) VALUES ('A5A687', 'GO:0010468', 'IEA', 'GO_REF:0000002', 'InterPro', '2019-12-14');
INSERT INTO protein_go_annotations (protein_id, go_id, evidence_code, reference, assigned_by, date) VALUES ('A5A687', 'GO:0016020', 'IEA', 'GO_REF:0000038', 'UniProt', '2019-12-14');
INSERT INTO protein_go_annotations (protein_id, go_id, evidence_code, reference, assigned_by, date) VALUES ('A5A687', 'GO:0016021', 'IEA', 'GO_REF:0000002', 'InterPro', '2019-12-14');
INSERT INTO protein_go_annotations (protein_id, go_id, evidence_code, reference, assigned_by, date) VALUES ('A5A687', 'GO:0016021', 'IEA', 'GO_REF:0000038', 'UniProt', '2019-12-14');
INSERT INTO protein_go_annotations (protein_id, go_id, evidence_code, reference, assigned_by, date) VALUES ('A5A692', 'GO:0004553', 'IEA', 'GO_REF:0000002', 'InterPro', '2019-12-14');
INSERT INTO protein_go_annotations (protein_id, go_id, evidence_code, reference, assigned_by, date) VALUES ('A5A692', 'GO:0005975', 'IEA', 'GO_REF:0000002', 'InterPro', '2019-12-14');
INSERT INTO protein_go_annotations (protein_id, go_id, evidence_code, reference, assigned_by, date) VALUES ('A5A692', 'GO:0008152', 'IEA', 'GO_REF:0000038', 'UniProt', '2019-12-14');
INSERT INTO protein_go_annotations (protein_id, go_id, evidence_code, reference, assigned_by, date) VALUES ('A5A692', 'GO:0016787', 'IEA', 'GO_REF:0000038', 'UniProt', '2019-12-14');
INSERT INTO protein_go_annotations (protein_id, go_id, evidence_code, reference, assigned_by, date) VALUES ('A5A692', 'GO:0016798', 'IEA', 'GO_REF:0000038', 'UniProt', '2019-12-14');
INSERT INTO protein_go_annotations (protein_id, go_id, evidence_code, reference, assigned_by, date) VALUES ('A5A693', 'GO:0003824', 'IEA', 'GO_REF:0000002', 'InterPro', '2019-12-14');
INSERT INTO protein_go_annotations (protein_id, go_id, evidence_code, reference, assigned_by, date) VALUES ('A5A694', 'GO:0006508', 'IEA', 'GO_REF:0000038', 'UniProt', '2019-12-14');
INSERT INTO protein_go_annotations (protein_id, go_id, evidence_code, reference, assigned_by, date) VALUES ('A5A694', 'GO:0008233', 'IEA', 'GO_REF:0000038', 'UniProt', '2019-12-14');
INSERT INTO protein_go_annotations (protein_id, go_id, evidence_code, reference, assigned_by, date) VALUES ('A5A694', 'GO:0016020', 'IEA', 'GO_REF:0000038', 'UniProt', '2019-12-14');
INSERT INTO protein_go_annotations (protein_id, go_id, evidence_code, reference, assigned_by, date) VALUES ('A5A694', 'GO:0016021', 'IEA', 'GO_REF:0000038', 'UniProt', '2019-12-14');
INSERT INTO protein_go_annotations (protein_id, go_id, evidence_code, reference, assigned_by, date) VALUES ('A5A695', 'GO:0003677', 'IEA', 'GO_REF:0000002', 'InterPro', '2019-12-14');
INSERT INTO protein_go_annotations (protein_id, go_id, evidence_code, reference, assigned_by, date) VALUES ('A5A695', 'GO:0003677', 'IEA', 'GO_REF:0000038', 'UniProt', '2019-12-14');
INSERT INTO protein_go_annotations (protein_id, go_id, evidence_code, reference, assigned_by, date) VALUES ('A5A695', 'GO:0003700', 'IEA', 'GO_REF:0000002', 'InterPro', '2019-12-14');
INSERT INTO protein_go_annotations (protein_id, go_id, evidence_code, reference, assigned_by, date) VALUES ('A5A695', 'GO:0006355', 'IEA', 'GO_REF:0000002', 'InterPro', '2019-12-14');
INSERT INTO protein_go_annotations (protein_id, go_id, evidence_code, reference, assigned_by, date) VALUES ('A5A695', 'GO:0043565', 'IEA', 'GO_REF:0000002', 'InterPro', '2019-12-14');
INSERT INTO protein_go_annotations (protein_id, go_id, evidence_code, reference, assigned_by, date) VALUES ('A5A696', 'GO:0016020', 'IEA', 'GO_REF:0000038', 'UniProt', '2019-12-14');
INSERT INTO protein_go_annotations (protein_id, go_id, evidence_code, reference, assigned_by, date) VALUES ('A5A696', 'GO:0016021', 'IEA', 'GO_REF:0000038', 'UniProt', '2019-12-14');
INSERT INTO protein_go_annotations (protein_id, go_id, evidence_code, reference, assigned_by, date) VALUES ('A5A696', 'GO:0055085', 'IEA', 'GO_REF:0000002', 'InterPro', '2019-12-14');
INSERT INTO protein_go_annotations (protein_id, go_id, evidence_code, reference, assigned_by, date) VALUES ('A5A697', 'GO:0005507', 'IEA', 'GO_REF:0000002', 'InterPro', '2019-12-14');
INSERT INTO protein_go_annotations (protein_id, go_id, evidence_code, reference, assigned_by, date) VALUES ('A5A697', 'GO:0006825', 'IEA', 'GO_REF:0000002', 'InterPro', '2019-12-14');
INSERT INTO protein_go_annotations (protein_id, go_id, evidence_code, reference, assigned_by, date) VALUES ('A5A697', 'GO:0016020', 'IEA', 'GO_REF:0000038', 'UniProt', '2019-12-14');
INSERT INTO protein_go_annotations (protein_id, go_id, evidence_code, reference, assigned_by, date) VALUES ('A5A697', 'GO:0016021', 'IEA', 'GO_REF:0000002', 'InterPro', '2019-12-14');
INSERT INTO protein_go_annotations (protein_id, go_id, evidence_code, reference, assigned_by, date) VALUES ('A5A697', 'GO:0016021', 'IEA', 'GO_REF:0000038', 'UniProt', '2019-12-14');
INSERT INTO protein_go_annotations (protein_id, go_id, evidence_code, reference, assigned_by, date) VALUES ('A5A697', 'GO:0042597', 'IEA', 'GO_REF:0000002', 'InterPro', '2019-12-14');
INSERT INTO protein_go_annotations (protein_id, go_id, evidence_code, reference, assigned_by, date) VALUES ('A5A697', 'GO:0046688', 'IEA', 'GO_REF:0000002', 'InterPro', '2019-12-14');
INSERT INTO protein_go_annotations (protein_id, go_id, evidence_code, reference, assigned_by, date) VALUES ('A5A698', 'GO:0003677', 'IEA', 'GO_REF:0000002', 'InterPro', '2019-12-14');
INSERT INTO protein_go_annotations (protein_id, go_id, evidence_code, reference, assigned_by, date) VALUES ('A5A698', 'GO:0003677', 'IEA', 'GO_REF:0000038', 'UniProt', '2019-12-14');
INSERT INTO protein_go_annotations (protein_id, go_id, evidence_code, reference, assigned_by, date) VALUES ('A5A698', 'GO:0003677', 'IEA', 'GO_REF:0000104', 'UniProt', '2019-12-14');
INSERT INTO protein_go_annotations (protein_id, go_id, evidence_code, reference, assigned_by, date) VALUES ('A5A699', 'GO:0004553', 'IEA', 'GO_REF:0000002', 'InterPro', '2019-12-14');
INSERT INTO protein_go_annotations (protein_id, go_id, evidence_code, reference, assigned_by, date) VALUES ('A5A699', 'GO:0005576', 'IEA', 'GO_REF:0000002', 'InterPro', '2019-12-14');
INSERT INTO protein_go_annotations (protein_id, go_id, evidence_code, reference, assigned_by, date) VALUES ('A5A699', 'GO:0005975', 'IEA', 'GO_REF:0000002', 'InterPro', '2019-12-14');
INSERT INTO protein_go_annotations (protein_id, go_id, evidence_code, reference, assigned_by, date) VALUES ('A5A699', 'GO:0008061', 'IEA', 'GO_REF:0000002', 'InterPro', '2019-12-14');
INSERT INTO protein_go_annotations (protein_id, go_id, evidence_code, reference, assigned_by, date) VALUES ('A5A699', 'GO:0008152', 'IEA', 'GO_REF:0000038', 'UniProt', '2019-12-14');
INSERT INTO protein_go_annotations (protein_id, go_id, evidence_code, reference, assigned_by, date) VALUES ('A5A699', 'GO:0016787', 'IEA', 'GO_REF:0000038', 'UniProt', '2019-12-14');
INSERT INTO protein_go_annotations (protein_id, go_id, evidence_code, reference, assigned_by, date) VALUES ('A5A699', 'GO:0016798', 'IEA', 'GO_REF:0000038', 'UniProt', '2019-12-14');
INSERT INTO protein_go_annotations (protein_id, go_id, evidence_code, reference, assigned_by, date) VALUES ('A5A699', 'GO:0030246', 'IEA', 'GO_REF:0000002', 'InterPro', '2019-12-14');
INSERT INTO protein_go_annotations (protein_id, go_id, evidence_code, reference, assigned_by, date) VALUES ('A5A6A1', 'GO:0000166', 'IEA', 'GO_REF:0000038', 'UniProt', '2019-12-14');
INSERT INTO protein_go_annotations (protein_id, go_id, evidence_code, reference, assigned_by, date) VALUES ('A5A6A1', 'GO:0005524', 'IEA', 'GO_REF:0000038', 'UniProt', '2019-12-14');
INSERT INTO protein_go_annotations (protein_id, go_id, evidence_code, reference, assigned_by, date) VALUES ('A5A6A1', 'GO:0016020', 'IEA', 'GO_REF:0000038', 'UniProt', '2019-12-14');
INSERT INTO protein_go_annotations (protein_id, go_id, evidence_code, reference, assigned_by, date) VALUES ('A5A6A1', 'GO:0016021', 'IEA', 'GO_REF:0000038', 'UniProt', '2019-12-14');
INSERT INTO protein_go_annotations (protein_id, go_id, evidence_code, reference, assigned_by, date) VALUES ('A5A6A1', 'GO:0016301', 'IEA', 'GO_REF:0000038', 'UniProt', '2019-12-14');
INSERT INTO protein_go_annotations (protein_id, go_id, evidence_code, reference, assigned_by, date) VALUES ('A5A6A1', 'GO:0016310', 'IEA', 'GO_REF:0000002', 'InterPro', '2019-12-14');
INSERT INTO protein_go_annotations (protein_id, go_id, evidence_code, reference, assigned_by, date) VALUES ('A5A6A1', 'GO:0016310', 'IEA', 'GO_REF:0000038', 'UniProt', '2019-12-14');
INSERT INTO protein_go_annotations (protein_id, go_id, evidence_code, reference, assigned_by, date) VALUES ('A5A6A1', 'GO:0016740', 'IEA', 'GO_REF:0000038', 'UniProt', '2019-12-14');
INSERT INTO protein_go_annotations (protein_id, go_id, evidence_code, reference, assigned_by, date) VALUES ('A5A6A1', 'GO:0016772', 'IEA', 'GO_REF:0000002', 'InterPro', '2019-12-14');
INSERT INTO protein_go_annotations (protein_id, go_id, evidence_code, reference, assigned_by, date) VALUES ('A5A6A3', 'GO:0000155', 'IEA', 'GO_REF:0000002', 'InterPro', '2019-12-14');
INSERT INTO protein_go_annotations (protein_id, go_id, evidence_code, reference, assigned_by, date) VALUES ('A5A6A3', 'GO:0000160', 'IEA', 'GO_REF:0000002', 'InterPro', '2019-12-14');
INSERT INTO protein_go_annotations (protein_id, go_id, evidence_code, reference, assigned_by, date) VALUES ('A5A6A3', 'GO:0000166', 'IEA', 'GO_REF:0000038', 'UniProt', '2019-12-14');
INSERT INTO protein_go_annotations (protein_id, go_id, evidence_code, reference, assigned_by, date) VALUES ('A5A6A3', 'GO:0004673', 'IEA', 'GO_REF:0000003', 'UniProt', '2019-12-14');
INSERT INTO protein_go_annotations (protein_id, go_id, evidence_code, reference, assigned_by, date) VALUES ('A5A6A3', 'GO:0005524', 'IEA', 'GO_REF:0000038', 'UniProt', '2019-12-14');
INSERT INTO protein_go_annotations (protein_id, go_id, evidence_code, reference, assigned_by, date) VALUES ('A5A6A3', 'GO:0016020', 'IEA', 'GO_REF:0000038', 'UniProt', '2019-12-14');
INSERT INTO protein_go_annotations (protein_id, go_id, evidence_code, reference, assigned_by, date) VALUES ('A5A6A3', 'GO:0016021', 'IEA', 'GO_REF:0000038', 'UniProt', '2019-12-14');
INSERT INTO protein_go_annotations (protein_id, go_id, evidence_code, reference, assigned_by, date) VALUES ('A5A6A3', 'GO:0016301', 'IEA', 'GO_REF:0000038', 'UniProt', '2019-12-14');
INSERT INTO protein_go_annotations (protein_id, go_id, evidence_code, reference, assigned_by, date) VALUES ('A5A6A3', 'GO:0016310', 'IEA', 'GO_REF:0000002', 'InterPro', '2019-12-14');
INSERT INTO protein_go_annotations (protein_id, go_id, evidence_code, reference, assigned_by, date) VALUES ('A5A6A3', 'GO:0016310', 'IEA', 'GO_REF:0000038', 'UniProt', '2019-12-14');
INSERT INTO protein_go_annotations (protein_id, go_id, evidence_code, reference, assigned_by, date) VALUES ('A5A6A3', 'GO:0016740', 'IEA', 'GO_REF:0000038', 'UniProt', '2019-12-14');
INSERT INTO protein_go_annotations (protein_id, go_id, evidence_code, reference, assigned_by, date) VALUES ('A5A6A3', 'GO:0016772', 'IEA', 'GO_REF:0000002', 'InterPro', '2019-12-14');
INSERT INTO protein_go_annotations (protein_id, go_id, evidence_code, reference, assigned_by, date) VALUES ('A5A6A3', 'GO:0018106', 'IEA', 'GO_REF:0000108', 'GOC', '2019-12-15');
INSERT INTO protein_go_annotations (protein_id, go_id, evidence_code, reference, assigned_by, date) VALUES ('A5A6A3', 'GO:0023014', 'IEA', 'GO_REF:0000108', 'GOC', '2019-12-15');
INSERT INTO protein_go_annotations (protein_id, go_id, evidence_code, reference, assigned_by, date) VALUES ('M1E1G8', 'GO:0000166', 'IEA', 'GO_REF:0000038', 'UniProt', '2019-12-14');
INSERT INTO protein_go_annotations (protein_id, go_id, evidence_code, reference, assigned_by, date) VALUES ('M1E1G8', 'GO:0000166', 'IEA', 'GO_REF:0000104', 'UniProt', '2019-12-14');
INSERT INTO protein_go_annotations (protein_id, go_id, evidence_code, reference, assigned_by, date) VALUES ('M1E1G8', 'GO:0004638', 'IEA', 'GO_REF:0000002', 'InterPro', '2019-12-14');
INSERT INTO protein_go_annotations (protein_id, go_id, evidence_code, reference, assigned_by, date) VALUES ('M1E1G8', 'GO:0005524', 'IEA', 'GO_REF:0000002', 'InterPro', '2019-12-14');
INSERT INTO protein_go_annotations (protein_id, go_id, evidence_code, reference, assigned_by, date) VALUES ('M1E1G8', 'GO:0005524', 'IEA', 'GO_REF:0000038', 'UniProt', '2019-12-14');
INSERT INTO protein_go_annotations (protein_id, go_id, evidence_code, reference, assigned_by, date) VALUES ('M1E1G8', 'GO:0005524', 'IEA', 'GO_REF:0000104', 'UniProt', '2019-12-14');
INSERT INTO protein_go_annotations (protein_id, go_id, evidence_code, reference, assigned_by, date) VALUES ('M1E1G8', 'GO:0006164', 'IEA', 'GO_REF:0000038', 'UniProt', '2019-12-14');
INSERT INTO protein_go_annotations (protein_id, go_id, evidence_code, reference, assigned_by, date) VALUES ('M1E1G8', 'GO:0006189', 'IEA', 'GO_REF:0000002', 'InterPro', '2019-12-14');
INSERT INTO protein_go_annotations (protein_id, go_id, evidence_code, reference, assigned_by, date) VALUES ('M1E1G8', 'GO:0006189', 'IEA', 'GO_REF:0000041', 'UniProt', '2019-12-14');
INSERT INTO protein_go_annotations (protein_id, go_id, evidence_code, reference, assigned_by, date) VALUES ('M1E1G8', 'GO:0006189', 'IEA', 'GO_REF:0000104', 'UniProt', '2019-12-14');
INSERT INTO protein_go_annotations (protein_id, go_id, evidence_code, reference, assigned_by, date) VALUES ('M1E1G8', 'GO:0016874', 'IEA', 'GO_REF:0000038', 'UniProt', '2019-12-14');
INSERT INTO protein_go_annotations (protein_id, go_id, evidence_code, reference, assigned_by, date) VALUES ('M1E1G8', 'GO:0034028', 'IEA', 'GO_REF:0000003', 'UniProt', '2019-12-14');
INSERT INTO protein_go_annotations (protein_id, go_id, evidence_code, reference, assigned_by, date) VALUES ('M1E1G8', 'GO:0034028', 'IEA', 'GO_REF:0000104', 'UniProt', '2019-12-14');
INSERT INTO protein_go_annotations (protein_id, go_id, evidence_code, reference, assigned_by, date) VALUES ('M1E1G8', 'GO:0046872', 'IEA', 'GO_REF:0000002', 'InterPro', '2019-12-14');
INSERT INTO protein_go_annotations (protein_id, go_id, evidence_code, reference, assigned_by, date) VALUES ('M1E1H1', 'GO:0003677', 'IEA', 'GO_REF:0000002', 'InterPro', '2019-12-14');
INSERT INTO protein_go_annotations (protein_id, go_id, evidence_code, reference, assigned_by, date) VALUES ('M1E1H2', 'GO:0004470', 'IEA', 'GO_REF:0000002', 'InterPro', '2019-12-14');
INSERT INTO protein_go_annotations (protein_id, go_id, evidence_code, reference, assigned_by, date) VALUES ('M1E1H2', 'GO:0004471', 'IEA', 'GO_REF:0000002', 'InterPro', '2019-12-14');
INSERT INTO protein_go_annotations (protein_id, go_id, evidence_code, reference, assigned_by, date) VALUES ('M1E1H2', 'GO:0046872', 'IEA', 'GO_REF:0000038', 'UniProt', '2019-12-14');
INSERT INTO protein_go_annotations (protein_id, go_id, evidence_code, reference, assigned_by, date) VALUES ('Q65H43', 'GO:0030420', 'IEA', 'GO_REF:0000002', 'InterPro', '2019-12-14');
INSERT INTO protein_go_annotations (protein_id, go_id, evidence_code, reference, assigned_by, date) VALUES ('Q65I00', 'GO:0030420', 'IEA', 'GO_REF:0000038', 'UniProt', '2019-12-14');
INSERT INTO protein_go_annotations (protein_id, go_id, evidence_code, reference, assigned_by, date) VALUES ('Q65I00', 'GO:0045808', 'IEA', 'GO_REF:0000104', 'UniProt', '2019-12-14');
INSERT INTO protein_go_annotations (protein_id, go_id, evidence_code, reference, assigned_by, date) VALUES ('Q65LB7', 'GO:0030420', 'IEA', 'GO_REF:0000038', 'UniProt', '2019-12-14');
INSERT INTO protein_go_annotations (protein_id, go_id, evidence_code, reference, assigned_by, date) VALUES ('Q65LB7', 'GO:0045808', 'IEA', 'GO_REF:0000104', 'UniProt', '2019-12-14');
INSERT INTO protein_go_annotations (protein_id, go_id, evidence_code, reference, assigned_by, date) VALUES ('Q65LN7', 'GO:0030420', 'IEA', 'GO_REF:0000002', 'InterPro', '2019-12-14');
INSERT INTO protein_go_annotations (protein_id, go_id, evidence_code, reference, assigned_by, date) VALUES ('Q8VQ71', 'GO:0030420', 'IEA', 'GO_REF:0000002', 'InterPro', '2019-12-14');
INSERT INTO protein_go_annotations (protein_id, go_id, evidence_code, reference, assigned_by, date) VALUES ('Q8VQ71', 'GO:0030420', 'IEA', 'GO_REF:0000037', 'UniProt', '2019-12-14');
